1,6,32.8,236.6,49.6,124.2,0.7,-1,-1,-1
1,5,387.5,224.2,25.6,62.4,0.7,-1,-1,-1
1,4,207.9,220.0,25.5,61.7,0.8,-1,-1,-1
1,3,231.2,218.6,26.6,64.0,0.8,-1,-1,-1
1,2,405.0,227.3,24.6,60.9,0.8,-1,-1,-1
1,1,51.1,231.8,56.2,132.1,0.8,-1,-1,-1
2,6,34.3,237.4,45.3,118.6,0.6,-1,-1,-1
2,5,388.5,225.5,26.1,64.5,0.8,-1,-1,-1
2,4,207.8,220.0,26.3,63.4,0.8,-1,-1,-1
2,3,231.2,219.1,26.7,63.9,0.8,-1,-1,-1
2,2,405.6,229.2,24.4,59.9,0.8,-1,-1,-1
2,1,50.1,233.0,56.1,132.9,0.8,-1,-1,-1
3,6,31.8,239.0,45.6,120.4,0.6,-1,-1,-1
3,5,388.6,225.6,25.8,64.1,0.7,-1,-1,-1
3,4,208.0,221.0,26.1,62.9,0.8,-1,-1,-1
3,3,230.8,220.1,26.7,63.3,0.8,-1,-1,-1
3,2,406.0,230.1,24.8,59.9,0.8,-1,-1,-1
3,1,51.0,233.7,55.5,132.4,0.8,-1,-1,-1
4,6,29.4,240.8,47.4,121.2,0.6,-1,-1,-1
4,5,388.6,226.5,26.2,64.6,0.7,-1,-1,-1
4,4,208.1,222.7,26.0,62.2,0.8,-1,-1,-1
4,3,230.7,221.3,26.5,62.9,0.8,-1,-1,-1
4,2,406.7,230.6,24.8,60.3,0.8,-1,-1,-1
4,1,51.0,235.0,55.7,131.5,0.8,-1,-1,-1
5,6,28.0,241.9,49.3,121.6,0.7,-1,-1,-1
5,5,388.8,227.2,26.6,65.2,0.7,-1,-1,-1
5,4,208.3,223.3,26.1,62.3,0.8,-1,-1,-1
5,3,230.6,222.3,26.3,62.6,0.8,-1,-1,-1
5,2,406.7,231.2,25.0,59.8,0.8,-1,-1,-1
5,1,50.3,236.7,55.6,130.1,0.8,-1,-1,-1
6,6,26.3,244.3,51.2,122.8,0.7,-1,-1,-1
6,5,389.7,228.8,26.3,64.3,0.7,-1,-1,-1
6,4,208.9,224.3,26.1,62.2,0.8,-1,-1,-1
6,3,230.8,223.2,26.3,62.7,0.8,-1,-1,-1
6,2,407.5,232.2,25.3,59.8,0.7,-1,-1,-1
6,1,50.5,237.5,56.2,130.4,0.8,-1,-1,-1
7,6,25.3,245.4,51.7,122.9,0.7,-1,-1,-1
7,5,391.4,228.1,26.7,65.8,0.7,-1,-1,-1
7,4,209.6,225.1,25.8,61.6,0.8,-1,-1,-1
7,3,231.1,223.4,26.5,63.0,0.8,-1,-1,-1
7,2,409.0,232.8,25.4,60.2,0.8,-1,-1,-1
7,1,51.1,238.0,55.9,129.4,0.8,-1,-1,-1
8,6,24.1,245.7,52.5,124.8,0.7,-1,-1,-1
8,5,392.7,227.4,27.2,67.2,0.8,-1,-1,-1
8,4,210.1,225.2,25.8,61.6,0.8,-1,-1,-1
8,3,231.4,223.5,26.7,63.1,0.8,-1,-1,-1
8,2,409.7,232.7,25.7,60.7,0.8,-1,-1,-1
8,1,51.3,238.7,56.0,130.3,0.8,-1,-1,-1
9,6,23.9,244.7,52.7,126.2,0.7,-1,-1,-1
9,5,393.9,227.9,27.3,67.8,0.8,-1,-1,-1
9,4,210.6,225.7,25.8,61.5,0.8,-1,-1,-1
9,3,231.3,223.7,26.9,63.5,0.8,-1,-1,-1
9,2,410.9,233.6,25.8,60.9,0.8,-1,-1,-1
9,1,51.1,239.1,55.7,131.0,0.8,-1,-1,-1
10,6,23.3,242.8,52.1,124.7,0.7,-1,-1,-1
10,5,394.6,227.8,27.5,68.5,0.8,-1,-1,-1
10,4,210.7,225.4,26.1,61.8,0.8,-1,-1,-1
10,3,231.2,223.7,27.1,63.8,0.8,-1,-1,-1
10,2,411.6,233.9,25.9,61.5,0.8,-1,-1,-1
10,1,50.1,238.9,56.1,132.2,0.8,-1,-1,-1
11,6,21.6,241.9,52.0,125.7,0.8,-1,-1,-1
11,5,394.9,227.7,27.7,69.3,0.8,-1,-1,-1
11,4,211.1,225.5,26.3,62.0,0.8,-1,-1,-1
11,3,231.0,223.7,27.1,64.0,0.8,-1,-1,-1
11,2,412.3,234.5,26.0,61.9,0.8,-1,-1,-1
11,1,48.5,238.1,57.1,134.7,0.8,-1,-1,-1
12,6,20.6,241.3,52.7,127.3,0.7,-1,-1,-1
12,5,395.3,227.8,27.8,69.8,0.8,-1,-1,-1
12,4,211.4,225.0,26.5,62.3,0.8,-1,-1,-1
12,3,230.9,223.4,27.2,64.1,0.8,-1,-1,-1
12,2,412.7,234.5,26.2,62.5,0.8,-1,-1,-1
12,1,47.5,237.2,58.1,136.6,0.8,-1,-1,-1
13,6,19.4,241.4,53.3,128.8,0.7,-1,-1,-1
13,5,395.6,227.5,28.3,70.2,0.8,-1,-1,-1
13,4,211.7,224.6,26.7,62.9,0.8,-1,-1,-1
13,3,230.6,223.1,27.3,64.1,0.8,-1,-1,-1
13,2,413.0,234.8,26.5,63.1,0.8,-1,-1,-1
13,1,46.9,236.4,58.8,137.6,0.8,-1,-1,-1
14,6,19.1,241.4,54.2,130.4,0.7,-1,-1,-1
14,5,397.2,226.8,28.5,71.1,0.7,-1,-1,-1
14,4,212.0,224.2,26.8,62.9,0.8,-1,-1,-1
14,3,230.6,222.6,27.5,64.4,0.8,-1,-1,-1
14,2,413.9,234.7,26.8,63.8,0.8,-1,-1,-1
14,1,47.0,236.4,59.1,138.9,0.8,-1,-1,-1
15,6,18.5,241.5,55.1,132.2,0.7,-1,-1,-1
15,5,398.3,226.7,28.8,71.8,0.8,-1,-1,-1
15,4,212.5,224.3,26.7,62.7,0.8,-1,-1,-1
15,3,230.9,222.3,27.6,64.4,0.8,-1,-1,-1
15,2,415.1,234.3,27.2,64.6,0.8,-1,-1,-1
15,1,47.3,236.3,59.4,139.6,0.8,-1,-1,-1
16,6,19.5,241.6,56.5,133.8,0.7,-1,-1,-1
16,5,400.0,226.9,28.8,71.7,0.8,-1,-1,-1
16,4,213.0,223.7,26.8,63.0,0.8,-1,-1,-1
16,3,231.5,221.8,27.6,64.6,0.8,-1,-1,-1
16,2,418.0,235.0,26.8,64.3,0.8,-1,-1,-1
16,1,47.3,235.7,59.6,140.1,0.8,-1,-1,-1
17,6,22.4,240.6,58.1,136.0,0.6,-1,-1,-1
17,5,401.1,227.1,28.8,71.7,0.8,-1,-1,-1
17,4,213.4,223.3,27.0,63.6,0.8,-1,-1,-1
17,3,231.9,221.5,27.8,65.1,0.8,-1,-1,-1
17,2,419.4,234.0,27.0,64.5,0.8,-1,-1,-1
17,1,46.8,236.1,59.5,140.7,0.8,-1,-1,-1
18,6,22.4,240.8,59.8,138.1,0.6,-1,-1,-1
18,5,402.5,227.2,28.8,71.4,0.8,-1,-1,-1
18,4,214.2,223.2,27.0,63.6,0.8,-1,-1,-1
18,3,232.4,221.4,27.7,65.2,0.8,-1,-1,-1
18,2,421.0,234.7,27.1,64.7,0.8,-1,-1,-1
18,1,46.2,236.7,59.8,141.4,0.8,-1,-1,-1
19,6,21.5,240.6,61.5,140.4,0.6,-1,-1,-1
19,5,403.3,227.4,28.6,70.9,0.8,-1,-1,-1
19,4,215.0,223.6,27.1,63.7,0.8,-1,-1,-1
19,3,232.4,221.4,27.7,65.2,0.8,-1,-1,-1
19,2,421.9,233.4,27.5,65.6,0.8,-1,-1,-1
19,1,45.6,236.9,60.6,143.1,0.8,-1,-1,-1
20,6,21.1,239.5,61.2,140.8,0.5,-1,-1,-1
20,5,404.4,227.6,28.7,70.9,0.8,-1,-1,-1
20,4,215.0,223.9,27.3,64.0,0.8,-1,-1,-1
20,3,232.3,221.5,27.8,65.4,0.8,-1,-1,-1
20,2,423.0,233.2,27.7,66.1,0.8,-1,-1,-1
20,1,45.2,236.7,61.1,144.2,0.8,-1,-1,-1
21,6,18.6,239.9,60.8,140.6,0.5,-1,-1,-1
21,5,405.8,227.5,28.6,70.8,0.8,-1,-1,-1
21,4,215.1,223.7,27.4,64.5,0.8,-1,-1,-1
21,3,232.1,221.4,27.7,65.1,0.8,-1,-1,-1
21,2,424.0,233.0,27.8,66.5,0.8,-1,-1,-1
21,1,44.5,236.9,61.4,144.8,0.8,-1,-1,-1
22,6,17.2,239.8,60.2,140.7,0.5,-1,-1,-1
22,5,406.8,227.3,28.8,71.1,0.8,-1,-1,-1
22,4,215.5,223.3,27.6,64.7,0.8,-1,-1,-1
22,3,232.2,221.1,27.7,65.0,0.8,-1,-1,-1
22,2,425.3,233.6,27.7,66.7,0.8,-1,-1,-1
22,1,43.1,236.8,62.4,147.4,0.9,-1,-1,-1
23,6,17.3,239.3,60.2,141.3,0.5,-1,-1,-1
23,5,408.2,227.0,29.1,71.9,0.8,-1,-1,-1
23,4,215.8,222.9,27.7,64.9,0.8,-1,-1,-1
23,3,232.3,220.9,27.8,65.0,0.8,-1,-1,-1
23,2,426.8,232.8,27.9,67.1,0.8,-1,-1,-1
23,1,42.2,236.0,63.3,149.4,0.9,-1,-1,-1
24,6,18.5,239.2,59.9,142.9,0.6,-1,-1,-1
24,5,409.6,226.7,29.2,72.6,0.8,-1,-1,-1
24,4,216.7,222.0,27.8,65.1,0.8,-1,-1,-1
24,3,232.7,220.1,28.0,65.5,0.8,-1,-1,-1
24,2,428.3,232.6,28.1,67.8,0.8,-1,-1,-1
24,1,41.9,234.7,63.5,150.6,0.9,-1,-1,-1
25,5,411.6,226.8,29.4,72.8,0.8,-1,-1,-1
25,4,217.6,221.2,27.8,65.1,0.8,-1,-1,-1
25,3,233.7,219.4,28.0,65.8,0.8,-1,-1,-1
25,2,429.5,232.3,28.7,68.9,0.8,-1,-1,-1
25,1,41.2,234.0,64.5,152.1,0.8,-1,-1,-1
26,5,413.5,226.1,29.7,73.7,0.8,-1,-1,-1
26,4,218.6,220.6,27.6,64.8,0.8,-1,-1,-1
26,3,234.3,218.8,28.0,66.1,0.8,-1,-1,-1
26,2,430.6,231.6,29.1,69.8,0.8,-1,-1,-1
26,1,39.8,233.6,65.4,153.2,0.8,-1,-1,-1
27,5,415.2,226.1,30.1,74.2,0.8,-1,-1,-1
27,4,219.2,220.1,27.4,64.5,0.8,-1,-1,-1
27,3,234.9,218.1,28.1,66.4,0.8,-1,-1,-1
27,2,432.0,232.1,29.5,70.5,0.8,-1,-1,-1
27,1,38.1,233.4,66.2,154.6,0.8,-1,-1,-1
28,5,417.6,226.3,30.5,74.9,0.8,-1,-1,-1
28,4,219.7,219.9,27.1,63.9,0.8,-1,-1,-1
28,3,235.1,218.0,28.0,66.4,0.8,-1,-1,-1
28,2,433.5,231.5,29.9,71.5,0.8,-1,-1,-1
28,1,36.0,234.2,66.7,155.3,0.8,-1,-1,-1
29,5,418.7,226.6,30.8,75.7,0.8,-1,-1,-1
29,4,219.9,220.0,27.1,63.8,0.8,-1,-1,-1
29,3,235.1,217.9,28.0,66.7,0.8,-1,-1,-1
29,2,434.5,231.1,30.2,72.6,0.8,-1,-1,-1
29,1,34.0,234.5,67.4,157.3,0.8,-1,-1,-1
30,6,19.3,195.7,65.0,152.2,0.3,-1,-1,-1
30,5,419.6,227.0,30.6,75.4,0.8,-1,-1,-1
30,4,219.9,220.2,27.0,63.7,0.8,-1,-1,-1
30,3,234.9,217.7,28.0,66.9,0.8,-1,-1,-1
30,2,435.4,230.8,30.7,73.4,0.8,-1,-1,-1
30,1,31.1,234.5,68.2,159.6,0.8,-1,-1,-1
31,6,11.2,223.0,64.9,150.5,0.6,-1,-1,-1
31,5,420.8,227.8,30.9,75.9,0.7,-1,-1,-1
31,4,220.1,220.7,27.1,64.0,0.8,-1,-1,-1
31,3,235.0,218.2,28.0,67.0,0.8,-1,-1,-1
31,2,437.3,231.6,30.7,73.7,0.8,-1,-1,-1
31,1,28.9,233.5,68.9,161.7,0.8,-1,-1,-1
32,6,6.0,232.0,64.2,151.0,0.7,-1,-1,-1
32,5,422.5,228.2,31.3,76.5,0.8,-1,-1,-1
32,4,220.5,220.8,27.1,64.2,0.8,-1,-1,-1
32,3,235.1,218.1,28.2,67.3,0.8,-1,-1,-1
32,2,438.9,231.9,31.3,75.0,0.8,-1,-1,-1
32,1,28.7,232.6,69.4,163.1,0.8,-1,-1,-1
33,6,2.6,236.2,64.0,152.6,0.6,-1,-1,-1
33,5,424.1,228.0,32.0,78.1,0.8,-1,-1,-1
33,4,220.9,221.0,27.1,64.3,0.8,-1,-1,-1
33,3,235.3,218.3,28.4,67.3,0.8,-1,-1,-1
33,2,441.1,232.3,31.7,75.7,0.8,-1,-1,-1
33,1,28.5,232.5,69.6,163.6,0.8,-1,-1,-1
34,6,0.9,237.9,64.5,154.5,0.6,-1,-1,-1
34,5,426.0,228.3,32.2,78.9,0.8,-1,-1,-1
34,4,221.2,221.3,27.1,64.2,0.8,-1,-1,-1
34,3,235.5,218.5,28.5,67.2,0.8,-1,-1,-1
34,2,442.5,233.0,31.9,76.1,0.8,-1,-1,-1
34,1,27.8,232.0,70.2,164.3,0.8,-1,-1,-1
35,6,0.3,238.6,64.1,155.1,0.6,-1,-1,-1
35,5,427.7,228.4,32.6,80.3,0.8,-1,-1,-1
35,4,221.0,221.8,27.3,64.4,0.8,-1,-1,-1
35,3,235.5,219.2,28.5,67.2,0.8,-1,-1,-1
35,2,444.1,233.3,32.2,77.0,0.8,-1,-1,-1
35,1,26.8,232.6,70.3,164.5,0.8,-1,-1,-1
36,5,429.0,228.9,33.2,81.5,0.8,-1,-1,-1
36,4,220.7,222.1,27.4,64.6,0.8,-1,-1,-1
36,3,235.3,219.7,28.5,67.2,0.8,-1,-1,-1
36,2,445.8,234.0,32.4,77.4,0.8,-1,-1,-1
36,1,25.2,234.0,70.6,164.7,0.8,-1,-1,-1
37,5,430.0,229.6,33.7,82.3,0.8,-1,-1,-1
37,4,220.0,222.1,27.7,65.3,0.8,-1,-1,-1
37,3,234.9,219.9,28.5,67.2,0.8,-1,-1,-1
37,2,447.3,234.3,32.7,78.1,0.8,-1,-1,-1
37,1,23.4,236.4,70.6,164.5,0.8,-1,-1,-1
38,5,430.3,229.6,33.9,82.8,0.8,-1,-1,-1
38,4,219.6,221.8,28.0,65.8,0.8,-1,-1,-1
38,3,234.6,220.0,28.5,67.2,0.8,-1,-1,-1
38,2,448.3,234.1,33.0,79.0,0.8,-1,-1,-1
38,1,22.4,237.9,70.6,164.4,0.8,-1,-1,-1
39,5,431.0,229.4,34.3,83.8,0.8,-1,-1,-1
39,4,218.9,221.6,28.2,66.5,0.8,-1,-1,-1
39,3,233.9,219.6,28.6,67.6,0.8,-1,-1,-1
39,2,449.9,234.0,33.4,79.6,0.8,-1,-1,-1
39,1,21.1,238.7,71.0,164.7,0.8,-1,-1,-1
40,5,431.7,229.5,34.5,84.4,0.8,-1,-1,-1
40,4,218.0,221.4,28.5,66.8,0.8,-1,-1,-1
40,3,233.6,218.8,28.7,68.0,0.8,-1,-1,-1
40,2,452.1,234.1,33.5,79.8,0.8,-1,-1,-1
40,1,19.1,238.6,72.2,166.4,0.8,-1,-1,-1
41,5,432.3,229.3,34.9,85.5,0.8,-1,-1,-1
41,4,217.5,221.2,28.4,66.6,0.8,-1,-1,-1
41,3,233.0,217.9,29.0,68.6,0.8,-1,-1,-1
41,2,453.6,234.2,33.5,80.1,0.8,-1,-1,-1
41,1,17.6,237.8,73.1,168.7,0.8,-1,-1,-1
42,5,434.3,229.5,35.2,86.3,0.8,-1,-1,-1
42,4,217.1,220.9,28.5,66.7,0.8,-1,-1,-1
42,3,232.7,217.6,29.3,69.1,0.8,-1,-1,-1
42,2,455.0,234.5,33.4,80.1,0.8,-1,-1,-1
42,1,16.9,236.7,73.9,170.9,0.8,-1,-1,-1
43,6,-2.7,244.4,52.3,163.9,0.3,-1,-1,-1
43,5,435.7,229.5,35.6,87.4,0.8,-1,-1,-1
43,4,216.7,221.1,28.3,66.4,0.8,-1,-1,-1
43,3,232.5,217.6,29.4,69.4,0.8,-1,-1,-1
43,2,456.3,234.7,33.7,80.8,0.8,-1,-1,-1
43,1,14.5,236.4,74.5,173.6,0.8,-1,-1,-1
44,6,-2.2,242.1,50.0,167.7,0.3,-1,-1,-1
44,5,435.9,230.3,35.8,87.9,0.8,-1,-1,-1
44,4,215.5,221.3,28.0,66.2,0.8,-1,-1,-1
44,3,232.0,217.7,29.4,69.5,0.8,-1,-1,-1
44,2,457.5,235.3,33.9,81.4,0.8,-1,-1,-1
44,1,11.3,236.2,75.3,177.1,0.8,-1,-1,-1
45,6,-3.1,237.8,45.8,171.6,0.3,-1,-1,-1
45,5,436.1,230.9,36.2,88.9,0.8,-1,-1,-1
45,4,214.8,221.4,27.9,66.0,0.8,-1,-1,-1
45,3,230.8,217.6,29.7,70.1,0.8,-1,-1,-1
45,2,458.4,235.9,34.2,82.4,0.8,-1,-1,-1
45,1,9.2,235.0,75.8,180.2,0.8,-1,-1,-1
46,5,435.8,231.1,36.7,89.9,0.8,-1,-1,-1
46,4,213.9,221.9,28.0,66.2,0.8,-1,-1,-1
46,3,229.7,217.4,30.0,70.7,0.8,-1,-1,-1
46,2,459.0,236.2,34.6,83.4,0.8,-1,-1,-1
46,1,6.9,234.2,76.0,182.7,0.8,-1,-1,-1
47,5,435.3,231.1,37.1,90.9,0.8,-1,-1,-1
47,4,212.9,221.9,28.1,66.4,0.8,-1,-1,-1
47,3,228.9,217.6,30.2,71.0,0.8,-1,-1,-1
47,2,459.7,236.3,34.9,84.1,0.8,-1,-1,-1
47,1,4.1,234.4,76.5,185.3,0.8,-1,-1,-1
48,5,435.1,230.9,37.5,91.9,0.8,-1,-1,-1
48,4,212.0,221.6,28.2,66.7,0.8,-1,-1,-1
48,3,228.3,217.8,30.2,71.0,0.8,-1,-1,-1
48,2,460.5,236.3,35.3,85.2,0.8,-1,-1,-1
48,1,2.1,234.7,76.5,187.1,0.8,-1,-1,-1
49,5,435.3,230.7,38.0,93.2,0.8,-1,-1,-1
49,4,210.9,221.4,28.3,67.1,0.8,-1,-1,-1
49,3,227.9,218.2,30.1,70.9,0.8,-1,-1,-1
49,2,461.3,236.3,35.8,86.5,0.8,-1,-1,-1
49,1,0.7,235.5,76.3,189.2,0.8,-1,-1,-1
50,5,435.9,230.4,38.5,94.6,0.8,-1,-1,-1
50,4,210.1,221.3,28.6,67.6,0.8,-1,-1,-1
50,3,227.6,218.3,30.1,71.2,0.8,-1,-1,-1
50,2,462.2,236.3,36.2,87.5,0.8,-1,-1,-1
50,1,-0.3,236.2,76.0,190.7,0.8,-1,-1,-1
51,5,436.7,230.4,38.8,95.6,0.8,-1,-1,-1
51,4,209.2,220.9,28.8,68.0,0.8,-1,-1,-1
51,3,227.1,218.0,30.3,71.7,0.8,-1,-1,-1
51,2,463.4,237.0,36.7,88.5,0.8,-1,-1,-1
51,1,-1.3,236.6,74.7,192.9,0.8,-1,-1,-1
52,5,438.1,230.0,39.2,96.4,0.8,-1,-1,-1
52,4,208.6,220.4,29.0,68.3,0.8,-1,-1,-1
52,3,226.7,217.1,30.6,72.5,0.8,-1,-1,-1
52,2,464.4,236.8,37.1,89.4,0.8,-1,-1,-1
52,1,-2.3,236.2,72.6,194.5,0.8,-1,-1,-1
53,5,439.6,229.8,39.8,97.5,0.8,-1,-1,-1
53,4,207.6,219.7,29.1,68.7,0.8,-1,-1,-1
53,3,226.0,216.3,30.9,73.4,0.8,-1,-1,-1
53,2,465.3,236.4,37.7,90.6,0.8,-1,-1,-1
53,1,-2.9,235.2,69.9,196.8,0.8,-1,-1,-1
54,5,440.2,230.1,40.0,98.3,0.8,-1,-1,-1
54,4,206.0,219.3,29.4,69.5,0.8,-1,-1,-1
54,3,225.4,215.9,31.2,74.3,0.8,-1,-1,-1
54,2,466.2,236.9,38.2,91.5,0.8,-1,-1,-1
54,1,-2.6,236.3,68.0,203.7,0.8,-1,-1,-1
55,5,440.9,230.2,40.2,99.1,0.8,-1,-1,-1
55,4,205.1,219.4,29.4,69.5,0.8,-1,-1,-1
55,3,225.1,215.6,31.4,74.8,0.8,-1,-1,-1
55,2,467.6,237.1,38.6,92.4,0.8,-1,-1,-1
55,1,-2.7,235.2,65.5,209.8,0.8,-1,-1,-1
56,5,442.0,230.0,40.8,100.7,0.8,-1,-1,-1
56,4,203.9,219.6,29.5,69.7,0.8,-1,-1,-1
56,3,224.8,215.4,31.6,75.3,0.8,-1,-1,-1
56,2,469.2,237.4,38.9,93.7,0.8,-1,-1,-1
56,1,-2.7,230.1,63.1,208.9,0.8,-1,-1,-1
57,8,427.0,219.7,19.2,47.1,0.4,-1,-1,-1
57,5,443.6,229.4,41.4,102.0,0.8,-1,-1,-1
57,4,203.0,219.8,29.6,69.9,0.8,-1,-1,-1
57,3,224.3,215.2,31.7,75.5,0.8,-1,-1,-1
57,2,470.4,237.7,39.5,95.3,0.8,-1,-1,-1
57,1,-2.5,229.7,60.8,208.4,0.8,-1,-1,-1
58,8,426.7,219.7,19.8,48.4,0.5,-1,-1,-1
58,5,445.2,231.2,41.6,102.0,0.8,-1,-1,-1
58,4,202.3,220.2,29.7,70.1,0.8,-1,-1,-1
58,3,224.0,215.4,31.8,75.8,0.8,-1,-1,-1
58,2,471.8,238.4,40.0,96.5,0.8,-1,-1,-1
58,1,-2.5,230.9,58.1,208.3,0.8,-1,-1,-1
59,8,426.5,219.4,20.3,49.4,0.5,-1,-1,-1
59,5,447.2,232.4,42.0,102.8,0.8,-1,-1,-1
59,4,201.0,220.8,29.9,70.4,0.8,-1,-1,-1
59,3,223.9,215.7,32.0,76.1,0.8,-1,-1,-1
59,2,473.6,239.2,40.6,97.9,0.8,-1,-1,-1
59,1,-2.7,231.8,55.0,207.9,0.8,-1,-1,-1
60,8,426.7,219.3,20.3,49.4,0.5,-1,-1,-1
60,5,448.7,233.1,42.2,103.7,0.8,-1,-1,-1
60,4,200.0,221.5,30.3,70.9,0.8,-1,-1,-1
60,3,223.8,216.1,32.3,76.4,0.8,-1,-1,-1
60,2,475.6,239.6,41.1,99.4,0.8,-1,-1,-1
60,1,-2.8,235.2,51.8,205.7,0.8,-1,-1,-1
61,8,426.8,219.6,20.2,49.3,0.6,-1,-1,-1
61,5,450.7,233.5,42.3,105.0,0.8,-1,-1,-1
61,4,199.0,221.9,30.4,70.9,0.8,-1,-1,-1
61,3,223.6,216.6,32.4,76.5,0.8,-1,-1,-1
61,2,477.2,240.0,41.5,100.7,0.8,-1,-1,-1
61,1,-2.7,237.4,48.6,203.0,0.8,-1,-1,-1
62,8,426.7,219.8,20.2,49.5,0.6,-1,-1,-1
62,5,452.7,233.3,42.9,106.2,0.8,-1,-1,-1
62,4,198.1,221.8,30.5,71.1,0.8,-1,-1,-1
62,3,223.3,217.1,32.5,76.4,0.9,-1,-1,-1
62,2,479.3,240.2,41.9,101.9,0.8,-1,-1,-1
62,1,-2.3,239.0,45.9,200.3,0.8,-1,-1,-1
63,8,426.2,220.2,20.7,50.4,0.5,-1,-1,-1
63,5,453.9,232.9,43.2,107.2,0.8,-1,-1,-1
63,4,196.8,221.6,30.7,71.6,0.8,-1,-1,-1
63,3,222.9,217.2,32.7,76.7,0.9,-1,-1,-1
63,2,480.7,240.6,42.4,103.2,0.8,-1,-1,-1
63,1,-2.6,240.4,42.3,196.9,0.7,-1,-1,-1
64,9,539.1,211.4,25.3,58.6,0.4,-1,-1,-1
64,8,425.9,220.3,20.9,51.1,0.6,-1,-1,-1
64,5,455.7,233.3,43.6,108.1,0.8,-1,-1,-1
64,4,195.6,221.8,30.6,71.9,0.8,-1,-1,-1
64,3,222.3,217.4,32.8,77.0,0.8,-1,-1,-1
64,2,482.7,240.8,42.7,104.0,0.8,-1,-1,-1
64,1,-3.0,244.3,38.0,192.9,0.7,-1,-1,-1
65,9,539.1,211.7,25.4,58.5,0.4,-1,-1,-1
65,8,425.5,220.5,21.2,51.7,0.6,-1,-1,-1
65,5,457.3,233.4,44.0,108.8,0.8,-1,-1,-1
65,4,195.0,221.8,30.8,72.4,0.8,-1,-1,-1
65,3,222.2,217.3,33.0,77.6,0.8,-1,-1,-1
65,2,484.1,240.2,43.2,105.5,0.8,-1,-1,-1
65,1,-2.8,248.8,34.2,191.1,0.6,-1,-1,-1
66,9,540.8,213.8,25.4,58.0,0.4,-1,-1,-1
66,8,425.4,220.8,21.3,51.9,0.7,-1,-1,-1
66,5,460.3,234.1,44.9,110.8,0.8,-1,-1,-1
66,4,194.1,222.0,30.7,72.6,0.8,-1,-1,-1
66,3,222.3,217.2,33.0,78.0,0.8,-1,-1,-1
66,2,486.6,241.9,44.0,107.5,0.8,-1,-1,-1
66,1,-2.5,252.7,30.7,192.1,0.5,-1,-1,-1
67,8,425.2,221.3,21.4,52.1,0.7,-1,-1,-1
67,5,461.7,234.9,45.8,113.1,0.8,-1,-1,-1
67,4,193.7,222.0,30.9,73.2,0.8,-1,-1,-1
67,3,222.5,217.2,33.0,78.0,0.8,-1,-1,-1
67,2,488.2,242.9,44.5,109.1,0.9,-1,-1,-1
67,1,-2.1,251.8,27.6,194.2,0.5,-1,-1,-1
68,10,269.2,217.4,17.0,39.8,0.6,-1,-1,-1
68,8,425.2,221.5,21.4,52.1,0.7,-1,-1,-1
68,5,463.8,235.4,47.0,115.6,0.8,-1,-1,-1
68,4,193.2,222.0,31.1,73.9,0.8,-1,-1,-1
68,3,222.5,217.0,33.0,78.5,0.8,-1,-1,-1
68,2,490.2,243.3,45.4,111.0,0.8,-1,-1,-1
69,10,268.7,216.7,17.2,40.1,0.7,-1,-1,-1
69,8,425.3,221.4,21.2,51.8,0.7,-1,-1,-1
69,5,466.1,236.5,47.9,118.4,0.8,-1,-1,-1
69,4,192.2,222.2,31.4,74.7,0.8,-1,-1,-1
69,3,222.2,217.2,33.3,79.3,0.8,-1,-1,-1
69,2,493.2,244.0,46.5,113.3,0.8,-1,-1,-1
70,10,268.5,217.2,16.9,39.3,0.7,-1,-1,-1
70,8,425.3,221.7,21.1,51.6,0.7,-1,-1,-1
70,5,468.2,237.2,48.6,120.5,0.8,-1,-1,-1
70,4,191.2,222.2,31.7,75.3,0.8,-1,-1,-1
70,3,221.8,217.0,33.6,79.9,0.8,-1,-1,-1
70,2,495.6,244.6,47.4,115.0,0.8,-1,-1,-1
71,10,267.8,217.2,16.8,39.4,0.7,-1,-1,-1
71,8,425.1,222.0,21.2,52.1,0.7,-1,-1,-1
71,5,470.4,237.6,49.4,122.6,0.8,-1,-1,-1
71,4,190.4,222.9,31.8,75.6,0.8,-1,-1,-1
71,3,221.5,217.2,33.8,80.2,0.8,-1,-1,-1
71,2,498.7,245.4,47.9,116.2,0.9,-1,-1,-1
72,13,400.9,223.2,14.3,34.6,0.3,-1,-1,-1
72,12,388.0,223.2,14.6,35.0,0.4,-1,-1,-1
72,11,412.6,224.3,13.9,32.1,0.3,-1,-1,-1
72,10,267.0,217.5,16.8,39.5,0.7,-1,-1,-1
72,8,424.9,222.1,21.3,52.4,0.6,-1,-1,-1
72,5,472.5,238.4,50.3,124.5,0.9,-1,-1,-1
72,4,189.6,223.1,32.0,76.0,0.8,-1,-1,-1
72,3,221.4,217.6,33.8,80.2,0.8,-1,-1,-1
72,2,501.7,246.2,48.6,117.4,0.9,-1,-1,-1
73,11,411.9,224.3,14.6,33.6,0.3,-1,-1,-1
73,10,266.7,217.6,17.0,40.1,0.7,-1,-1,-1
73,8,424.7,222.3,21.6,53.2,0.5,-1,-1,-1
73,5,474.5,239.5,51.6,127.4,0.8,-1,-1,-1
73,4,188.9,223.3,32.2,76.3,0.8,-1,-1,-1
73,3,221.3,218.0,33.9,80.3,0.8,-1,-1,-1
73,2,504.7,246.9,49.7,119.9,0.8,-1,-1,-1
74,10,266.8,217.5,16.9,40.0,0.7,-1,-1,-1
74,8,424.2,222.6,21.9,54.2,0.5,-1,-1,-1
74,5,476.2,239.6,52.9,129.9,0.8,-1,-1,-1
74,4,188.6,223.3,32.3,76.5,0.8,-1,-1,-1
74,3,221.2,218.3,34.1,80.6,0.8,-1,-1,-1
74,2,506.8,247.3,50.6,122.1,0.8,-1,-1,-1
75,10,266.9,217.4,17.0,40.3,0.7,-1,-1,-1
75,8,424.1,222.3,22.1,55.0,0.3,-1,-1,-1
75,5,478.1,239.3,53.9,132.2,0.8,-1,-1,-1
75,4,188.3,223.2,32.4,76.7,0.8,-1,-1,-1
75,3,221.4,219.1,34.1,80.6,0.8,-1,-1,-1
75,2,509.4,247.2,51.4,124.0,0.8,-1,-1,-1
76,10,266.9,217.5,16.9,40.4,0.7,-1,-1,-1
76,8,423.9,222.7,22.3,55.4,0.4,-1,-1,-1
76,5,480.4,239.2,55.0,134.8,0.9,-1,-1,-1
76,4,188.0,223.1,32.6,77.1,0.8,-1,-1,-1
76,3,222.1,220.2,34.3,80.6,0.8,-1,-1,-1
76,2,513.6,247.5,52.4,126.3,0.9,-1,-1,-1
77,10,267.1,217.7,16.8,40.5,0.7,-1,-1,-1
77,8,423.7,223.0,22.4,55.8,0.6,-1,-1,-1
77,5,483.1,239.7,56.1,137.3,0.9,-1,-1,-1
77,4,187.5,223.1,32.7,77.5,0.8,-1,-1,-1
77,3,222.3,220.8,34.3,80.5,0.8,-1,-1,-1
77,2,517.6,248.1,53.7,128.5,0.8,-1,-1,-1
78,10,266.4,218.1,16.8,40.5,0.6,-1,-1,-1
78,8,423.2,223.3,22.6,56.4,0.6,-1,-1,-1
78,5,485.7,239.9,57.0,139.2,0.8,-1,-1,-1
78,4,186.8,223.2,32.8,77.7,0.8,-1,-1,-1
78,3,222.5,221.2,34.4,80.9,0.8,-1,-1,-1
78,2,520.9,249.1,54.6,130.4,0.8,-1,-1,-1
79,14,455.0,227.6,21.4,51.8,0.7,-1,-1,-1
79,10,266.5,218.4,16.9,40.7,0.6,-1,-1,-1
79,8,423.2,223.3,22.9,56.8,0.7,-1,-1,-1
79,5,488.3,239.8,57.8,141.3,0.8,-1,-1,-1
79,4,186.1,223.5,32.9,78.2,0.8,-1,-1,-1
79,3,222.9,221.3,34.6,81.3,0.8,-1,-1,-1
79,2,524.8,249.8,54.9,131.5,0.8,-1,-1,-1
80,14,455.0,227.2,21.7,52.3,0.6,-1,-1,-1
80,10,265.8,218.5,17.0,41.2,0.6,-1,-1,-1
80,8,423.4,223.2,23.1,57.2,0.7,-1,-1,-1
80,5,491.7,240.0,58.9,143.5,0.8,-1,-1,-1
80,4,185.2,223.6,33.0,78.7,0.8,-1,-1,-1
80,3,223.5,221.1,34.8,81.7,0.8,-1,-1,-1
80,2,528.8,249.8,55.8,133.9,0.9,-1,-1,-1
81,14,455.7,227.5,21.6,52.5,0.6,-1,-1,-1
81,10,265.7,218.7,17.2,41.8,0.7,-1,-1,-1
81,8,423.6,223.2,23.1,57.2,0.7,-1,-1,-1
81,5,495.5,241.4,59.8,146.1,0.8,-1,-1,-1
81,4,184.5,224.1,33.1,79.2,0.8,-1,-1,-1
81,3,224.5,221.1,34.8,82.1,0.8,-1,-1,-1
81,2,533.7,250.1,57.1,137.1,0.8,-1,-1,-1
82,14,456.7,226.7,21.2,51.6,0.4,-1,-1,-1
82,10,265.7,218.5,17.4,42.2,0.6,-1,-1,-1
82,8,423.9,223.2,23.1,57.1,0.7,-1,-1,-1
82,5,499.2,242.0,61.2,148.7,0.8,-1,-1,-1
82,4,184.2,224.9,33.2,79.4,0.8,-1,-1,-1
82,3,224.9,221.0,34.9,82.6,0.8,-1,-1,-1
82,2,538.6,251.5,58.3,139.5,0.8,-1,-1,-1
83,15,386.8,224.4,14.8,34.6,0.3,-1,-1,-1
83,14,457.1,227.4,21.0,51.1,0.7,-1,-1,-1
83,10,266.0,218.5,17.5,42.6,0.6,-1,-1,-1
83,8,424.0,223.4,23.2,57.2,0.7,-1,-1,-1
83,5,502.9,243.0,61.8,150.9,0.8,-1,-1,-1
83,4,183.9,225.1,33.2,79.6,0.8,-1,-1,-1
83,3,225.2,221.0,35.0,82.7,0.8,-1,-1,-1
83,2,543.2,251.6,59.3,142.6,0.8,-1,-1,-1
84,14,457.8,227.8,20.8,50.8,0.7,-1,-1,-1
84,10,266.0,218.2,17.6,42.7,0.7,-1,-1,-1
84,8,424.1,223.5,23.3,57.3,0.7,-1,-1,-1
84,5,508.0,243.4,62.9,153.8,0.8,-1,-1,-1
84,4,183.4,225.1,33.4,79.8,0.8,-1,-1,-1
84,3,225.3,221.1,35.3,83.4,0.8,-1,-1,-1
84,2,548.9,251.1,61.4,148.1,0.8,-1,-1,-1
85,14,458.5,228.4,20.6,50.4,0.7,-1,-1,-1
85,10,266.2,218.6,17.6,42.7,0.7,-1,-1,-1
85,8,424.1,223.4,23.3,57.2,0.7,-1,-1,-1
85,5,512.5,244.6,63.9,156.8,0.8,-1,-1,-1
85,4,182.9,225.0,33.4,79.9,0.8,-1,-1,-1
85,3,224.9,221.2,35.5,84.0,0.8,-1,-1,-1
85,2,553.3,251.9,63.2,152.4,0.8,-1,-1,-1
86,14,458.8,229.3,20.9,50.9,0.7,-1,-1,-1
86,10,265.9,219.1,17.8,42.9,0.7,-1,-1,-1
86,8,424.3,223.7,23.3,57.0,0.7,-1,-1,-1
86,5,516.7,246.2,65.2,160.1,0.8,-1,-1,-1
86,4,182.4,225.0,33.5,80.0,0.8,-1,-1,-1
86,3,224.6,221.6,35.6,84.5,0.8,-1,-1,-1
86,2,558.3,254.4,64.5,155.0,0.8,-1,-1,-1
87,14,459.1,229.8,21.1,50.9,0.7,-1,-1,-1
87,10,266.0,219.6,17.8,42.8,0.6,-1,-1,-1
87,8,424.8,223.9,23.2,56.5,0.6,-1,-1,-1
87,5,521.3,246.9,66.4,163.6,0.8,-1,-1,-1
87,4,181.8,225.3,33.7,80.4,0.9,-1,-1,-1
87,3,224.2,222.0,35.9,85.2,0.8,-1,-1,-1
87,2,563.2,254.9,65.7,158.1,0.8,-1,-1,-1
88,14,459.7,229.9,21.0,50.9,0.7,-1,-1,-1
88,10,266.5,220.1,17.6,42.5,0.6,-1,-1,-1
88,8,425.0,224.9,23.4,57.1,0.7,-1,-1,-1
88,5,527.6,248.5,67.6,166.8,0.8,-1,-1,-1
88,4,180.9,225.4,34.0,81.0,0.9,-1,-1,-1
88,3,223.9,222.6,36.0,85.4,0.8,-1,-1,-1
88,2,569.9,255.4,66.1,161.5,0.8,-1,-1,-1
89,14,460.2,229.7,21.0,50.6,0.7,-1,-1,-1
89,10,266.9,220.1,17.4,42.3,0.6,-1,-1,-1
89,8,425.3,225.1,23.6,57.7,0.6,-1,-1,-1
89,5,534.0,248.6,68.8,170.9,0.8,-1,-1,-1
89,4,180.1,225.1,34.3,81.6,0.9,-1,-1,-1
89,3,223.5,222.3,36.2,85.8,0.8,-1,-1,-1
89,2,574.4,255.7,65.7,163.7,0.8,-1,-1,-1
90,14,460.9,230.3,20.9,50.2,0.7,-1,-1,-1
90,10,267.1,220.0,17.4,42.3,0.5,-1,-1,-1
90,8,425.7,225.1,23.8,58.2,0.7,-1,-1,-1
90,5,538.2,247.6,70.5,175.3,0.8,-1,-1,-1
90,4,179.6,224.8,34.6,82.3,0.9,-1,-1,-1
90,3,223.3,221.7,36.4,86.4,0.8,-1,-1,-1
90,2,579.3,256.6,63.9,164.9,0.8,-1,-1,-1
91,14,461.5,229.6,20.6,49.6,0.5,-1,-1,-1
91,10,268.1,219.9,17.3,42.1,0.5,-1,-1,-1
91,8,426.4,224.9,24.0,58.5,0.6,-1,-1,-1
91,5,544.1,247.3,71.9,179.8,0.8,-1,-1,-1
91,4,179.3,224.5,34.8,82.8,0.9,-1,-1,-1
91,3,223.2,221.4,36.3,86.2,0.8,-1,-1,-1
91,2,584.9,258.8,60.3,165.9,0.8,-1,-1,-1
92,14,462.0,229.6,20.6,49.9,0.6,-1,-1,-1
92,10,268.6,219.5,17.3,42.0,0.4,-1,-1,-1
92,8,426.9,224.6,23.9,58.3,0.7,-1,-1,-1
92,5,551.2,245.8,73.4,185.1,0.8,-1,-1,-1
92,4,179.0,224.5,35.0,83.5,0.9,-1,-1,-1
92,3,222.8,221.0,36.6,86.8,0.8,-1,-1,-1
92,2,589.7,259.0,56.3,168.7,0.7,-1,-1,-1
93,14,462.3,229.9,20.7,49.4,0.6,-1,-1,-1
93,10,269.9,219.6,17.2,41.8,0.5,-1,-1,-1
93,8,427.3,224.6,23.9,58.6,0.7,-1,-1,-1
93,5,556.9,245.5,75.2,191.6,0.7,-1,-1,-1
93,4,178.9,224.6,35.3,84.3,0.9,-1,-1,-1
93,3,222.4,220.7,36.9,87.4,0.8,-1,-1,-1
93,2,594.8,263.7,51.6,170.4,0.7,-1,-1,-1
94,14,462.8,230.2,20.8,49.5,0.6,-1,-1,-1
94,10,270.9,219.8,17.0,41.4,0.5,-1,-1,-1
94,8,427.7,224.8,23.8,58.2,0.7,-1,-1,-1
94,5,563.5,246.9,75.9,197.6,0.8,-1,-1,-1
94,4,178.4,224.8,35.5,85.0,0.9,-1,-1,-1
94,3,221.9,220.5,37.3,88.0,0.8,-1,-1,-1
95,16,262.0,219.7,16.6,41.8,0.6,-1,-1,-1
95,14,463.1,230.5,20.8,49.4,0.6,-1,-1,-1
95,10,271.5,220.0,16.9,41.2,0.5,-1,-1,-1
95,8,428.0,224.8,23.7,58.1,0.7,-1,-1,-1
95,5,567.7,247.7,75.0,202.7,0.8,-1,-1,-1
95,4,178.0,224.8,35.7,85.6,0.9,-1,-1,-1
95,3,221.1,220.3,37.6,88.7,0.8,-1,-1,-1
96,16,261.3,219.6,16.5,41.4,0.6,-1,-1,-1
96,14,464.1,230.5,20.7,49.1,0.5,-1,-1,-1
96,10,272.1,220.0,16.8,41.0,0.5,-1,-1,-1
96,8,428.2,224.8,23.6,57.9,0.7,-1,-1,-1
96,5,572.6,250.6,72.3,205.6,0.8,-1,-1,-1
96,4,177.7,225.0,35.8,86.2,0.9,-1,-1,-1
96,3,220.1,220.4,37.9,89.3,0.8,-1,-1,-1
97,16,260.7,219.5,16.8,41.6,0.7,-1,-1,-1
97,14,464.7,230.8,20.6,48.8,0.5,-1,-1,-1
97,10,272.2,220.1,16.9,41.2,0.6,-1,-1,-1
97,8,428.6,225.0,23.9,58.5,0.7,-1,-1,-1
97,5,578.4,253.4,68.0,208.2,0.7,-1,-1,-1
97,4,177.2,225.0,36.0,86.6,0.9,-1,-1,-1
97,3,218.7,220.6,38.2,90.1,0.8,-1,-1,-1
98,16,260.4,219.6,16.8,41.1,0.7,-1,-1,-1
98,14,465.3,230.8,20.6,48.7,0.3,-1,-1,-1
98,10,272.2,220.0,17.0,41.4,0.6,-1,-1,-1
98,8,429.1,225.2,24.1,59.0,0.7,-1,-1,-1
98,5,583.7,253.7,63.3,210.8,0.6,-1,-1,-1
98,4,176.9,224.9,36.1,86.9,0.8,-1,-1,-1
98,3,217.7,220.7,38.4,90.7,0.8,-1,-1,-1
99,16,259.8,219.9,16.8,40.9,0.7,-1,-1,-1
99,14,465.7,230.7,20.5,48.5,0.5,-1,-1,-1
99,10,272.0,220.0,17.2,41.5,0.6,-1,-1,-1
99,8,429.7,225.2,24.3,59.5,0.7,-1,-1,-1
99,5,590.2,254.1,57.4,213.3,0.5,-1,-1,-1
99,4,176.5,224.8,36.2,87.3,0.9,-1,-1,-1
99,3,216.8,221.1,38.4,91.1,0.8,-1,-1,-1
100,16,259.1,220.1,17.0,41.0,0.7,-1,-1,-1
100,14,466.2,230.3,20.2,48.4,0.3,-1,-1,-1
100,10,272.1,219.9,17.2,41.7,0.7,-1,-1,-1
100,8,429.8,225.3,24.5,60.2,0.7,-1,-1,-1
100,4,175.9,224.7,36.2,87.6,0.9,-1,-1,-1
100,3,215.5,221.2,38.5,91.5,0.8,-1,-1,-1
101,16,258.2,220.3,17.0,41.2,0.7,-1,-1,-1
101,10,271.3,219.9,17.3,42.0,0.7,-1,-1,-1
101,8,430.0,225.2,24.8,60.9,0.6,-1,-1,-1
101,4,175.1,224.7,36.2,87.8,0.8,-1,-1,-1
101,3,213.7,221.7,38.6,91.5,0.8,-1,-1,-1
102,17,615.4,220.0,24.6,76.0,0.3,-1,-1,-1
102,16,257.7,220.4,17.3,41.6,0.7,-1,-1,-1
102,10,271.0,219.9,17.5,42.4,0.7,-1,-1,-1
102,8,430.3,225.2,25.0,61.6,0.7,-1,-1,-1
102,4,174.1,224.4,36.3,87.8,0.8,-1,-1,-1
102,3,212.4,221.8,38.7,91.7,0.8,-1,-1,-1
103,17,616.9,219.5,22.9,77.7,0.5,-1,-1,-1
103,16,257.6,220.3,17.4,41.5,0.7,-1,-1,-1
103,10,270.5,220.1,17.6,42.5,0.7,-1,-1,-1
103,8,430.4,225.0,25.2,62.3,0.7,-1,-1,-1
103,4,173.2,224.2,36.3,87.8,0.8,-1,-1,-1
103,3,211.6,222.0,38.7,92.0,0.8,-1,-1,-1
104,17,616.9,219.8,22.7,76.3,0.4,-1,-1,-1
104,16,256.8,219.9,17.6,42.0,0.5,-1,-1,-1
104,10,269.5,219.7,17.5,42.5,0.7,-1,-1,-1
104,8,430.4,224.7,25.5,62.7,0.7,-1,-1,-1
104,4,172.1,223.9,36.5,87.9,0.9,-1,-1,-1
104,3,210.6,221.3,38.7,92.4,0.8,-1,-1,-1
105,16,255.9,219.2,17.8,42.2,0.6,-1,-1,-1
105,14,467.3,230.3,21.2,50.1,0.4,-1,-1,-1
105,10,268.9,219.2,17.4,42.6,0.7,-1,-1,-1
105,8,430.2,224.5,25.9,63.7,0.7,-1,-1,-1
105,4,170.7,223.8,36.6,88.1,0.9,-1,-1,-1
105,3,209.5,220.2,38.8,92.8,0.8,-1,-1,-1
106,16,254.8,218.5,17.8,42.5,0.7,-1,-1,-1
106,10,267.7,218.6,17.4,42.8,0.7,-1,-1,-1
106,8,430.3,224.0,26.5,64.7,0.6,-1,-1,-1
106,4,168.6,223.4,36.6,88.5,0.8,-1,-1,-1
106,3,207.4,219.2,39.1,93.6,0.8,-1,-1,-1
107,16,253.9,217.7,17.9,42.8,0.7,-1,-1,-1
107,10,266.5,217.7,17.6,43.2,0.7,-1,-1,-1
107,8,430.0,223.6,26.8,65.7,0.7,-1,-1,-1
107,4,166.4,223.3,36.7,88.9,0.8,-1,-1,-1
107,3,204.7,218.2,39.6,94.6,0.8,-1,-1,-1
108,16,252.9,217.4,18.0,43.4,0.7,-1,-1,-1
108,10,265.3,217.2,17.9,43.8,0.7,-1,-1,-1
108,8,429.6,223.5,27.2,66.4,0.7,-1,-1,-1
108,4,165.0,223.2,36.8,89.1,0.9,-1,-1,-1
108,3,202.9,217.5,39.9,95.5,0.8,-1,-1,-1
109,16,251.7,217.0,18.0,43.4,0.7,-1,-1,-1
109,10,264.0,217.1,18.0,43.9,0.7,-1,-1,-1
109,8,428.9,222.9,27.3,66.8,0.5,-1,-1,-1
109,4,162.4,223.2,37.0,89.6,0.9,-1,-1,-1
109,3,200.0,217.6,40.0,96.1,0.8,-1,-1,-1
110,16,250.6,216.9,17.8,43.1,0.6,-1,-1,-1
110,10,262.1,217.1,17.9,43.8,0.6,-1,-1,-1
110,8,428.0,222.5,27.5,67.5,0.7,-1,-1,-1
110,4,159.7,223.3,37.0,89.7,0.8,-1,-1,-1
110,3,197.4,217.7,40.3,96.8,0.8,-1,-1,-1
111,18,398.4,223.5,18.0,43.0,0.5,-1,-1,-1
111,16,249.1,217.2,17.9,43.3,0.7,-1,-1,-1
111,10,260.4,217.3,18.0,43.9,0.7,-1,-1,-1
111,8,427.5,222.3,27.7,68.0,0.7,-1,-1,-1
111,4,157.3,223.2,37.1,89.9,0.8,-1,-1,-1
111,3,194.8,218.0,40.5,97.5,0.8,-1,-1,-1
112,18,397.9,223.3,18.1,43.3,0.5,-1,-1,-1
112,16,247.5,217.1,18.1,43.3,0.6,-1,-1,-1
112,10,259.3,217.0,18.1,44.0,0.7,-1,-1,-1
112,8,427.6,222.5,27.8,68.2,0.7,-1,-1,-1
112,4,155.1,223.0,37.5,90.5,0.8,-1,-1,-1
112,3,192.8,218.4,40.6,97.9,0.8,-1,-1,-1
113,18,397.4,223.3,18.1,43.4,0.5,-1,-1,-1
113,16,246.2,217.1,18.1,43.5,0.7,-1,-1,-1
113,10,258.4,216.8,18.2,44.3,0.7,-1,-1,-1
113,8,427.1,222.7,28.1,69.0,0.7,-1,-1,-1
113,4,152.6,223.1,37.8,91.3,0.8,-1,-1,-1
113,3,190.7,218.5,40.8,98.5,0.8,-1,-1,-1
114,18,396.4,224.2,17.7,42.8,0.3,-1,-1,-1
114,16,244.3,217.2,18.2,43.7,0.7,-1,-1,-1
114,10,256.8,217.3,18.5,44.9,0.7,-1,-1,-1
114,8,426.8,223.1,28.3,69.2,0.7,-1,-1,-1
114,4,149.2,223.1,38.4,92.8,0.8,-1,-1,-1
114,3,187.7,218.9,41.2,99.5,0.8,-1,-1,-1
115,18,394.8,224.8,17.7,42.9,0.4,-1,-1,-1
115,16,242.4,217.6,18.3,43.9,0.7,-1,-1,-1
115,10,254.7,217.4,18.7,45.2,0.7,-1,-1,-1
115,8,426.1,223.2,28.2,69.1,0.7,-1,-1,-1
115,4,146.0,223.0,39.1,94.4,0.8,-1,-1,-1
115,3,184.4,218.8,41.5,100.4,0.8,-1,-1,-1
116,19,406.7,226.1,18.7,44.1,0.3,-1,-1,-1
116,18,393.5,225.1,17.7,43.1,0.3,-1,-1,-1
116,16,239.8,217.8,18.6,44.5,0.7,-1,-1,-1
116,10,251.9,217.7,19.0,46.1,0.7,-1,-1,-1
116,8,426.0,223.3,28.0,68.7,0.7,-1,-1,-1
116,4,142.5,222.9,39.7,96.0,0.8,-1,-1,-1
116,3,181.3,218.8,41.9,101.7,0.8,-1,-1,-1
117,19,406.0,226.3,18.8,43.7,0.4,-1,-1,-1
117,18,392.2,225.0,17.8,43.2,0.3,-1,-1,-1
117,16,238.1,217.8,18.7,44.8,0.7,-1,-1,-1
117,10,250.1,217.3,19.2,46.7,0.7,-1,-1,-1
117,8,425.4,223.8,28.3,69.1,0.7,-1,-1,-1
117,4,139.0,222.8,40.2,97.3,0.8,-1,-1,-1
117,3,178.5,218.4,42.2,102.4,0.8,-1,-1,-1
118,19,405.0,226.9,18.6,43.3,0.6,-1,-1,-1
118,18,390.8,225.3,17.8,43.0,0.5,-1,-1,-1
118,16,235.9,217.6,18.6,44.7,0.8,-1,-1,-1
118,10,248.0,217.3,19.2,46.8,0.7,-1,-1,-1
118,8,424.8,223.8,28.4,69.9,0.7,-1,-1,-1
118,4,135.6,223.2,40.5,98.2,0.8,-1,-1,-1
118,3,174.6,218.1,42.6,103.2,0.9,-1,-1,-1
119,19,404.1,227.1,18.5,43.7,0.4,-1,-1,-1
119,18,389.7,225.8,17.8,43.1,0.5,-1,-1,-1
119,16,233.8,217.8,18.6,44.7,0.8,-1,-1,-1
119,10,246.1,217.4,19.2,46.9,0.7,-1,-1,-1
119,8,424.6,223.8,28.6,70.6,0.7,-1,-1,-1
119,4,131.7,223.4,40.8,98.9,0.8,-1,-1,-1
119,3,171.3,217.6,43.0,104.3,0.9,-1,-1,-1
120,20,458.8,231.6,25.9,64.6,0.5,-1,-1,-1
120,19,403.7,227.3,18.5,44.0,0.3,-1,-1,-1
120,18,388.6,226.3,17.7,43.2,0.4,-1,-1,-1
120,16,231.6,218.0,18.7,44.6,0.7,-1,-1,-1
120,10,243.9,217.3,19.1,46.5,0.7,-1,-1,-1
120,8,424.2,223.7,28.7,71.0,0.7,-1,-1,-1
120,4,128.4,223.6,41.2,100.0,0.8,-1,-1,-1
120,3,168.0,217.3,43.4,105.3,0.8,-1,-1,-1
121,20,458.7,231.6,26.0,65.0,0.5,-1,-1,-1
121,19,403.5,227.6,18.5,44.5,0.3,-1,-1,-1
121,18,387.6,226.3,17.7,43.4,0.4,-1,-1,-1
121,16,229.7,218.1,18.7,44.6,0.7,-1,-1,-1
121,10,242.2,217.8,19.2,46.6,0.7,-1,-1,-1
121,8,423.4,224.2,28.8,71.1,0.7,-1,-1,-1
121,4,124.8,223.5,41.7,101.2,0.8,-1,-1,-1
121,3,164.5,217.1,43.9,106.7,0.8,-1,-1,-1
122,20,457.4,231.7,26.2,65.4,0.7,-1,-1,-1
122,18,386.5,226.2,17.9,44.0,0.3,-1,-1,-1
122,16,227.0,218.1,18.7,44.9,0.8,-1,-1,-1
122,10,240.4,217.6,19.2,46.8,0.7,-1,-1,-1
122,8,422.3,224.4,29.0,71.2,0.7,-1,-1,-1
122,4,121.0,223.3,41.9,102.3,0.9,-1,-1,-1
122,3,161.0,217.1,44.3,107.6,0.9,-1,-1,-1
123,20,456.9,232.0,26.6,65.9,0.7,-1,-1,-1
123,18,384.7,225.9,18.4,45.1,0.4,-1,-1,-1
123,16,223.9,217.8,18.9,45.3,0.8,-1,-1,-1
123,10,238.1,216.8,19.4,47.2,0.7,-1,-1,-1
123,8,421.4,224.4,29.1,71.3,0.7,-1,-1,-1
123,4,115.8,222.7,42.5,103.4,0.9,-1,-1,-1
123,3,156.5,217.3,45.1,109.2,0.9,-1,-1,-1
124,20,455.8,231.7,27.1,66.6,0.7,-1,-1,-1
124,18,382.8,224.7,18.5,45.5,0.3,-1,-1,-1
124,16,221.2,217.6,19.0,45.4,0.8,-1,-1,-1
124,10,235.1,216.2,19.5,47.7,0.7,-1,-1,-1
124,8,420.9,224.3,29.2,71.8,0.7,-1,-1,-1
124,4,112.5,222.2,42.8,104.1,0.9,-1,-1,-1
124,3,153.1,217.2,45.6,110.4,0.9,-1,-1,-1
125,20,454.9,231.7,27.3,67.2,0.7,-1,-1,-1
125,18,381.1,224.0,18.6,46.0,0.5,-1,-1,-1
125,16,218.1,217.3,19.2,46.1,0.8,-1,-1,-1
125,10,232.4,215.7,19.9,48.6,0.8,-1,-1,-1
125,8,420.2,224.0,29.3,72.5,0.7,-1,-1,-1
125,4,108.9,221.3,43.0,104.8,0.8,-1,-1,-1
125,3,149.6,217.2,45.7,111.2,0.8,-1,-1,-1
126,20,454.2,231.3,27.5,67.9,0.7,-1,-1,-1
126,19,398.5,225.4,19.6,47.8,0.3,-1,-1,-1
126,18,380.2,223.8,18.6,46.0,0.6,-1,-1,-1
126,16,215.0,216.6,19.6,47.0,0.8,-1,-1,-1
126,10,229.7,215.1,20.6,50.4,0.8,-1,-1,-1
126,8,419.5,223.6,29.4,73.1,0.7,-1,-1,-1
126,4,104.5,221.1,43.0,105.7,0.8,-1,-1,-1
126,3,145.6,217.2,45.9,112.0,0.8,-1,-1,-1
127,20,453.6,231.3,27.6,68.1,0.7,-1,-1,-1
127,19,397.8,224.8,19.6,47.5,0.6,-1,-1,-1
127,18,379.2,223.5,18.4,45.9,0.6,-1,-1,-1
127,16,212.9,216.2,19.8,47.6,0.8,-1,-1,-1
127,10,227.5,214.3,20.9,51.1,0.7,-1,-1,-1
127,8,417.5,223.4,29.9,73.6,0.8,-1,-1,-1
127,4,100.4,220.7,43.2,106.4,0.8,-1,-1,-1
127,3,142.2,217.3,46.3,112.6,0.9,-1,-1,-1
128,20,453.1,231.4,27.8,68.4,0.7,-1,-1,-1
128,19,397.2,224.3,19.7,47.8,0.5,-1,-1,-1
128,18,378.4,223.9,18.5,46.1,0.5,-1,-1,-1
128,16,210.8,215.6,19.9,47.7,0.8,-1,-1,-1
128,10,225.1,214.1,21.3,52.2,0.8,-1,-1,-1
128,8,416.5,223.0,30.3,74.3,0.7,-1,-1,-1
128,4,96.6,220.8,43.8,107.4,0.9,-1,-1,-1
128,3,139.3,217.3,46.6,113.3,0.9,-1,-1,-1
129,20,452.7,232.0,28.0,68.5,0.7,-1,-1,-1
129,19,397.3,224.1,19.6,47.8,0.6,-1,-1,-1
129,18,377.3,224.3,18.7,46.4,0.6,-1,-1,-1
129,16,207.5,215.5,20.3,49.0,0.8,-1,-1,-1
129,10,222.7,214.0,21.5,52.8,0.8,-1,-1,-1
129,8,416.1,222.7,30.8,75.2,0.7,-1,-1,-1
129,4,91.2,220.9,44.3,108.9,0.9,-1,-1,-1
129,3,135.4,216.6,47.1,114.1,0.9,-1,-1,-1
130,20,452.8,231.7,28.3,69.3,0.7,-1,-1,-1
130,19,397.6,224.7,19.6,48.0,0.7,-1,-1,-1
130,18,376.6,224.0,18.8,46.7,0.7,-1,-1,-1
130,16,205.0,215.5,20.5,49.2,0.8,-1,-1,-1
130,10,220.6,213.7,21.8,53.3,0.8,-1,-1,-1
130,8,415.7,222.7,31.0,75.5,0.7,-1,-1,-1
130,4,86.4,221.5,45.1,110.3,0.8,-1,-1,-1
130,3,132.1,216.2,47.6,115.4,0.9,-1,-1,-1
131,22,573.2,225.6,36.4,84.0,0.6,-1,-1,-1
131,20,453.0,231.6,28.7,70.1,0.7,-1,-1,-1
131,19,397.6,224.8,19.6,48.2,0.7,-1,-1,-1
131,18,376.1,223.8,18.9,47.0,0.7,-1,-1,-1
131,16,203.4,215.5,20.7,49.8,0.8,-1,-1,-1
131,10,218.7,213.4,22.2,54.1,0.8,-1,-1,-1
131,8,415.1,222.6,31.3,76.2,0.8,-1,-1,-1
131,4,81.9,222.0,45.7,111.6,0.9,-1,-1,-1
131,3,128.9,215.8,48.2,116.7,0.9,-1,-1,-1
132,22,575.1,224.8,36.7,85.8,0.7,-1,-1,-1
132,20,452.9,231.7,29.1,71.1,0.7,-1,-1,-1
132,19,397.6,225.5,19.6,48.3,0.6,-1,-1,-1
132,18,375.5,223.6,19.0,47.0,0.6,-1,-1,-1
132,16,201.0,215.1,21.2,50.8,0.8,-1,-1,-1
132,10,216.5,213.6,22.6,54.6,0.8,-1,-1,-1
132,8,414.7,222.7,31.4,76.8,0.7,-1,-1,-1
132,4,78.0,222.8,46.2,112.8,0.9,-1,-1,-1
132,3,125.3,215.5,48.9,118.4,0.9,-1,-1,-1
133,22,575.7,223.2,38.2,88.8,0.6,-1,-1,-1
133,20,452.8,232.3,29.5,72.2,0.7,-1,-1,-1
133,19,397.5,226.6,19.7,48.4,0.5,-1,-1,-1
133,18,374.4,223.8,19.4,47.6,0.6,-1,-1,-1
133,16,198.4,215.7,21.2,51.0,0.8,-1,-1,-1
133,10,213.5,213.8,23.1,55.5,0.8,-1,-1,-1
133,8,414.6,223.2,31.6,77.5,0.7,-1,-1,-1
133,4,72.7,223.4,46.5,113.7,0.9,-1,-1,-1
133,3,121.1,215.5,49.6,120.2,0.9,-1,-1,-1
134,24,357.3,224.9,18.0,44.8,0.5,-1,-1,-1
134,22,577.3,223.0,38.9,90.8,0.7,-1,-1,-1
134,20,452.6,232.5,29.9,73.0,0.7,-1,-1,-1
134,19,397.4,227.1,20.0,49.3,0.3,-1,-1,-1
134,18,373.4,223.9,19.9,48.5,0.6,-1,-1,-1
134,16,196.0,216.5,21.4,51.7,0.8,-1,-1,-1
134,10,210.9,213.8,23.1,55.9,0.8,-1,-1,-1
134,8,413.4,223.5,32.0,78.6,0.7,-1,-1,-1
134,4,67.8,223.3,46.8,113.8,0.9,-1,-1,-1
134,3,117.0,215.4,50.2,121.5,0.9,-1,-1,-1
135,24,356.6,225.2,18.1,45.4,0.6,-1,-1,-1
135,22,580.1,223.1,39.7,92.0,0.3,-1,-1,-1
135,20,452.7,232.8,30.1,73.7,0.8,-1,-1,-1
135,18,372.6,223.8,20.3,49.3,0.6,-1,-1,-1
135,16,194.1,216.7,21.5,51.8,0.8,-1,-1,-1
135,10,208.2,213.8,23.4,56.5,0.8,-1,-1,-1
135,8,412.6,223.7,32.5,80.0,0.7,-1,-1,-1
135,4,63.4,223.3,47.1,114.4,0.9,-1,-1,-1
135,3,113.9,215.6,50.8,123.3,0.9,-1,-1,-1
136,24,356.3,225.4,18.7,46.6,0.6,-1,-1,-1
136,22,582.0,223.9,40.5,92.1,0.4,-1,-1,-1
136,20,452.8,232.8,30.4,74.6,0.8,-1,-1,-1
136,18,372.1,223.7,20.4,49.6,0.6,-1,-1,-1
136,16,192.4,217.1,21.5,52.1,0.8,-1,-1,-1
136,10,206.3,213.9,23.7,57.0,0.8,-1,-1,-1
136,8,412.5,223.7,32.8,80.9,0.8,-1,-1,-1
136,4,59.9,223.3,47.5,114.8,0.8,-1,-1,-1
136,3,111.2,216.0,51.3,124.6,0.9,-1,-1,-1
137,24,355.5,225.8,19.3,47.6,0.6,-1,-1,-1
137,22,584.2,226.1,40.9,91.5,0.3,-1,-1,-1
137,20,453.2,233.2,30.7,75.2,0.8,-1,-1,-1
137,18,372.0,224.0,20.6,50.1,0.7,-1,-1,-1
137,16,190.5,217.1,21.6,52.5,0.8,-1,-1,-1
137,10,204.3,213.9,24.2,57.8,0.8,-1,-1,-1
137,8,412.6,224.3,33.1,81.8,0.7,-1,-1,-1
137,4,56.0,223.5,48.1,115.6,0.8,-1,-1,-1
137,3,108.0,216.8,51.8,125.8,0.9,-1,-1,-1
138,24,355.0,225.8,19.6,48.3,0.5,-1,-1,-1
138,22,586.9,229.7,40.4,90.5,0.3,-1,-1,-1
138,20,453.7,233.7,30.9,75.5,0.8,-1,-1,-1
138,18,372.0,224.5,20.7,50.3,0.7,-1,-1,-1
138,16,188.5,217.0,21.8,52.8,0.8,-1,-1,-1
138,10,203.1,214.2,23.8,57.4,0.8,-1,-1,-1
138,8,412.9,224.5,33.4,82.5,0.7,-1,-1,-1
138,4,51.3,223.4,49.2,117.4,0.8,-1,-1,-1
138,3,104.5,217.3,52.3,127.0,0.9,-1,-1,-1
139,24,354.5,225.5,19.7,48.7,0.5,-1,-1,-1
139,20,454.6,233.5,31.4,76.8,0.8,-1,-1,-1
139,18,372.0,225.0,21.0,51.0,0.6,-1,-1,-1
139,16,186.9,217.4,21.9,53.2,0.8,-1,-1,-1
139,10,201.6,214.5,23.7,57.5,0.7,-1,-1,-1
139,8,413.2,224.6,33.6,83.3,0.6,-1,-1,-1
139,4,47.7,223.4,50.2,119.5,0.8,-1,-1,-1
139,3,101.5,217.9,52.7,128.2,0.9,-1,-1,-1
140,24,354.4,225.1,19.6,48.5,0.6,-1,-1,-1
140,20,454.9,233.6,31.9,77.8,0.8,-1,-1,-1
140,18,372.2,225.3,21.2,51.8,0.7,-1,-1,-1
140,16,185.2,217.2,21.8,53.1,0.8,-1,-1,-1
140,10,199.6,214.4,24.4,58.8,0.8,-1,-1,-1
140,8,414.7,224.9,33.6,84.2,0.7,-1,-1,-1
140,4,43.6,223.3,51.0,121.4,0.8,-1,-1,-1
140,3,98.1,217.9,53.2,129.2,0.9,-1,-1,-1
141,24,354.0,225.1,19.7,48.5,0.6,-1,-1,-1
141,20,455.2,233.3,32.2,78.6,0.8,-1,-1,-1
141,18,372.3,225.4,21.5,52.4,0.7,-1,-1,-1
141,16,183.6,217.2,21.9,53.4,0.8,-1,-1,-1
141,10,197.8,214.9,24.0,58.3,0.8,-1,-1,-1
141,8,414.0,224.9,34.0,85.0,0.6,-1,-1,-1
141,4,39.7,223.7,51.9,123.7,0.8,-1,-1,-1
141,3,94.9,218.3,53.6,130.0,0.9,-1,-1,-1
142,24,353.6,225.6,19.9,48.9,0.6,-1,-1,-1
142,20,455.5,234.1,32.5,79.3,0.8,-1,-1,-1
142,18,372.3,225.3,21.8,53.1,0.7,-1,-1,-1
142,16,181.7,216.9,22.3,54.1,0.8,-1,-1,-1
142,10,195.9,215.1,24.6,59.3,0.8,-1,-1,-1
142,8,413.9,224.8,34.1,85.7,0.5,-1,-1,-1
142,4,34.8,224.3,53.1,125.9,0.8,-1,-1,-1
142,3,91.6,218.3,54.1,130.9,0.9,-1,-1,-1
143,24,353.3,226.1,20.3,50.1,0.6,-1,-1,-1
143,20,456.5,234.1,32.8,79.7,0.8,-1,-1,-1
143,18,372.6,225.0,22.1,53.8,0.7,-1,-1,-1
143,16,179.8,217.2,22.4,54.5,0.8,-1,-1,-1
143,10,194.2,214.9,25.2,60.5,0.8,-1,-1,-1
143,8,414.4,224.5,34.6,86.6,0.6,-1,-1,-1
143,4,29.9,224.9,53.8,127.8,0.9,-1,-1,-1
143,3,87.6,217.8,54.8,132.2,0.9,-1,-1,-1
144,24,353.0,226.3,20.8,51.2,0.5,-1,-1,-1
144,20,457.0,234.3,33.1,80.5,0.8,-1,-1,-1
144,18,372.9,224.7,22.3,54.2,0.6,-1,-1,-1
144,16,178.0,217.3,22.3,54.6,0.8,-1,-1,-1
144,10,192.6,215.2,25.8,61.5,0.8,-1,-1,-1
144,8,416.8,225.1,34.7,87.8,0.5,-1,-1,-1
144,4,25.4,225.5,54.6,129.7,0.8,-1,-1,-1
144,3,84.0,217.5,55.6,134.2,0.9,-1,-1,-1
145,24,352.8,226.3,21.1,51.9,0.7,-1,-1,-1
145,22,610.3,222.0,32.6,101.4,0.3,-1,-1,-1
145,20,458.4,234.7,33.5,81.1,0.8,-1,-1,-1
145,18,373.3,224.5,22.4,54.7,0.6,-1,-1,-1
145,16,175.7,217.7,22.4,54.9,0.8,-1,-1,-1
145,10,191.1,214.2,26.4,62.8,0.8,-1,-1,-1
145,8,418.4,225.0,35.0,89.1,0.6,-1,-1,-1
145,4,21.1,226.0,55.5,131.8,0.9,-1,-1,-1
145,3,80.1,217.3,56.6,136.5,0.9,-1,-1,-1
146,24,352.7,226.2,21.4,52.6,0.7,-1,-1,-1
146,20,458.8,234.9,34.1,81.8,0.8,-1,-1,-1
146,18,373.5,224.5,22.5,55.1,0.7,-1,-1,-1
146,16,173.7,217.7,23.0,56.2,0.8,-1,-1,-1
146,10,189.7,214.0,26.8,63.7,0.8,-1,-1,-1
146,8,419.1,224.8,35.3,90.2,0.7,-1,-1,-1
146,4,16.8,225.9,56.2,133.7,0.9,-1,-1,-1
146,3,76.8,217.4,57.6,139.0,0.9,-1,-1,-1
147,24,352.7,226.0,21.6,52.9,0.7,-1,-1,-1
147,20,459.6,235.2,34.5,82.5,0.8,-1,-1,-1
147,18,374.0,224.7,22.5,55.3,0.7,-1,-1,-1
147,16,171.6,218.0,23.4,57.1,0.8,-1,-1,-1
147,10,188.6,214.2,26.8,63.8,0.8,-1,-1,-1
147,8,417.9,223.8,35.9,90.8,0.7,-1,-1,-1
147,4,13.0,225.8,57.0,135.6,0.9,-1,-1,-1
147,3,74.2,217.8,58.4,141.3,0.9,-1,-1,-1
148,25,408.6,229.2,22.7,55.3,0.5,-1,-1,-1
148,24,352.9,225.9,21.9,53.4,0.8,-1,-1,-1
148,20,460.7,235.4,34.7,83.1,0.8,-1,-1,-1
148,18,374.4,224.9,22.7,55.9,0.7,-1,-1,-1
148,16,169.7,218.6,23.5,57.3,0.8,-1,-1,-1
148,10,187.3,213.8,27.2,64.6,0.8,-1,-1,-1
148,8,418.0,224.0,36.4,91.4,0.7,-1,-1,-1
148,4,9.6,225.8,57.0,136.7,0.9,-1,-1,-1
148,3,71.3,218.2,59.0,142.7,0.9,-1,-1,-1
149,25,410.2,229.7,22.7,54.9,0.6,-1,-1,-1
149,24,353.2,225.5,22.4,54.3,0.8,-1,-1,-1
149,20,462.5,235.4,34.7,83.8,0.8,-1,-1,-1
149,18,375.1,225.2,22.9,56.2,0.7,-1,-1,-1
149,16,167.4,218.8,23.7,58.0,0.8,-1,-1,-1
149,10,184.7,213.9,27.7,65.7,0.8,-1,-1,-1
149,8,419.0,223.7,36.7,91.9,0.7,-1,-1,-1
149,4,5.6,225.9,56.8,138.0,0.9,-1,-1,-1
149,3,66.4,218.3,59.7,144.2,0.8,-1,-1,-1
150,25,411.9,229.9,23.2,55.8,0.6,-1,-1,-1
150,24,353.7,225.4,22.8,55.4,0.8,-1,-1,-1
150,20,464.2,235.5,34.9,85.3,0.7,-1,-1,-1
150,18,376.1,225.5,23.0,56.3,0.7,-1,-1,-1
150,16,164.7,218.6,24.3,59.5,0.8,-1,-1,-1
150,10,182.4,213.9,28.2,66.6,0.8,-1,-1,-1
150,8,420.5,224.3,36.9,92.4,0.7,-1,-1,-1
150,4,2.1,226.6,56.2,139.6,0.9,-1,-1,-1
150,3,62.0,219.1,60.6,146.1,0.9,-1,-1,-1
151,25,412.9,230.2,23.6,56.9,0.5,-1,-1,-1
151,24,354.1,225.7,23.0,56.0,0.8,-1,-1,-1
151,20,465.6,235.7,35.2,86.2,0.7,-1,-1,-1
151,18,376.7,226.0,23.2,56.8,0.8,-1,-1,-1
151,16,163.0,218.6,24.5,60.2,0.8,-1,-1,-1
151,10,180.6,213.1,28.8,67.7,0.8,-1,-1,-1
151,8,421.3,224.3,37.4,93.5,0.8,-1,-1,-1
151,4,-0.5,227.4,55.3,141.2,0.9,-1,-1,-1
151,3,58.3,219.9,61.3,148.0,0.9,-1,-1,-1
152,25,414.3,230.8,23.3,56.7,0.5,-1,-1,-1
152,24,354.5,226.3,23.3,56.8,0.8,-1,-1,-1
152,20,467.1,236.3,35.8,87.5,0.8,-1,-1,-1
152,18,377.2,226.2,23.4,57.4,0.8,-1,-1,-1
152,16,161.2,219.2,24.5,60.4,0.8,-1,-1,-1
152,10,178.7,213.9,29.0,67.9,0.8,-1,-1,-1
152,8,422.5,224.4,37.7,94.8,0.7,-1,-1,-1
152,4,-2.4,228.6,53.8,143.2,0.9,-1,-1,-1
152,3,55.2,221.6,62.0,150.0,0.9,-1,-1,-1
153,25,416.9,231.6,23.1,55.5,0.6,-1,-1,-1
153,24,355.1,227.0,23.3,56.9,0.8,-1,-1,-1
153,20,468.8,237.1,36.4,88.4,0.8,-1,-1,-1
153,18,378.3,226.7,23.6,57.7,0.8,-1,-1,-1
153,16,159.1,219.1,25.1,61.8,0.8,-1,-1,-1
153,10,176.8,215.2,29.2,68.5,0.8,-1,-1,-1
153,8,423.5,225.1,38.2,95.8,0.8,-1,-1,-1
153,4,-3.8,230.2,51.1,143.9,0.8,-1,-1,-1
153,3,50.9,223.3,62.8,151.6,0.9,-1,-1,-1
154,25,418.6,231.9,23.7,56.5,0.5,-1,-1,-1
154,24,355.7,227.8,23.5,57.6,0.8,-1,-1,-1
154,20,470.2,237.3,37.0,89.4,0.8,-1,-1,-1
154,18,379.5,227.1,23.8,58.4,0.8,-1,-1,-1
154,16,156.2,219.0,25.5,62.5,0.8,-1,-1,-1
154,10,174.2,214.1,30.1,70.7,0.8,-1,-1,-1
154,8,424.7,225.4,38.9,97.3,0.7,-1,-1,-1
154,4,-4.9,231.7,47.2,145.2,0.8,-1,-1,-1
154,3,46.4,224.0,63.8,153.5,0.9,-1,-1,-1
155,26,330.0,220.3,16.6,39.8,0.4,-1,-1,-1
155,25,420.3,231.4,23.7,56.6,0.5,-1,-1,-1
155,24,356.2,228.4,23.7,58.1,0.8,-1,-1,-1
155,20,471.2,236.9,37.6,90.8,0.8,-1,-1,-1
155,18,380.2,227.4,24.0,58.9,0.8,-1,-1,-1
155,16,154.4,218.0,26.1,64.0,0.8,-1,-1,-1
155,10,172.5,213.1,30.7,72.3,0.8,-1,-1,-1
155,8,426.4,225.2,39.5,98.3,0.8,-1,-1,-1
155,4,-5.1,232.2,43.3,145.9,0.8,-1,-1,-1
155,3,42.8,223.6,64.7,155.6,0.9,-1,-1,-1
156,26,329.4,220.7,16.5,39.1,0.4,-1,-1,-1
156,25,421.6,230.5,23.8,57.0,0.4,-1,-1,-1
156,24,356.9,228.7,23.9,58.5,0.8,-1,-1,-1
156,20,472.5,236.8,38.2,91.9,0.8,-1,-1,-1
156,18,381.0,227.4,24.2,59.5,0.8,-1,-1,-1
156,16,152.1,218.0,26.7,65.1,0.8,-1,-1,-1
156,10,170.6,214.3,31.0,72.9,0.8,-1,-1,-1
156,8,427.4,225.4,40.1,99.4,0.8,-1,-1,-1
156,4,-4.7,232.4,40.1,146.5,0.8,-1,-1,-1
156,3,39.6,223.6,65.8,157.9,0.9,-1,-1,-1
157,26,329.0,220.9,16.3,38.4,0.5,-1,-1,-1
157,24,357.6,228.7,24.0,58.9,0.8,-1,-1,-1
157,20,474.7,237.1,38.5,92.6,0.8,-1,-1,-1
157,18,382.0,227.7,24.5,60.1,0.8,-1,-1,-1
157,16,150.6,220.6,26.1,64.3,0.8,-1,-1,-1
157,10,168.8,214.5,31.4,73.7,0.8,-1,-1,-1
157,8,428.1,225.6,40.8,100.6,0.8,-1,-1,-1
157,4,-3.7,232.7,38.2,146.3,0.8,-1,-1,-1
157,3,36.0,223.8,66.7,160.5,0.9,-1,-1,-1
158,26,328.4,221.5,16.3,38.7,0.5,-1,-1,-1
158,24,358.5,228.9,24.2,59.3,0.8,-1,-1,-1
158,20,476.6,237.1,38.4,93.2,0.8,-1,-1,-1
158,18,382.9,227.9,24.9,61.2,0.7,-1,-1,-1
158,16,148.6,222.4,26.0,64.2,0.8,-1,-1,-1
158,10,167.2,215.0,31.9,74.4,0.8,-1,-1,-1
158,8,428.7,225.8,41.4,101.4,0.8,-1,-1,-1
158,4,-3.3,233.7,35.9,146.2,0.8,-1,-1,-1
158,3,32.6,224.4,67.9,163.2,0.9,-1,-1,-1
159,26,328.0,221.7,16.4,38.8,0.6,-1,-1,-1
159,24,359.5,229.0,24.4,59.8,0.8,-1,-1,-1
159,20,478.9,236.4,39.0,95.1,0.7,-1,-1,-1
159,18,383.7,228.4,25.3,62.2,0.8,-1,-1,-1
159,16,146.4,220.6,27.1,66.5,0.8,-1,-1,-1
159,10,165.6,216.0,32.2,74.8,0.8,-1,-1,-1
159,8,428.9,226.2,41.9,102.3,0.8,-1,-1,-1
159,4,-3.4,234.1,33.0,146.3,0.7,-1,-1,-1
159,3,28.7,224.3,69.4,166.5,0.9,-1,-1,-1
160,26,327.7,221.7,16.4,39.2,0.6,-1,-1,-1
160,24,360.5,228.9,24.6,60.5,0.8,-1,-1,-1
160,20,480.3,237.0,39.7,96.2,0.8,-1,-1,-1
160,18,384.6,228.9,25.6,63.2,0.8,-1,-1,-1
160,16,144.1,220.9,27.4,66.9,0.8,-1,-1,-1
160,10,164.2,216.7,32.3,75.0,0.8,-1,-1,-1
160,8,430.2,226.4,42.4,103.5,0.8,-1,-1,-1
160,4,-3.3,243.2,29.9,143.8,0.6,-1,-1,-1
160,3,24.2,224.6,70.8,169.7,0.9,-1,-1,-1
161,26,327.5,221.4,16.3,39.1,0.6,-1,-1,-1
161,24,361.5,228.7,24.8,60.9,0.8,-1,-1,-1
161,20,482.1,237.2,40.4,97.3,0.8,-1,-1,-1
161,18,386.2,228.8,25.7,63.6,0.8,-1,-1,-1
161,16,141.6,221.4,27.9,67.8,0.8,-1,-1,-1
161,10,163.2,218.2,32.1,74.7,0.8,-1,-1,-1
161,8,431.1,226.1,42.8,104.7,0.8,-1,-1,-1
161,4,-3.1,245.7,27.2,144.7,0.5,-1,-1,-1
161,3,19.9,224.4,71.8,172.7,0.9,-1,-1,-1
162,26,327.3,221.4,16.5,39.7,0.6,-1,-1,-1
162,24,362.5,229.1,25.0,61.7,0.8,-1,-1,-1
162,20,485.1,237.5,40.9,98.8,0.7,-1,-1,-1
162,18,387.5,229.1,26.0,64.3,0.8,-1,-1,-1
162,16,139.7,220.9,28.5,69.0,0.8,-1,-1,-1
162,10,161.6,217.4,32.4,75.2,0.8,-1,-1,-1
162,8,432.3,226.1,43.1,105.6,0.8,-1,-1,-1
162,4,-2.8,245.5,24.7,145.1,0.3,-1,-1,-1
162,3,15.3,224.8,72.8,175.1,0.9,-1,-1,-1
163,26,327.3,221.1,16.5,39.7,0.6,-1,-1,-1
163,24,363.8,229.3,25.1,62.1,0.8,-1,-1,-1
163,20,488.0,237.2,41.4,100.3,0.8,-1,-1,-1
163,18,389.1,229.2,26.1,64.8,0.8,-1,-1,-1
163,16,137.1,220.7,28.9,70.1,0.8,-1,-1,-1
163,10,159.8,216.4,33.1,76.9,0.8,-1,-1,-1
163,8,434.1,226.3,43.4,106.6,0.8,-1,-1,-1
163,4,-2.5,253.4,22.4,142.6,0.3,-1,-1,-1
163,3,10.0,225.9,74.2,177.9,0.9,-1,-1,-1
164,26,327.2,221.1,16.5,39.9,0.5,-1,-1,-1
164,24,364.9,229.4,25.8,63.3,0.8,-1,-1,-1
164,20,490.2,238.5,41.6,101.1,0.8,-1,-1,-1
164,18,390.4,229.2,26.3,65.5,0.8,-1,-1,-1
164,16,134.6,220.6,29.6,71.7,0.8,-1,-1,-1
164,10,158.1,217.1,33.6,78.3,0.8,-1,-1,-1
164,8,435.2,226.1,43.8,107.7,0.8,-1,-1,-1
164,3,5.3,226.8,75.3,180.2,0.9,-1,-1,-1
165,26,327.1,221.1,16.5,39.9,0.6,-1,-1,-1
165,24,365.8,229.8,26.3,64.1,0.8,-1,-1,-1
165,20,491.2,239.2,41.9,102.4,0.7,-1,-1,-1
165,18,391.5,228.8,26.7,65.7,0.8,-1,-1,-1
165,16,131.9,220.1,30.5,73.3,0.8,-1,-1,-1
165,10,156.9,216.5,34.1,79.8,0.8,-1,-1,-1
165,8,436.2,226.2,44.2,109.0,0.8,-1,-1,-1
165,3,1.9,227.0,75.3,182.8,0.8,-1,-1,-1
166,26,327.1,221.0,16.5,39.9,0.5,-1,-1,-1
166,24,367.6,230.3,26.3,64.0,0.8,-1,-1,-1
166,20,493.9,239.5,42.2,103.6,0.7,-1,-1,-1
166,18,392.9,228.3,27.2,66.0,0.8,-1,-1,-1
166,16,128.4,219.1,31.5,75.5,0.8,-1,-1,-1
166,10,155.3,215.7,34.6,81.3,0.8,-1,-1,-1
166,8,437.4,226.3,44.8,110.8,0.8,-1,-1,-1
166,3,-0.8,226.8,74.6,185.6,0.9,-1,-1,-1
167,26,326.9,220.9,16.6,40.1,0.5,-1,-1,-1
167,24,368.9,229.8,27.0,65.4,0.8,-1,-1,-1
167,20,496.9,239.8,42.5,104.4,0.7,-1,-1,-1
167,18,394.3,228.2,27.2,66.0,0.8,-1,-1,-1
167,16,126.0,218.5,32.4,77.5,0.8,-1,-1,-1
167,10,153.5,214.8,35.0,82.5,0.8,-1,-1,-1
167,8,438.7,226.0,45.5,112.7,0.9,-1,-1,-1
167,3,-2.5,226.7,73.5,187.7,0.9,-1,-1,-1
168,26,327.0,220.6,16.7,40.4,0.5,-1,-1,-1
168,24,370.4,229.4,26.9,65.6,0.8,-1,-1,-1
168,20,500.3,239.5,43.1,105.8,0.7,-1,-1,-1
168,18,395.7,228.2,27.4,66.5,0.7,-1,-1,-1
168,16,124.4,219.4,32.6,78.0,0.8,-1,-1,-1
168,10,152.2,215.3,35.2,83.4,0.8,-1,-1,-1
168,8,440.1,225.5,46.3,114.7,0.9,-1,-1,-1
168,3,-3.6,225.6,71.7,190.1,0.8,-1,-1,-1
169,26,327.0,220.4,16.7,40.4,0.5,-1,-1,-1
169,24,371.4,229.6,27.8,67.1,0.8,-1,-1,-1
169,20,503.3,239.7,43.5,106.5,0.7,-1,-1,-1
169,18,397.5,228.6,27.6,66.7,0.7,-1,-1,-1
169,16,122.2,219.8,32.8,79.0,0.8,-1,-1,-1
169,10,150.9,216.4,35.2,83.7,0.8,-1,-1,-1
169,8,441.2,225.6,47.0,116.3,0.9,-1,-1,-1
169,3,-4.3,224.6,69.0,192.8,0.8,-1,-1,-1
170,26,326.9,220.7,16.8,40.6,0.5,-1,-1,-1
170,24,372.9,230.3,28.6,68.9,0.8,-1,-1,-1
170,20,504.8,241.3,43.8,106.9,0.8,-1,-1,-1
170,18,399.1,229.5,27.7,67.1,0.8,-1,-1,-1
170,16,120.3,219.9,33.2,80.4,0.8,-1,-1,-1
170,10,149.7,217.1,35.4,84.4,0.8,-1,-1,-1
170,8,442.5,226.3,47.5,117.6,0.9,-1,-1,-1
170,3,-4.2,224.4,66.7,195.6,0.8,-1,-1,-1
171,26,327.2,221.4,16.8,40.5,0.3,-1,-1,-1
171,24,374.5,230.9,29.4,70.3,0.8,-1,-1,-1
171,20,508.2,242.9,44.6,108.5,0.8,-1,-1,-1
171,18,401.3,230.9,27.6,67.3,0.7,-1,-1,-1
171,16,118.3,221.0,33.6,81.4,0.8,-1,-1,-1
171,10,147.9,218.3,35.9,85.4,0.8,-1,-1,-1
171,8,444.3,227.1,48.1,118.8,0.9,-1,-1,-1
171,3,-4.1,226.1,64.3,199.6,0.8,-1,-1,-1
172,26,327.4,222.4,16.9,40.9,0.4,-1,-1,-1
172,24,376.3,231.7,30.0,71.5,0.8,-1,-1,-1
172,20,511.4,244.1,45.3,109.5,0.7,-1,-1,-1
172,18,403.3,232.2,28.0,68.4,0.7,-1,-1,-1
172,16,116.3,222.3,33.8,81.9,0.8,-1,-1,-1
172,10,146.2,220.0,36.0,85.6,0.8,-1,-1,-1
172,8,446.8,227.7,48.6,119.9,0.8,-1,-1,-1
172,3,-3.9,227.6,61.6,201.5,0.8,-1,-1,-1
173,26,327.6,223.2,17.1,41.4,0.5,-1,-1,-1
173,24,378.5,232.3,30.5,72.6,0.8,-1,-1,-1
173,20,515.6,244.5,46.1,110.5,0.8,-1,-1,-1
173,18,405.5,232.9,28.8,70.3,0.8,-1,-1,-1
173,16,114.1,223.8,33.7,81.5,0.8,-1,-1,-1
173,10,144.6,222.5,36.0,85.4,0.8,-1,-1,-1
173,8,449.5,228.2,49.2,121.7,0.8,-1,-1,-1
173,3,-4.5,229.3,57.5,201.6,0.7,-1,-1,-1
174,26,328.3,223.2,16.9,40.8,0.4,-1,-1,-1
174,24,380.1,233.0,30.1,72.6,0.7,-1,-1,-1
174,20,518.3,245.6,46.6,111.1,0.8,-1,-1,-1
174,18,407.3,233.1,29.0,70.7,0.8,-1,-1,-1
174,16,112.4,224.6,33.8,81.6,0.8,-1,-1,-1
174,10,143.1,223.8,36.2,85.7,0.8,-1,-1,-1
174,8,451.7,228.2,50.0,124.0,0.9,-1,-1,-1
174,3,-5.1,232.4,52.8,199.9,0.6,-1,-1,-1
175,26,328.3,223.0,17.2,41.3,0.5,-1,-1,-1
175,24,382.4,234.0,30.0,72.7,0.8,-1,-1,-1
175,20,520.9,246.3,47.1,112.2,0.8,-1,-1,-1
175,18,409.5,232.9,29.2,71.4,0.8,-1,-1,-1
175,16,111.1,224.7,34.0,82.2,0.8,-1,-1,-1
175,10,141.7,223.7,36.7,86.6,0.8,-1,-1,-1
175,8,453.7,227.8,50.7,125.6,0.9,-1,-1,-1
175,3,-3.4,233.4,51.0,200.6,0.6,-1,-1,-1
176,26,329.2,222.4,17.1,41.0,0.6,-1,-1,-1
176,24,385.6,233.5,30.7,74.2,0.8,-1,-1,-1
176,20,525.0,246.2,47.8,113.9,0.8,-1,-1,-1
176,18,412.5,232.3,29.4,72.1,0.8,-1,-1,-1
176,16,108.9,225.5,34.4,83.0,0.8,-1,-1,-1
176,10,139.4,223.4,36.9,87.1,0.8,-1,-1,-1
176,8,456.4,227.7,51.6,127.6,0.9,-1,-1,-1
176,3,-4.0,238.6,46.9,197.4,0.6,-1,-1,-1
177,26,329.5,221.9,17.1,41.1,0.6,-1,-1,-1
177,24,388.4,232.6,31.3,75.3,0.8,-1,-1,-1
177,20,530.1,245.5,48.5,115.4,0.8,-1,-1,-1
177,18,414.6,232.3,29.7,72.8,0.8,-1,-1,-1
177,16,107.4,225.5,34.7,83.6,0.8,-1,-1,-1
177,10,137.2,223.0,37.1,87.8,0.8,-1,-1,-1
177,8,458.9,227.2,52.4,129.4,0.9,-1,-1,-1
177,3,-4.3,239.2,42.3,192.9,0.4,-1,-1,-1
178,26,330.1,221.2,17.2,41.2,0.6,-1,-1,-1
178,24,391.3,231.8,31.7,76.2,0.8,-1,-1,-1
178,20,534.3,245.8,49.3,116.6,0.8,-1,-1,-1
178,18,416.8,231.9,29.9,73.6,0.8,-1,-1,-1
178,16,105.3,225.5,35.0,84.3,0.8,-1,-1,-1
178,10,135.2,223.0,37.1,88.3,0.8,-1,-1,-1
178,8,461.5,226.4,53.3,131.9,0.9,-1,-1,-1
178,3,-3.9,240.1,38.6,193.3,0.4,-1,-1,-1
179,26,330.6,220.9,17.2,41.4,0.7,-1,-1,-1
179,24,393.4,231.5,31.9,76.8,0.8,-1,-1,-1
179,20,536.9,246.3,50.1,118.0,0.8,-1,-1,-1
179,18,418.9,231.9,30.1,74.3,0.8,-1,-1,-1
179,16,104.0,225.0,35.4,85.4,0.8,-1,-1,-1
179,10,133.4,223.4,37.2,88.6,0.8,-1,-1,-1
179,8,464.0,226.4,54.0,133.7,0.9,-1,-1,-1
179,3,-3.7,243.0,34.8,193.7,0.4,-1,-1,-1
180,26,331.3,220.6,17.0,41.1,0.6,-1,-1,-1
180,24,395.7,231.8,32.2,77.3,0.8,-1,-1,-1
180,20,540.4,247.0,50.6,119.0,0.8,-1,-1,-1
180,18,421.2,232.2,30.3,74.3,0.7,-1,-1,-1
180,16,102.6,224.6,35.6,85.9,0.8,-1,-1,-1
180,10,132.1,223.8,37.3,88.7,0.8,-1,-1,-1
180,8,465.9,226.6,54.6,135.4,0.9,-1,-1,-1
180,3,-3.4,249.1,31.2,196.4,0.4,-1,-1,-1
181,28,1.6,219.2,30.0,70.8,0.4,-1,-1,-1
181,26,331.7,220.8,17.2,41.8,0.6,-1,-1,-1
181,24,398.9,232.0,32.6,78.3,0.8,-1,-1,-1
181,20,545.9,248.1,51.4,120.9,0.8,-1,-1,-1
181,18,424.0,232.4,30.4,74.8,0.8,-1,-1,-1
181,16,100.2,224.6,36.1,86.9,0.8,-1,-1,-1
181,10,129.8,223.2,37.6,89.8,0.8,-1,-1,-1
181,8,469.8,227.5,55.4,137.6,0.9,-1,-1,-1
182,28,0.6,218.2,29.8,70.7,0.5,-1,-1,-1
182,26,332.4,220.2,17.1,41.7,0.4,-1,-1,-1
182,24,402.2,234.0,32.7,77.8,0.8,-1,-1,-1
182,20,550.5,249.5,52.1,122.9,0.7,-1,-1,-1
182,18,426.9,233.0,30.4,74.8,0.7,-1,-1,-1
182,16,97.5,224.8,36.7,88.0,0.8,-1,-1,-1
182,10,127.6,222.9,38.1,91.2,0.8,-1,-1,-1
182,8,473.8,227.7,56.1,139.9,0.9,-1,-1,-1
183,28,-0.3,218.2,29.4,72.2,0.4,-1,-1,-1
183,26,333.2,220.6,17.1,42.0,0.5,-1,-1,-1
183,24,405.4,235.8,32.9,77.9,0.8,-1,-1,-1
183,20,555.9,249.4,53.3,125.8,0.7,-1,-1,-1
183,18,430.6,234.1,30.9,76.1,0.7,-1,-1,-1
183,16,94.8,225.0,37.3,89.4,0.8,-1,-1,-1
183,10,125.5,222.8,38.7,92.6,0.8,-1,-1,-1
183,8,477.1,227.9,57.3,142.7,0.9,-1,-1,-1
184,28,-0.7,218.0,28.5,72.1,0.4,-1,-1,-1
184,26,333.9,220.6,17.2,42.1,0.4,-1,-1,-1
184,24,407.6,235.6,32.8,78.4,0.8,-1,-1,-1
184,20,560.6,249.2,54.0,127.8,0.7,-1,-1,-1
184,18,432.8,234.4,31.5,76.8,0.7,-1,-1,-1
184,16,92.3,226.2,37.7,90.5,0.8,-1,-1,-1
184,10,123.0,223.5,39.2,94.1,0.8,-1,-1,-1
184,8,480.4,227.9,58.3,145.0,0.9,-1,-1,-1
185,28,-1.3,217.9,26.1,70.4,0.4,-1,-1,-1
185,26,334.7,220.6,17.2,42.2,0.4,-1,-1,-1
185,24,410.9,235.2,33.1,79.6,0.8,-1,-1,-1
185,20,565.2,249.8,54.3,129.4,0.6,-1,-1,-1
185,18,435.7,234.2,32.0,78.1,0.6,-1,-1,-1
185,16,90.2,226.5,38.2,92.0,0.8,-1,-1,-1
185,10,120.4,223.5,39.8,95.6,0.8,-1,-1,-1
185,8,483.4,227.6,59.5,147.6,0.8,-1,-1,-1
186,28,-1.2,218.9,24.4,71.2,0.6,-1,-1,-1
186,26,335.6,220.4,17.2,41.8,0.4,-1,-1,-1
186,24,414.5,235.6,33.2,80.0,0.8,-1,-1,-1
186,20,569.4,249.6,54.8,131.7,0.5,-1,-1,-1
186,18,438.5,233.6,32.4,79.3,0.6,-1,-1,-1
186,16,88.1,226.9,38.8,93.6,0.8,-1,-1,-1
186,10,117.9,223.8,40.2,97.0,0.8,-1,-1,-1
186,8,487.6,227.9,60.1,149.2,0.9,-1,-1,-1
187,28,-1.2,218.6,22.4,72.6,0.4,-1,-1,-1
187,26,336.5,219.8,17.3,41.9,0.5,-1,-1,-1
187,24,417.9,235.0,33.8,81.5,0.8,-1,-1,-1
187,20,574.3,249.6,55.4,134.5,0.5,-1,-1,-1
187,18,442.3,232.5,32.8,80.7,0.5,-1,-1,-1
187,16,85.3,226.8,39.3,95.0,0.8,-1,-1,-1
187,10,115.7,224.1,40.6,98.1,0.8,-1,-1,-1
187,8,492.2,227.8,60.9,151.0,0.9,-1,-1,-1
188,29,522.4,229.2,40.5,90.1,0.4,-1,-1,-1
188,28,-0.9,218.2,20.8,72.8,0.3,-1,-1,-1
188,26,337.0,219.2,17.5,42.4,0.6,-1,-1,-1
188,24,421.4,234.0,34.2,82.2,0.8,-1,-1,-1
188,20,579.6,249.2,56.0,137.1,0.7,-1,-1,-1
188,18,446.2,232.5,33.7,82.4,0.7,-1,-1,-1
188,16,82.0,226.4,40.1,96.7,0.9,-1,-1,-1
188,10,113.0,223.9,41.1,99.2,0.8,-1,-1,-1
188,8,495.8,227.7,62.0,154.2,0.9,-1,-1,-1
189,29,525.8,227.4,40.4,94.0,0.4,-1,-1,-1
189,28,-0.7,217.6,19.1,72.3,0.5,-1,-1,-1
189,26,337.5,218.7,17.8,43.0,0.6,-1,-1,-1
189,24,424.8,233.2,35.2,84.8,0.8,-1,-1,-1
189,20,584.5,247.4,55.8,140.1,0.5,-1,-1,-1
189,18,449.5,231.6,34.2,83.8,0.4,-1,-1,-1
189,16,78.7,226.1,40.9,98.6,0.9,-1,-1,-1
189,10,110.6,224.3,41.6,100.3,0.8,-1,-1,-1
189,8,500.8,227.1,62.9,157.0,0.9,-1,-1,-1
190,29,533.2,224.9,38.7,91.7,0.4,-1,-1,-1
190,28,-0.9,217.7,17.1,74.2,0.4,-1,-1,-1
190,26,338.0,218.5,18.3,44.3,0.5,-1,-1,-1
190,24,429.3,232.8,35.9,86.8,0.8,-1,-1,-1
190,20,592.0,245.8,52.0,142.9,0.4,-1,-1,-1
190,18,453.8,230.8,34.3,84.7,0.5,-1,-1,-1
190,16,74.4,225.2,41.4,100.3,0.8,-1,-1,-1
190,10,106.9,223.6,42.4,102.0,0.8,-1,-1,-1
190,8,505.7,227.1,64.6,161.0,0.9,-1,-1,-1
191,29,537.3,223.8,38.9,91.2,0.4,-1,-1,-1
191,26,338.4,218.1,18.8,45.3,0.4,-1,-1,-1
191,24,432.9,232.6,37.0,89.5,0.8,-1,-1,-1
191,20,597.2,245.6,48.2,145.3,0.4,-1,-1,-1
191,18,458.6,230.6,35.2,86.9,0.5,-1,-1,-1
191,16,70.4,223.9,42.1,102.2,0.8,-1,-1,-1
191,10,103.4,222.6,43.2,104.3,0.8,-1,-1,-1
191,8,510.4,227.4,66.0,164.6,0.9,-1,-1,-1
192,29,537.1,227.2,42.5,100.2,0.4,-1,-1,-1
192,24,436.5,232.4,37.8,91.1,0.8,-1,-1,-1
192,20,601.7,247.7,44.1,146.8,0.4,-1,-1,-1
192,18,462.8,232.2,36.7,89.9,0.5,-1,-1,-1
192,16,66.9,223.0,42.9,104.0,0.8,-1,-1,-1
192,10,100.1,221.8,44.3,106.6,0.8,-1,-1,-1
192,8,515.9,226.7,67.4,168.7,0.9,-1,-1,-1
193,30,134.0,210.3,25.2,59.1,0.5,-1,-1,-1
193,24,439.3,232.2,38.0,91.9,0.8,-1,-1,-1
193,18,466.2,232.0,37.1,90.8,0.5,-1,-1,-1
193,16,63.6,222.3,43.5,105.7,0.8,-1,-1,-1
193,10,97.4,220.9,45.0,108.6,0.9,-1,-1,-1
193,8,520.6,226.1,69.1,172.8,0.9,-1,-1,-1
194,24,443.8,232.9,38.1,92.4,0.7,-1,-1,-1
194,18,471.2,232.7,37.4,91.1,0.7,-1,-1,-1
194,16,60.4,222.0,43.9,106.9,0.9,-1,-1,-1
194,10,94.6,220.6,45.6,110.4,0.9,-1,-1,-1
194,8,525.1,226.6,71.3,177.8,0.9,-1,-1,-1
195,24,448.8,234.3,38.6,93.4,0.7,-1,-1,-1
195,18,475.4,233.1,37.9,91.7,0.6,-1,-1,-1
195,16,57.0,222.3,44.7,109.0,0.9,-1,-1,-1
195,10,91.5,220.9,46.4,112.3,0.9,-1,-1,-1
195,8,531.0,226.8,72.9,182.3,0.9,-1,-1,-1
196,30,139.1,209.7,20.0,46.1,0.6,-1,-1,-1
196,24,453.9,234.9,38.8,93.9,0.8,-1,-1,-1
196,18,480.7,233.4,39.0,93.5,0.7,-1,-1,-1
196,16,53.1,222.2,45.5,111.0,0.8,-1,-1,-1
196,10,88.4,220.8,46.9,114.2,0.9,-1,-1,-1
196,8,536.8,227.6,74.2,185.5,0.8,-1,-1,-1
197,30,139.9,209.8,19.8,45.3,0.7,-1,-1,-1
197,24,458.6,235.9,38.9,95.0,0.8,-1,-1,-1
197,18,485.7,232.9,39.2,93.5,0.7,-1,-1,-1
197,16,49.3,222.7,46.3,112.9,0.9,-1,-1,-1
197,10,84.4,220.9,47.7,115.9,0.8,-1,-1,-1
197,8,544.4,228.8,75.5,188.5,0.8,-1,-1,-1
198,30,139.9,210.2,20.4,46.9,0.6,-1,-1,-1
198,24,463.5,236.5,39.5,96.3,0.8,-1,-1,-1
198,18,490.7,234.0,39.8,94.7,0.7,-1,-1,-1
198,16,45.9,223.5,47.2,115.1,0.9,-1,-1,-1
198,10,81.1,220.9,48.6,118.1,0.9,-1,-1,-1
198,8,550.3,229.6,77.9,193.0,0.8,-1,-1,-1
199,30,140.5,210.2,20.4,47.3,0.7,-1,-1,-1
199,24,469.4,236.7,40.4,98.1,0.8,-1,-1,-1
199,18,498.5,235.1,40.4,95.7,0.8,-1,-1,-1
199,16,41.3,224.5,47.9,117.0,0.9,-1,-1,-1
199,10,76.6,220.9,49.7,120.7,0.9,-1,-1,-1
199,8,556.6,230.4,79.7,197.9,0.7,-1,-1,-1
200,30,140.7,210.3,20.0,46.8,0.6,-1,-1,-1
200,24,474.8,237.1,41.7,100.4,0.8,-1,-1,-1
200,18,504.2,236.3,41.5,97.5,0.7,-1,-1,-1
200,16,35.5,224.6,48.8,119.2,0.8,-1,-1,-1
200,10,72.3,220.9,50.5,123.0,0.9,-1,-1,-1
200,8,561.9,231.1,79.7,203.3,0.7,-1,-1,-1
201,30,141.2,210.9,19.4,45.8,0.6,-1,-1,-1
201,24,479.5,237.0,42.4,101.8,0.8,-1,-1,-1
201,18,508.6,237.0,42.3,98.7,0.8,-1,-1,-1
201,16,30.5,224.6,49.6,121.9,0.9,-1,-1,-1
201,10,68.7,220.7,51.6,125.9,0.9,-1,-1,-1
201,8,568.1,232.2,76.8,206.9,0.8,-1,-1,-1
202,30,141.8,213.6,18.8,44.9,0.3,-1,-1,-1
202,24,484.1,237.5,43.1,103.8,0.8,-1,-1,-1
202,18,514.1,237.8,42.8,100.2,0.8,-1,-1,-1
202,16,25.3,224.8,51.1,125.2,0.9,-1,-1,-1
202,10,64.6,221.2,52.9,128.7,0.9,-1,-1,-1
202,8,574.9,236.1,72.0,210.2,0.7,-1,-1,-1
203,31,350.2,217.7,20.2,48.2,0.5,-1,-1,-1
203,24,487.5,237.3,43.6,105.6,0.8,-1,-1,-1
203,18,519.5,237.9,43.4,101.5,0.8,-1,-1,-1
203,16,19.5,224.7,52.9,128.7,0.9,-1,-1,-1
203,10,61.0,221.4,54.0,131.5,0.9,-1,-1,-1
203,8,582.1,239.4,66.0,213.0,0.4,-1,-1,-1
204,31,351.2,218.1,19.9,47.8,0.5,-1,-1,-1
204,24,492.4,238.5,44.4,107.4,0.8,-1,-1,-1
204,18,524.3,238.5,43.7,102.5,0.8,-1,-1,-1
204,16,14.4,225.0,54.3,131.8,0.9,-1,-1,-1
204,10,57.3,221.7,55.1,134.4,0.9,-1,-1,-1
205,33,165.9,218.0,19.8,49.2,0.7,-1,-1,-1
205,32,337.9,220.3,17.4,41.2,0.5,-1,-1,-1
205,31,352.4,218.5,19.6,47.2,0.5,-1,-1,-1
205,24,497.1,240.1,44.9,109.1,0.8,-1,-1,-1
205,18,528.9,239.2,44.1,103.6,0.8,-1,-1,-1
205,16,9.0,225.6,55.0,134.8,0.8,-1,-1,-1
205,10,52.5,222.5,56.1,137.0,0.9,-1,-1,-1
206,33,166.0,218.5,20.1,49.4,0.7,-1,-1,-1
206,32,338.7,220.4,18.3,43.4,0.4,-1,-1,-1
206,31,353.4,218.8,19.8,47.6,0.5,-1,-1,-1
206,24,502.0,242.0,45.4,110.4,0.8,-1,-1,-1
206,18,533.8,239.9,44.9,105.4,0.8,-1,-1,-1
206,16,4.7,226.7,55.4,137.6,0.8,-1,-1,-1
206,10,48.2,224.0,57.0,139.4,0.9,-1,-1,-1
207,33,166.0,219.1,20.2,49.1,0.7,-1,-1,-1
207,32,339.8,220.3,17.7,42.4,0.4,-1,-1,-1
207,31,354.7,219.3,19.6,46.9,0.5,-1,-1,-1
207,24,507.4,243.4,46.3,112.3,0.7,-1,-1,-1
207,18,538.5,240.4,45.9,107.5,0.8,-1,-1,-1
207,16,0.1,228.2,54.7,140.3,0.8,-1,-1,-1
207,10,43.4,224.9,58.1,142.4,0.9,-1,-1,-1
208,33,166.2,219.7,20.1,48.3,0.7,-1,-1,-1
208,32,340.6,220.9,17.6,42.4,0.4,-1,-1,-1
208,31,355.8,219.5,19.4,46.2,0.6,-1,-1,-1
208,24,513.6,244.3,46.6,112.0,0.7,-1,-1,-1
208,18,543.2,240.6,46.8,109.6,0.8,-1,-1,-1
208,16,-2.6,227.6,53.2,142.7,0.8,-1,-1,-1
208,10,38.0,225.4,59.4,145.7,0.9,-1,-1,-1
209,33,166.2,219.5,20.4,48.6,0.7,-1,-1,-1
209,31,356.7,219.6,19.3,45.9,0.5,-1,-1,-1
209,24,519.1,244.7,47.0,113.3,0.8,-1,-1,-1
209,18,549.4,240.4,47.8,111.8,0.8,-1,-1,-1
209,16,-4.1,227.7,50.6,145.2,0.7,-1,-1,-1
209,10,31.0,225.6,61.1,149.8,0.9,-1,-1,-1
210,33,165.9,218.8,20.9,49.5,0.7,-1,-1,-1
210,31,357.5,219.4,19.4,46.0,0.5,-1,-1,-1
210,24,525.9,245.1,47.8,115.3,0.7,-1,-1,-1
210,18,555.9,241.2,48.7,113.5,0.8,-1,-1,-1
210,16,-5.7,229.5,46.0,146.4,0.7,-1,-1,-1
210,10,25.2,225.2,62.8,153.9,0.8,-1,-1,-1
211,33,166.6,218.7,21.0,49.8,0.8,-1,-1,-1
211,32,343.0,220.7,17.8,42.9,0.3,-1,-1,-1
211,31,357.8,218.9,19.7,46.7,0.5,-1,-1,-1
211,24,534.3,243.1,47.2,113.8,0.6,-1,-1,-1
211,18,564.6,241.9,49.4,114.7,0.8,-1,-1,-1
211,16,-5.9,229.8,41.5,145.9,0.7,-1,-1,-1
211,10,17.1,224.0,65.0,159.5,0.9,-1,-1,-1
212,33,166.9,217.9,21.0,50.0,0.7,-1,-1,-1
212,32,343.8,220.3,17.9,42.8,0.3,-1,-1,-1
212,31,358.4,218.4,20.1,47.5,0.5,-1,-1,-1
212,24,542.0,242.5,47.5,112.5,0.4,-1,-1,-1
212,18,572.5,243.8,49.8,115.8,0.7,-1,-1,-1
212,16,-6.3,235.2,36.3,146.1,0.4,-1,-1,-1
212,10,9.7,222.9,67.0,164.2,0.9,-1,-1,-1
213,33,167.0,218.0,21.1,50.2,0.7,-1,-1,-1
213,32,344.2,219.8,18.0,42.9,0.3,-1,-1,-1
213,31,359.2,218.1,20.2,47.9,0.5,-1,-1,-1
213,24,548.0,243.4,48.3,113.1,0.5,-1,-1,-1
213,18,575.4,244.7,50.8,117.7,0.7,-1,-1,-1
213,16,-5.6,236.4,32.2,146.1,0.3,-1,-1,-1
213,10,3.8,222.4,67.9,169.4,0.8,-1,-1,-1
214,33,167.6,218.1,21.3,50.5,0.7,-1,-1,-1
214,32,344.6,220.1,18.2,42.9,0.3,-1,-1,-1
214,31,359.6,218.3,20.4,48.5,0.5,-1,-1,-1
214,24,552.8,246.0,49.7,116.8,0.5,-1,-1,-1
214,18,582.0,246.1,51.5,119.3,0.6,-1,-1,-1
214,10,-0.1,222.0,68.1,173.3,0.8,-1,-1,-1
215,33,167.6,217.8,21.6,51.0,0.7,-1,-1,-1
215,31,360.2,218.2,20.6,49.1,0.5,-1,-1,-1
215,24,558.9,247.8,51.8,122.2,0.3,-1,-1,-1
215,18,586.4,247.3,52.4,123.2,0.6,-1,-1,-1
215,10,-3.2,223.0,66.3,177.4,0.8,-1,-1,-1
216,33,167.4,218.0,22.0,51.6,0.7,-1,-1,-1
216,31,360.9,218.4,20.7,49.4,0.3,-1,-1,-1
216,24,565.5,248.6,51.9,123.4,0.6,-1,-1,-1
216,18,591.7,248.8,51.1,125.8,0.7,-1,-1,-1
216,10,-4.5,223.7,63.8,182.0,0.8,-1,-1,-1
217,33,167.2,218.1,22.4,52.5,0.7,-1,-1,-1
217,31,361.4,218.6,21.0,50.1,0.5,-1,-1,-1
217,24,573.5,250.7,53.9,127.7,0.4,-1,-1,-1
217,18,597.7,250.9,47.7,129.1,0.3,-1,-1,-1
217,10,-5.4,229.1,60.0,183.0,0.7,-1,-1,-1
218,33,167.0,217.8,22.6,53.2,0.7,-1,-1,-1
218,31,362.1,218.4,20.8,49.8,0.5,-1,-1,-1
218,24,582.3,252.6,54.5,130.7,0.6,-1,-1,-1
218,10,-5.5,229.9,56.6,187.3,0.7,-1,-1,-1
219,33,166.4,217.8,23.0,54.2,0.7,-1,-1,-1
219,32,348.5,221.6,18.2,45.0,0.4,-1,-1,-1
219,31,361.6,219.0,21.9,52.3,0.6,-1,-1,-1
219,24,590.7,257.2,52.3,135.2,0.5,-1,-1,-1
219,10,-6.2,228.4,52.0,190.2,0.8,-1,-1,-1
220,33,165.8,217.5,23.4,55.2,0.8,-1,-1,-1
220,32,349.1,221.6,18.2,45.2,0.4,-1,-1,-1
220,31,362.1,218.8,22.0,52.8,0.6,-1,-1,-1
220,24,596.6,257.7,49.1,137.6,0.3,-1,-1,-1
220,10,-6.7,228.1,46.4,189.6,0.7,-1,-1,-1
221,33,165.6,218.2,23.8,55.8,0.8,-1,-1,-1
221,32,349.9,222.1,18.4,46.2,0.4,-1,-1,-1
221,31,362.3,219.0,22.8,54.7,0.4,-1,-1,-1
221,24,605.2,256.0,42.8,136.4,0.5,-1,-1,-1
221,10,-6.6,233.4,41.0,190.2,0.4,-1,-1,-1
222,33,164.5,217.7,23.9,55.9,0.8,-1,-1,-1
222,32,350.3,222.3,18.5,46.3,0.4,-1,-1,-1
222,31,362.8,218.7,22.9,55.3,0.5,-1,-1,-1
222,10,-6.0,237.2,36.3,192.7,0.3,-1,-1,-1
223,33,164.1,218.8,24.1,55.9,0.8,-1,-1,-1
223,32,350.3,223.3,19.2,48.0,0.5,-1,-1,-1
223,31,363.0,218.8,23.3,56.4,0.4,-1,-1,-1
224,33,163.0,218.9,24.3,56.1,0.8,-1,-1,-1
224,32,350.7,223.6,19.6,48.7,0.4,-1,-1,-1
224,31,363.7,219.0,23.4,56.6,0.5,-1,-1,-1
225,33,161.6,219.4,24.4,56.1,0.8,-1,-1,-1
225,32,350.6,223.9,20.0,49.8,0.4,-1,-1,-1
225,31,363.8,218.9,23.4,56.2,0.3,-1,-1,-1
226,33,160.7,220.2,24.6,56.7,0.8,-1,-1,-1
226,32,350.5,224.0,20.5,50.6,0.4,-1,-1,-1
226,31,365.3,219.4,23.2,55.4,0.4,-1,-1,-1
227,33,159.9,220.9,24.5,56.8,0.8,-1,-1,-1
227,32,350.3,224.1,20.5,50.7,0.5,-1,-1,-1
227,31,366.1,219.9,23.0,54.8,0.5,-1,-1,-1
228,33,158.8,221.5,24.4,57.1,0.8,-1,-1,-1
228,32,350.6,224.1,20.6,51.0,0.5,-1,-1,-1
228,31,366.9,220.3,22.9,54.4,0.6,-1,-1,-1
229,33,157.9,221.1,24.4,57.5,0.7,-1,-1,-1
229,32,351.0,223.9,20.9,51.5,0.6,-1,-1,-1
229,31,367.8,220.5,23.2,54.8,0.7,-1,-1,-1
230,33,156.7,220.9,24.5,58.2,0.7,-1,-1,-1
230,32,351.2,223.4,21.3,52.4,0.6,-1,-1,-1
230,31,368.6,220.9,23.5,55.3,0.7,-1,-1,-1
231,34,138.7,216.7,24.7,59.5,0.4,-1,-1,-1
231,33,155.0,220.6,24.7,58.4,0.7,-1,-1,-1
231,32,351.5,223.1,21.5,52.8,0.6,-1,-1,-1
231,31,369.3,220.7,23.8,56.0,0.7,-1,-1,-1
232,34,137.3,216.4,25.9,62.3,0.5,-1,-1,-1
232,33,153.7,220.5,24.8,58.6,0.7,-1,-1,-1
232,32,351.2,223.4,22.1,53.9,0.6,-1,-1,-1
232,31,370.3,220.7,24.1,56.8,0.7,-1,-1,-1
233,34,136.0,216.1,26.1,63.1,0.5,-1,-1,-1
233,33,152.8,220.4,24.9,59.0,0.8,-1,-1,-1
233,32,351.0,223.3,22.5,54.7,0.6,-1,-1,-1
233,31,370.7,220.7,24.4,57.7,0.7,-1,-1,-1
234,34,135.1,216.3,25.8,62.9,0.5,-1,-1,-1
234,33,152.1,220.6,24.9,59.4,0.8,-1,-1,-1
234,32,351.3,223.7,22.7,55.2,0.6,-1,-1,-1
234,31,371.5,220.7,24.8,58.3,0.6,-1,-1,-1
235,34,134.4,216.6,25.4,62.6,0.6,-1,-1,-1
235,33,151.1,220.8,24.9,59.6,0.7,-1,-1,-1
235,32,351.7,223.4,22.6,54.8,0.6,-1,-1,-1
235,31,372.0,221.2,25.1,59.3,0.7,-1,-1,-1
236,34,133.9,217.1,25.1,62.1,0.6,-1,-1,-1
236,33,150.3,220.8,24.6,59.6,0.7,-1,-1,-1
236,32,352.3,223.6,22.5,54.4,0.7,-1,-1,-1
236,31,372.7,220.9,25.1,59.6,0.7,-1,-1,-1
237,34,132.6,217.5,25.3,62.0,0.7,-1,-1,-1
237,33,149.0,220.9,24.8,60.0,0.7,-1,-1,-1
237,32,352.9,223.8,22.3,53.7,0.6,-1,-1,-1
237,31,373.4,221.0,25.2,59.8,0.7,-1,-1,-1
238,34,131.0,217.9,25.5,62.2,0.7,-1,-1,-1
238,33,147.5,221.6,24.9,59.9,0.8,-1,-1,-1
238,32,353.4,224.6,22.4,53.4,0.6,-1,-1,-1
238,31,374.3,221.4,25.3,59.9,0.7,-1,-1,-1
239,34,129.5,218.5,25.9,62.9,0.8,-1,-1,-1
239,33,146.4,222.0,24.9,60.1,0.8,-1,-1,-1
239,32,354.2,225.2,22.5,53.4,0.6,-1,-1,-1
239,31,375.4,222.0,25.5,60.0,0.7,-1,-1,-1
240,34,128.0,218.7,26.6,63.9,0.7,-1,-1,-1
240,33,145.3,222.4,25.0,60.4,0.8,-1,-1,-1
240,32,355.1,225.1,22.6,53.3,0.6,-1,-1,-1
240,31,376.2,222.4,25.6,60.1,0.7,-1,-1,-1
241,34,127.1,218.5,27.2,65.0,0.8,-1,-1,-1
241,33,145.0,222.3,25.1,60.6,0.8,-1,-1,-1
241,32,355.9,225.0,22.6,53.5,0.7,-1,-1,-1
241,31,376.9,222.5,25.5,60.0,0.8,-1,-1,-1
242,34,125.7,218.1,28.4,67.0,0.7,-1,-1,-1
242,33,143.7,221.8,25.8,62.4,0.7,-1,-1,-1
242,32,356.7,225.2,22.6,53.7,0.6,-1,-1,-1
242,31,377.4,222.7,25.7,60.3,0.7,-1,-1,-1
243,36,246.2,220.9,17.5,42.8,0.4,-1,-1,-1
243,34,124.0,218.0,29.5,69.4,0.7,-1,-1,-1
243,33,142.8,222.4,25.9,62.6,0.7,-1,-1,-1
243,32,357.0,225.8,22.9,54.8,0.6,-1,-1,-1
243,31,378.2,222.9,25.8,60.8,0.7,-1,-1,-1
244,34,121.6,218.4,30.4,71.3,0.8,-1,-1,-1
244,33,142.1,223.0,25.9,62.8,0.7,-1,-1,-1
244,32,357.3,226.5,23.6,56.2,0.6,-1,-1,-1
244,31,378.6,223.6,25.8,61.0,0.7,-1,-1,-1
245,34,120.2,218.8,30.9,72.8,0.8,-1,-1,-1
245,33,141.2,223.4,25.8,62.8,0.7,-1,-1,-1
245,32,357.7,227.4,24.3,57.6,0.5,-1,-1,-1
245,31,379.3,223.9,26.1,61.4,0.6,-1,-1,-1
246,34,119.1,218.4,31.5,74.1,0.8,-1,-1,-1
246,33,140.5,223.0,26.4,64.0,0.7,-1,-1,-1
246,32,358.0,227.6,24.7,58.5,0.6,-1,-1,-1
246,31,379.6,224.3,26.7,62.6,0.7,-1,-1,-1
247,34,118.1,219.3,32.2,75.5,0.8,-1,-1,-1
247,33,140.2,223.6,26.5,64.4,0.8,-1,-1,-1
247,32,358.7,228.0,25.1,59.7,0.6,-1,-1,-1
247,31,380.5,224.1,27.0,63.2,0.6,-1,-1,-1
248,34,116.5,219.3,32.5,76.4,0.8,-1,-1,-1
248,33,138.8,223.4,27.6,66.6,0.8,-1,-1,-1
248,32,359.2,228.3,25.3,60.2,0.7,-1,-1,-1
248,31,381.6,224.9,27.1,62.9,0.7,-1,-1,-1
249,34,115.8,219.7,32.6,76.4,0.8,-1,-1,-1
249,33,137.6,223.3,28.5,68.4,0.8,-1,-1,-1
249,32,359.9,228.9,25.5,60.6,0.7,-1,-1,-1
249,31,382.6,225.3,27.3,63.5,0.8,-1,-1,-1
250,34,115.0,220.3,32.8,76.5,0.8,-1,-1,-1
250,33,136.7,222.9,29.3,70.0,0.8,-1,-1,-1
250,32,360.3,229.4,25.7,61.0,0.7,-1,-1,-1
250,31,383.6,225.7,27.3,63.8,0.8,-1,-1,-1
251,34,114.1,220.7,32.9,76.8,0.8,-1,-1,-1
251,33,135.8,223.8,29.6,70.4,0.8,-1,-1,-1
251,32,360.5,229.8,26.0,61.8,0.7,-1,-1,-1
251,31,384.9,226.2,27.3,63.9,0.8,-1,-1,-1
252,34,113.3,221.1,32.8,77.1,0.8,-1,-1,-1
252,33,135.4,224.1,29.8,70.9,0.8,-1,-1,-1
252,32,361.1,229.7,26.2,62.3,0.7,-1,-1,-1
252,31,386.1,226.3,27.2,64.1,0.7,-1,-1,-1
253,34,112.7,221.8,32.5,76.6,0.8,-1,-1,-1
253,33,135.1,224.4,29.9,71.0,0.8,-1,-1,-1
253,32,361.5,230.0,26.4,62.8,0.7,-1,-1,-1
253,31,387.3,226.6,27.2,64.5,0.7,-1,-1,-1
254,34,112.0,223.0,32.4,76.3,0.8,-1,-1,-1
254,33,134.3,224.8,30.1,71.3,0.8,-1,-1,-1
254,32,362.2,229.5,26.2,62.4,0.7,-1,-1,-1
254,31,388.6,227.2,27.4,64.8,0.7,-1,-1,-1
255,37,263.9,222.9,19.0,45.4,0.5,-1,-1,-1
255,34,111.0,223.0,32.4,76.6,0.8,-1,-1,-1
255,33,134.0,225.5,29.8,70.9,0.8,-1,-1,-1
255,32,362.5,229.4,26.2,62.4,0.7,-1,-1,-1
255,31,389.2,227.4,27.7,65.5,0.8,-1,-1,-1
256,37,263.2,222.4,19.6,47.2,0.6,-1,-1,-1
256,34,109.5,223.2,32.6,77.2,0.8,-1,-1,-1
256,33,133.3,226.2,29.9,70.7,0.8,-1,-1,-1
256,32,363.0,229.7,26.2,62.8,0.7,-1,-1,-1
256,31,389.6,227.6,28.1,66.2,0.8,-1,-1,-1
257,37,262.4,222.6,19.9,48.0,0.6,-1,-1,-1
257,34,108.0,222.9,32.6,77.2,0.8,-1,-1,-1
257,33,132.6,226.7,30.0,70.8,0.8,-1,-1,-1
257,32,363.4,229.8,26.5,63.4,0.7,-1,-1,-1
257,31,390.1,226.9,28.4,67.2,0.8,-1,-1,-1
258,39,234.0,226.1,17.6,44.6,0.3,-1,-1,-1
258,38,246.9,222.9,19.4,47.4,0.6,-1,-1,-1
258,37,261.6,222.6,19.9,48.1,0.6,-1,-1,-1
258,34,106.7,222.8,32.6,77.4,0.8,-1,-1,-1
258,33,131.9,227.0,30.1,71.0,0.8,-1,-1,-1
258,32,364.0,230.0,26.8,64.1,0.7,-1,-1,-1
258,31,390.7,227.2,28.8,68.0,0.8,-1,-1,-1
259,39,232.6,225.6,18.2,45.0,0.4,-1,-1,-1
259,38,246.0,223.0,19.7,47.8,0.6,-1,-1,-1
259,37,260.7,222.6,20.0,48.7,0.6,-1,-1,-1
259,34,105.6,222.9,32.5,77.2,0.8,-1,-1,-1
259,33,131.5,227.0,30.0,70.9,0.8,-1,-1,-1
259,32,364.5,230.2,27.4,65.5,0.7,-1,-1,-1
259,31,391.5,227.3,28.9,68.6,0.8,-1,-1,-1
260,39,231.3,225.3,18.3,44.9,0.5,-1,-1,-1
260,38,245.3,223.1,20.0,48.2,0.7,-1,-1,-1
260,37,259.8,222.6,19.9,48.9,0.7,-1,-1,-1
260,34,104.2,222.7,32.3,76.9,0.8,-1,-1,-1
260,33,131.0,227.1,29.8,70.7,0.8,-1,-1,-1
260,32,365.4,230.3,27.3,65.7,0.7,-1,-1,-1
260,31,392.3,227.1,28.9,69.0,0.8,-1,-1,-1
261,39,230.7,225.0,18.8,45.8,0.6,-1,-1,-1
261,38,244.8,223.1,20.5,48.9,0.6,-1,-1,-1
261,37,259.5,222.1,20.0,49.3,0.6,-1,-1,-1
261,34,103.4,222.6,32.0,76.4,0.8,-1,-1,-1
261,33,130.0,226.9,30.2,71.2,0.8,-1,-1,-1
261,32,365.9,230.3,27.6,66.1,0.7,-1,-1,-1
261,31,392.3,226.4,29.1,69.8,0.8,-1,-1,-1
262,39,230.1,224.8,18.9,46.3,0.6,-1,-1,-1
262,38,244.4,222.9,20.5,49.5,0.5,-1,-1,-1
262,37,259.0,222.1,20.1,50.0,0.6,-1,-1,-1
262,34,102.8,222.6,32.0,76.2,0.8,-1,-1,-1
262,33,128.8,226.7,30.2,71.2,0.8,-1,-1,-1
262,32,367.0,230.2,27.5,66.1,0.7,-1,-1,-1
262,31,393.3,226.2,28.9,70.2,0.8,-1,-1,-1
263,39,229.8,224.7,18.3,46.3,0.4,-1,-1,-1
263,38,243.8,222.2,20.2,49.7,0.4,-1,-1,-1
263,37,257.8,221.6,20.6,50.4,0.5,-1,-1,-1
263,34,102.0,222.8,32.3,76.5,0.8,-1,-1,-1
263,33,127.9,226.5,30.3,71.3,0.8,-1,-1,-1
263,32,368.2,230.5,27.5,66.3,0.7,-1,-1,-1
263,31,393.9,226.3,28.9,70.3,0.8,-1,-1,-1
264,37,256.7,220.7,20.7,50.1,0.4,-1,-1,-1
264,34,100.5,221.6,32.9,77.7,0.8,-1,-1,-1
264,33,126.1,225.5,30.4,72.0,0.8,-1,-1,-1
264,32,369.7,230.3,27.5,66.3,0.8,-1,-1,-1
264,31,394.6,226.0,29.0,70.4,0.8,-1,-1,-1
265,37,255.6,219.9,21.2,50.9,0.4,-1,-1,-1
265,34,98.6,220.6,33.3,78.7,0.8,-1,-1,-1
265,33,124.5,225.3,30.6,72.3,0.8,-1,-1,-1
265,32,371.3,230.2,27.8,67.2,0.8,-1,-1,-1
265,31,395.6,226.5,29.2,70.6,0.7,-1,-1,-1
266,37,254.9,219.1,21.6,51.3,0.4,-1,-1,-1
266,34,97.1,219.4,33.5,79.2,0.8,-1,-1,-1
266,33,123.0,225.3,30.9,72.7,0.8,-1,-1,-1
266,32,372.4,230.1,28.3,68.3,0.7,-1,-1,-1
266,31,396.2,226.3,29.7,71.1,0.7,-1,-1,-1
267,39,223.3,223.4,18.7,46.8,0.7,-1,-1,-1
267,38,239.0,219.5,20.6,50.3,0.6,-1,-1,-1
267,37,254.3,219.0,21.5,51.6,0.5,-1,-1,-1
267,34,96.0,218.8,33.4,79.1,0.8,-1,-1,-1
267,33,121.9,224.9,30.8,72.7,0.8,-1,-1,-1
267,32,373.3,229.3,28.6,69.0,0.7,-1,-1,-1
267,31,396.7,225.9,29.9,71.6,0.7,-1,-1,-1
268,39,222.2,222.6,18.9,47.5,0.6,-1,-1,-1
268,38,238.0,218.8,21.0,51.1,0.4,-1,-1,-1
268,37,253.6,218.3,21.6,51.9,0.5,-1,-1,-1
268,34,95.1,218.6,33.6,79.8,0.8,-1,-1,-1
268,33,120.5,224.4,30.8,72.9,0.8,-1,-1,-1
268,32,374.7,229.0,28.6,69.1,0.7,-1,-1,-1
268,31,397.2,225.5,30.3,72.5,0.8,-1,-1,-1
269,39,220.4,222.1,19.6,49.1,0.7,-1,-1,-1
269,38,235.0,219.0,21.2,51.2,0.4,-1,-1,-1
269,37,253.2,218.1,21.4,51.7,0.3,-1,-1,-1
269,34,93.6,218.6,34.2,80.8,0.8,-1,-1,-1
269,33,118.6,224.1,31.1,73.6,0.8,-1,-1,-1
269,32,376.7,228.4,28.4,68.9,0.7,-1,-1,-1
269,31,398.4,224.8,30.6,73.3,0.7,-1,-1,-1
270,39,219.0,221.5,20.3,50.8,0.7,-1,-1,-1
270,38,233.6,219.4,21.4,51.3,0.4,-1,-1,-1
270,37,252.6,218.3,21.2,51.5,0.3,-1,-1,-1
270,34,92.2,218.1,34.7,82.0,0.8,-1,-1,-1
270,33,117.1,223.1,31.4,74.6,0.8,-1,-1,-1
270,32,378.2,227.9,28.2,68.7,0.8,-1,-1,-1
270,31,399.0,224.1,31.0,74.4,0.7,-1,-1,-1
271,39,217.5,220.6,20.9,52.0,0.7,-1,-1,-1
271,38,232.2,219.3,21.3,51.8,0.4,-1,-1,-1
271,37,250.8,218.4,21.3,51.7,0.4,-1,-1,-1
271,34,90.3,217.1,35.2,83.3,0.8,-1,-1,-1
271,33,114.7,220.7,32.4,76.4,0.8,-1,-1,-1
271,32,379.4,228.1,28.3,68.7,0.8,-1,-1,-1
271,31,400.0,223.5,31.4,75.6,0.7,-1,-1,-1
272,39,216.1,219.9,21.4,53.3,0.6,-1,-1,-1
272,38,231.0,218.7,21.5,52.4,0.4,-1,-1,-1
272,34,88.1,215.6,35.6,84.3,0.8,-1,-1,-1
272,33,111.9,218.4,33.2,78.3,0.8,-1,-1,-1
272,32,380.7,227.9,28.5,69.2,0.7,-1,-1,-1
272,31,401.2,223.5,32.0,77.0,0.7,-1,-1,-1
273,39,214.6,218.7,21.7,54.0,0.6,-1,-1,-1
273,38,229.5,217.6,21.6,52.7,0.5,-1,-1,-1
273,34,86.3,214.1,36.2,85.6,0.8,-1,-1,-1
273,33,110.4,218.4,33.4,78.9,0.8,-1,-1,-1
273,32,381.6,227.8,28.9,70.4,0.8,-1,-1,-1
273,31,402.2,223.3,32.3,77.7,0.7,-1,-1,-1
274,39,213.0,217.8,22.0,54.2,0.4,-1,-1,-1
274,34,85.0,214.0,36.7,86.7,0.8,-1,-1,-1
274,33,109.2,217.6,33.6,79.3,0.8,-1,-1,-1
274,32,382.6,227.3,29.0,70.6,0.7,-1,-1,-1
274,31,403.7,223.3,32.5,78.0,0.7,-1,-1,-1
275,39,211.8,216.9,21.7,53.7,0.4,-1,-1,-1
275,34,83.4,213.3,36.9,87.1,0.8,-1,-1,-1
275,33,107.9,217.3,33.8,80.0,0.8,-1,-1,-1
275,32,384.1,227.4,29.1,71.2,0.7,-1,-1,-1
275,31,405.3,223.8,32.8,78.7,0.7,-1,-1,-1
276,39,209.3,216.9,21.4,52.8,0.6,-1,-1,-1
276,38,224.5,215.0,21.6,53.7,0.4,-1,-1,-1
276,37,244.1,214.7,22.1,53.8,0.4,-1,-1,-1
276,34,81.6,213.0,37.1,87.8,0.8,-1,-1,-1
276,33,105.9,216.1,34.3,81.3,0.8,-1,-1,-1
276,32,385.2,228.0,29.9,73.1,0.7,-1,-1,-1
276,31,406.9,223.1,33.4,80.4,0.7,-1,-1,-1
277,39,207.3,217.5,21.4,53.0,0.7,-1,-1,-1
277,38,222.9,214.3,22.1,54.7,0.6,-1,-1,-1
277,37,243.2,214.1,22.5,54.6,0.4,-1,-1,-1
277,34,79.6,212.5,37.5,89.1,0.8,-1,-1,-1
277,33,104.3,215.7,34.8,82.2,0.8,-1,-1,-1
277,32,386.6,227.9,30.7,74.9,0.7,-1,-1,-1
277,31,408.1,223.2,34.1,81.8,0.7,-1,-1,-1
278,39,205.3,217.4,21.6,53.5,0.7,-1,-1,-1
278,38,220.8,213.9,22.6,55.5,0.6,-1,-1,-1
278,37,242.4,213.7,22.7,54.8,0.4,-1,-1,-1
278,34,78.2,212.6,38.0,89.5,0.8,-1,-1,-1
278,33,102.8,215.5,35.5,83.5,0.8,-1,-1,-1
278,32,388.3,227.8,31.2,76.0,0.8,-1,-1,-1
278,31,409.9,223.7,34.4,82.6,0.7,-1,-1,-1
279,39,204.3,218.0,22.0,54.3,0.8,-1,-1,-1
279,38,219.6,214.2,22.8,56.4,0.6,-1,-1,-1
279,37,242.0,213.6,23.2,55.5,0.4,-1,-1,-1
279,34,77.6,213.4,37.9,88.9,0.8,-1,-1,-1
279,33,102.2,216.0,35.7,84.1,0.8,-1,-1,-1
279,32,389.8,227.8,31.6,77.1,0.8,-1,-1,-1
279,31,410.9,223.9,34.5,83.1,0.7,-1,-1,-1
280,39,202.6,218.6,22.0,54.6,0.7,-1,-1,-1
280,38,217.8,215.7,22.8,56.6,0.6,-1,-1,-1
280,37,238.3,214.3,22.8,55.0,0.6,-1,-1,-1
280,34,76.3,212.5,38.4,90.2,0.8,-1,-1,-1
280,33,101.4,217.0,35.7,84.3,0.8,-1,-1,-1
280,32,390.9,228.6,32.4,78.9,0.8,-1,-1,-1
280,31,411.3,224.7,34.9,83.8,0.8,-1,-1,-1
281,39,200.7,219.2,22.1,55.2,0.6,-1,-1,-1
281,38,216.2,217.0,22.7,56.7,0.7,-1,-1,-1
281,37,236.7,214.7,22.6,55.3,0.7,-1,-1,-1
281,34,74.6,213.3,38.6,90.6,0.8,-1,-1,-1
281,33,99.8,217.7,36.0,85.0,0.8,-1,-1,-1
281,32,392.0,229.4,33.2,80.1,0.8,-1,-1,-1
281,31,412.4,225.6,35.5,84.8,0.7,-1,-1,-1
282,39,198.8,219.2,22.3,55.4,0.7,-1,-1,-1
282,38,214.9,217.4,22.7,56.7,0.7,-1,-1,-1
282,37,236.1,215.0,22.9,55.7,0.6,-1,-1,-1
282,34,72.7,213.6,38.7,91.1,0.8,-1,-1,-1
282,33,97.5,217.8,36.5,86.1,0.8,-1,-1,-1
282,32,392.8,230.0,33.8,81.2,0.8,-1,-1,-1
282,31,414.0,226.6,36.0,85.6,0.8,-1,-1,-1
283,39,196.6,219.6,22.5,56.3,0.7,-1,-1,-1
283,38,213.5,217.8,23.0,56.9,0.6,-1,-1,-1
283,37,235.6,215.6,23.2,56.2,0.5,-1,-1,-1
283,34,70.3,214.1,38.9,91.4,0.8,-1,-1,-1
283,33,95.8,218.6,36.7,86.5,0.8,-1,-1,-1
283,32,393.8,230.4,34.3,82.2,0.8,-1,-1,-1
283,31,415.8,226.8,36.3,86.7,0.8,-1,-1,-1
284,39,194.7,219.4,22.4,56.4,0.7,-1,-1,-1
284,38,212.6,217.6,23.2,57.4,0.7,-1,-1,-1
284,37,234.1,215.3,23.5,56.6,0.6,-1,-1,-1
284,34,68.2,214.2,39.0,91.7,0.8,-1,-1,-1
284,33,94.0,219.1,37.0,87.0,0.8,-1,-1,-1
284,32,394.6,230.8,34.9,83.2,0.8,-1,-1,-1
284,31,417.2,227.2,36.7,87.4,0.8,-1,-1,-1
285,39,192.9,219.0,22.3,56.5,0.7,-1,-1,-1
285,38,210.9,217.4,23.6,58.6,0.7,-1,-1,-1
285,37,232.3,216.1,23.8,57.2,0.7,-1,-1,-1
285,34,66.4,215.1,39.1,91.6,0.8,-1,-1,-1
285,33,92.8,219.6,37.3,87.5,0.8,-1,-1,-1
285,32,395.5,230.9,35.4,84.0,0.8,-1,-1,-1
285,31,417.9,227.1,37.0,88.0,0.8,-1,-1,-1
286,39,191.2,219.2,22.5,56.8,0.7,-1,-1,-1
286,38,209.2,216.9,23.9,59.8,0.7,-1,-1,-1
286,37,230.7,215.9,23.9,57.9,0.7,-1,-1,-1
286,34,64.5,214.4,39.3,92.3,0.8,-1,-1,-1
286,33,91.3,219.2,37.4,88.1,0.8,-1,-1,-1
286,32,396.9,231.0,35.6,84.7,0.8,-1,-1,-1
286,31,418.6,227.9,37.2,88.2,0.7,-1,-1,-1
287,39,189.4,219.6,22.8,57.4,0.7,-1,-1,-1
287,38,207.3,216.9,24.2,60.8,0.7,-1,-1,-1
287,37,229.3,215.5,24.3,59.2,0.7,-1,-1,-1
287,34,61.9,214.8,39.3,93.0,0.8,-1,-1,-1
287,33,89.5,219.3,37.5,88.6,0.8,-1,-1,-1
287,32,398.5,231.3,36.0,85.6,0.8,-1,-1,-1
287,31,419.4,228.4,37.5,88.5,0.8,-1,-1,-1
288,39,187.4,220.3,23.0,57.5,0.8,-1,-1,-1
288,38,205.7,216.9,24.5,61.0,0.7,-1,-1,-1
288,37,227.3,215.8,24.6,60.1,0.7,-1,-1,-1
288,34,60.4,215.1,39.4,93.3,0.8,-1,-1,-1
288,33,88.2,220.8,37.3,88.0,0.8,-1,-1,-1
288,32,400.0,231.7,36.2,86.1,0.7,-1,-1,-1
288,31,420.1,229.2,37.8,89.0,0.7,-1,-1,-1
289,39,185.8,221.0,23.0,57.6,0.7,-1,-1,-1
289,38,203.9,216.5,24.8,61.4,0.7,-1,-1,-1
289,37,225.2,216.2,24.8,60.6,0.6,-1,-1,-1
289,34,58.7,215.9,39.5,93.8,0.8,-1,-1,-1
289,33,86.7,220.7,37.4,88.4,0.8,-1,-1,-1
289,32,401.3,232.1,36.6,87.2,0.7,-1,-1,-1
289,31,421.0,229.8,38.2,90.0,0.7,-1,-1,-1
290,39,183.8,221.6,23.2,58.0,0.7,-1,-1,-1
290,38,202.0,216.8,25.2,62.1,0.7,-1,-1,-1
290,37,223.9,216.1,25.1,61.5,0.6,-1,-1,-1
290,34,56.4,216.9,39.6,94.2,0.8,-1,-1,-1
290,33,84.8,221.1,37.6,89.3,0.8,-1,-1,-1
290,32,403.4,232.0,37.0,88.3,0.7,-1,-1,-1
290,31,422.5,229.5,38.5,91.1,0.8,-1,-1,-1
291,39,181.6,221.4,23.2,57.9,0.7,-1,-1,-1
291,38,199.7,217.7,25.5,63.3,0.7,-1,-1,-1
291,37,222.5,216.8,25.3,62.0,0.6,-1,-1,-1
291,34,50.1,219.9,40.4,95.3,0.8,-1,-1,-1
291,33,83.2,222.0,37.6,89.3,0.8,-1,-1,-1
291,32,405.4,232.4,37.6,89.9,0.7,-1,-1,-1
291,31,424.0,229.8,38.9,92.4,0.8,-1,-1,-1
292,39,179.2,221.5,23.2,58.1,0.7,-1,-1,-1
292,38,197.3,218.2,25.9,64.2,0.6,-1,-1,-1
292,37,220.5,216.7,25.7,63.1,0.5,-1,-1,-1
292,34,50.6,217.6,40.7,96.3,0.8,-1,-1,-1
292,33,82.0,222.1,37.5,89.3,0.8,-1,-1,-1
292,32,407.9,232.2,38.5,91.4,0.7,-1,-1,-1
292,31,424.6,229.1,39.7,94.2,0.7,-1,-1,-1
293,39,176.7,221.1,23.4,58.9,0.6,-1,-1,-1
293,38,196.0,217.8,26.2,64.7,0.4,-1,-1,-1
293,37,219.5,216.4,25.9,63.7,0.4,-1,-1,-1
293,34,49.0,215.9,41.1,97.5,0.8,-1,-1,-1
293,33,80.7,222.1,37.4,89.2,0.8,-1,-1,-1
293,32,409.4,231.1,38.5,91.5,0.7,-1,-1,-1
293,31,426.6,228.8,40.0,94.9,0.8,-1,-1,-1
294,39,175.1,220.2,23.7,59.3,0.7,-1,-1,-1
294,38,194.3,217.1,26.5,65.6,0.4,-1,-1,-1
294,37,218.2,214.9,25.8,63.5,0.3,-1,-1,-1
294,34,47.7,214.8,41.5,98.6,0.8,-1,-1,-1
294,33,78.5,221.3,37.7,89.9,0.8,-1,-1,-1
294,32,410.8,230.6,39.1,92.5,0.7,-1,-1,-1
294,31,428.9,228.8,40.4,96.0,0.7,-1,-1,-1
295,39,173.0,219.0,24.0,60.2,0.7,-1,-1,-1
295,38,192.2,216.4,27.0,66.7,0.4,-1,-1,-1
295,37,216.8,214.6,26.4,64.8,0.4,-1,-1,-1
295,34,45.6,213.6,41.8,99.5,0.8,-1,-1,-1
295,33,76.7,220.2,37.9,90.2,0.8,-1,-1,-1
295,32,412.3,230.4,39.4,94.0,0.7,-1,-1,-1
295,31,431.5,228.5,40.9,97.4,0.8,-1,-1,-1
296,39,170.8,217.7,24.2,60.8,0.6,-1,-1,-1
296,38,190.4,215.2,27.3,67.7,0.4,-1,-1,-1
296,37,216.6,213.3,26.5,65.6,0.4,-1,-1,-1
296,34,43.6,212.6,42.0,100.1,0.8,-1,-1,-1
296,33,75.0,219.5,38.1,90.8,0.8,-1,-1,-1
296,32,413.0,230.2,40.0,95.6,0.8,-1,-1,-1
296,31,433.8,228.4,41.4,98.5,0.8,-1,-1,-1
297,39,168.6,217.4,24.5,61.5,0.5,-1,-1,-1
297,38,188.8,213.6,27.4,68.4,0.5,-1,-1,-1
297,37,214.4,212.4,26.6,66.0,0.3,-1,-1,-1
297,34,41.2,211.8,42.3,101.3,0.8,-1,-1,-1
297,33,73.3,218.8,38.6,91.9,0.8,-1,-1,-1
297,32,414.8,230.5,40.6,97.3,0.8,-1,-1,-1
297,31,436.9,228.6,41.7,99.5,0.8,-1,-1,-1
298,39,165.8,217.8,24.9,62.4,0.6,-1,-1,-1
298,38,187.3,213.0,27.4,68.8,0.5,-1,-1,-1
298,37,213.0,212.3,26.9,66.7,0.4,-1,-1,-1
298,34,38.6,211.4,42.6,101.6,0.8,-1,-1,-1
298,33,71.1,218.9,39.0,92.6,0.8,-1,-1,-1
298,32,415.9,230.7,41.1,98.7,0.8,-1,-1,-1
298,31,439.5,229.2,42.0,100.3,0.8,-1,-1,-1
299,39,161.4,217.8,25.7,64.5,0.5,-1,-1,-1
299,38,184.8,212.8,27.6,69.5,0.7,-1,-1,-1
299,37,210.7,212.3,27.0,67.4,0.5,-1,-1,-1
299,34,35.8,211.0,42.8,102.1,0.8,-1,-1,-1
299,33,68.4,218.7,39.3,93.5,0.8,-1,-1,-1
299,32,418.3,230.7,41.9,100.3,0.8,-1,-1,-1
299,31,442.6,230.1,42.9,102.3,0.9,-1,-1,-1
300,39,158.3,217.2,25.9,65.0,0.6,-1,-1,-1
300,38,182.8,212.2,27.6,69.5,0.7,-1,-1,-1
300,37,209.6,212.2,27.4,68.6,0.5,-1,-1,-1
300,34,33.4,210.3,43.3,103.6,0.8,-1,-1,-1
300,33,66.1,217.5,39.7,94.9,0.8,-1,-1,-1
300,32,419.9,230.5,42.6,102.3,0.8,-1,-1,-1
300,31,446.0,230.1,43.5,104.3,0.8,-1,-1,-1
301,39,155.9,216.9,26.4,65.9,0.7,-1,-1,-1
301,38,181.6,212.0,27.7,69.7,0.7,-1,-1,-1
301,37,208.3,211.4,28.3,70.6,0.6,-1,-1,-1
301,34,31.6,210.8,43.6,104.8,0.8,-1,-1,-1
301,33,64.5,218.3,39.8,95.4,0.8,-1,-1,-1
301,32,421.4,231.0,43.3,104.3,0.8,-1,-1,-1
301,31,449.7,229.5,44.2,106.1,0.8,-1,-1,-1
302,39,153.8,216.0,26.9,67.0,0.7,-1,-1,-1
302,38,180.5,212.1,27.8,70.1,0.7,-1,-1,-1
302,37,207.9,210.9,29.0,72.3,0.6,-1,-1,-1
302,34,30.1,210.9,44.0,106.2,0.9,-1,-1,-1
302,33,63.2,218.1,40.1,96.2,0.8,-1,-1,-1
302,32,422.8,231.0,43.9,106.0,0.8,-1,-1,-1
302,31,452.9,229.0,44.9,108.0,0.8,-1,-1,-1
303,39,152.0,215.6,27.6,68.6,0.8,-1,-1,-1
303,38,179.6,212.4,27.9,70.3,0.7,-1,-1,-1
303,37,207.4,210.6,29.7,74.0,0.6,-1,-1,-1
303,34,28.6,211.3,44.2,107.2,0.9,-1,-1,-1
303,33,62.3,219.5,39.9,95.9,0.8,-1,-1,-1
303,32,424.4,231.2,44.4,107.6,0.8,-1,-1,-1
303,31,455.5,229.1,45.5,109.6,0.8,-1,-1,-1
304,39,149.7,215.0,28.0,69.5,0.6,-1,-1,-1
304,38,178.7,213.0,28.1,70.8,0.7,-1,-1,-1
304,37,206.8,210.9,30.6,75.6,0.6,-1,-1,-1
304,34,27.0,211.3,44.6,108.4,0.8,-1,-1,-1
304,33,60.9,220.0,39.9,96.3,0.8,-1,-1,-1
304,32,426.2,231.6,45.2,109.5,0.8,-1,-1,-1
304,31,458.5,228.7,46.4,112.1,0.9,-1,-1,-1
305,39,148.2,215.1,28.2,69.5,0.6,-1,-1,-1
305,38,178.0,213.2,28.5,71.5,0.7,-1,-1,-1
305,37,204.9,211.0,30.7,75.9,0.6,-1,-1,-1
305,34,25.0,211.3,45.2,109.7,0.8,-1,-1,-1
305,33,59.3,220.4,40.2,97.6,0.8,-1,-1,-1
305,32,428.2,232.1,46.2,111.3,0.8,-1,-1,-1
305,31,461.4,229.5,47.6,114.4,0.9,-1,-1,-1
306,39,145.9,216.1,29.1,71.6,0.4,-1,-1,-1
306,38,176.7,214.3,29.0,73.2,0.7,-1,-1,-1
306,37,203.0,211.2,31.5,77.8,0.7,-1,-1,-1
306,34,23.3,212.3,45.7,110.9,0.8,-1,-1,-1
306,33,57.9,220.9,40.6,99.0,0.8,-1,-1,-1
306,32,430.7,233.3,47.1,113.2,0.8,-1,-1,-1
306,31,465.1,230.6,48.6,116.7,0.8,-1,-1,-1
307,39,143.8,216.9,29.9,72.9,0.4,-1,-1,-1
307,38,175.9,214.8,30.0,74.5,0.8,-1,-1,-1
307,37,202.3,212.4,32.5,79.7,0.8,-1,-1,-1
307,34,21.9,213.4,46.1,112.1,0.8,-1,-1,-1
307,33,55.8,221.3,40.9,99.9,0.8,-1,-1,-1
307,32,433.2,234.8,48.0,115.1,0.8,-1,-1,-1
307,31,468.3,231.6,49.3,118.7,0.9,-1,-1,-1
308,38,175.5,215.7,30.8,75.7,0.7,-1,-1,-1
308,37,201.7,213.6,32.8,80.6,0.8,-1,-1,-1
308,34,20.5,215.2,46.5,112.8,0.8,-1,-1,-1
308,33,54.6,223.2,41.2,100.4,0.8,-1,-1,-1
308,32,435.7,237.5,48.5,116.4,0.8,-1,-1,-1
308,31,471.1,233.2,50.1,120.6,0.9,-1,-1,-1
309,38,174.7,216.6,32.0,77.9,0.7,-1,-1,-1
309,37,201.2,214.6,33.5,81.7,0.8,-1,-1,-1
309,34,19.2,216.8,46.4,112.6,0.8,-1,-1,-1
309,33,53.4,225.3,41.6,100.9,0.8,-1,-1,-1
309,32,438.1,239.3,49.2,117.9,0.8,-1,-1,-1
309,31,474.4,235.0,50.8,121.9,0.9,-1,-1,-1
310,39,137.2,221.7,33.7,80.9,0.5,-1,-1,-1
310,38,174.0,217.6,32.7,79.2,0.7,-1,-1,-1
310,37,200.5,216.5,33.8,82.2,0.7,-1,-1,-1
310,34,18.0,218.4,46.4,113.0,0.9,-1,-1,-1
310,33,52.6,226.3,42.0,101.3,0.8,-1,-1,-1
310,32,441.4,240.6,50.1,119.9,0.8,-1,-1,-1
310,31,477.7,236.4,51.6,123.9,0.9,-1,-1,-1
311,39,135.8,221.9,34.3,82.3,0.7,-1,-1,-1
311,38,172.9,218.1,33.4,80.4,0.7,-1,-1,-1
311,37,200.4,217.8,34.4,83.2,0.7,-1,-1,-1
311,34,17.5,219.0,46.7,113.8,0.8,-1,-1,-1
311,33,51.5,227.1,42.6,102.1,0.8,-1,-1,-1
311,32,445.3,242.2,51.1,121.4,0.7,-1,-1,-1
311,31,481.3,236.9,52.2,126.0,0.9,-1,-1,-1
312,40,228.2,220.9,19.3,46.7,0.5,-1,-1,-1
312,39,134.6,222.2,35.0,83.4,0.8,-1,-1,-1
312,38,172.0,217.8,33.8,80.7,0.7,-1,-1,-1
312,37,200.5,218.4,34.1,83.2,0.7,-1,-1,-1
312,34,16.8,219.2,47.0,114.6,0.9,-1,-1,-1
312,33,51.3,227.8,43.0,102.9,0.8,-1,-1,-1
312,32,448.5,242.2,51.9,123.5,0.8,-1,-1,-1
312,31,484.0,237.1,53.0,128.3,0.9,-1,-1,-1
313,40,229.6,220.7,19.6,44.6,0.5,-1,-1,-1
313,39,133.1,221.8,35.4,84.1,0.8,-1,-1,-1
313,38,170.4,217.8,33.8,80.7,0.7,-1,-1,-1
313,37,200.7,218.7,33.9,83.2,0.7,-1,-1,-1
313,34,16.2,218.9,47.3,115.3,0.8,-1,-1,-1
313,33,50.4,227.3,43.5,103.6,0.8,-1,-1,-1
313,32,451.8,242.4,53.0,126.2,0.8,-1,-1,-1
313,31,487.5,237.1,54.2,131.0,0.8,-1,-1,-1
314,40,230.1,220.6,19.6,44.0,0.6,-1,-1,-1
314,39,131.1,220.7,35.5,83.5,0.7,-1,-1,-1
314,38,169.1,217.5,33.1,79.5,0.7,-1,-1,-1
314,37,200.4,218.8,33.8,83.5,0.7,-1,-1,-1
314,34,15.9,217.8,47.7,116.3,0.8,-1,-1,-1
314,33,50.0,227.6,43.9,104.0,0.8,-1,-1,-1
314,32,454.9,242.6,54.1,129.0,0.8,-1,-1,-1
314,31,491.2,236.7,55.3,133.4,0.9,-1,-1,-1
315,40,230.3,220.0,20.7,45.9,0.6,-1,-1,-1
315,39,129.8,220.7,36.3,85.0,0.7,-1,-1,-1
315,38,167.6,217.8,33.0,79.4,0.7,-1,-1,-1
315,37,200.1,218.1,33.8,83.9,0.7,-1,-1,-1
315,34,15.0,217.7,48.5,117.6,0.9,-1,-1,-1
315,33,49.9,227.5,44.3,104.4,0.8,-1,-1,-1
315,32,459.2,241.9,55.2,130.9,0.8,-1,-1,-1
315,31,494.5,236.3,56.3,135.8,0.8,-1,-1,-1
316,40,230.9,219.7,20.8,46.7,0.7,-1,-1,-1
316,39,128.7,221.1,36.9,86.5,0.8,-1,-1,-1
316,38,166.0,218.5,33.2,80.1,0.8,-1,-1,-1
316,37,199.8,218.3,34.2,84.7,0.7,-1,-1,-1
316,34,14.3,217.5,49.3,119.1,0.9,-1,-1,-1
316,33,49.3,228.4,44.7,105.1,0.8,-1,-1,-1
316,32,463.4,242.3,55.8,132.8,0.8,-1,-1,-1
316,31,500.0,236.1,57.0,138.6,0.9,-1,-1,-1
317,40,231.9,219.9,20.3,46.7,0.7,-1,-1,-1
317,39,127.4,220.7,36.7,86.2,0.8,-1,-1,-1
317,38,165.0,219.0,33.3,80.5,0.8,-1,-1,-1
317,37,199.0,218.1,35.0,86.5,0.7,-1,-1,-1
317,34,13.5,218.2,50.0,120.4,0.8,-1,-1,-1
317,33,49.0,229.7,45.1,105.5,0.8,-1,-1,-1
317,32,466.5,243.3,56.5,135.5,0.8,-1,-1,-1
317,31,504.9,237.4,58.2,141.8,0.8,-1,-1,-1
318,40,232.4,220.1,20.4,47.7,0.7,-1,-1,-1
318,39,126.1,222.2,37.3,87.7,0.8,-1,-1,-1
318,38,164.5,219.6,33.5,81.4,0.8,-1,-1,-1
318,37,197.5,218.0,36.0,88.3,0.7,-1,-1,-1
318,34,12.7,219.2,50.1,120.5,0.8,-1,-1,-1
318,33,48.7,230.7,45.3,105.9,0.8,-1,-1,-1
318,32,469.5,244.9,57.5,137.7,0.8,-1,-1,-1
318,31,508.4,238.7,59.5,144.4,0.8,-1,-1,-1
319,40,233.0,220.6,20.1,47.6,0.7,-1,-1,-1
319,39,125.0,222.6,36.9,87.1,0.8,-1,-1,-1
319,38,163.4,220.0,33.8,82.6,0.8,-1,-1,-1
319,37,195.0,217.7,37.1,90.7,0.7,-1,-1,-1
319,34,11.7,220.4,50.2,121.0,0.9,-1,-1,-1
319,33,48.7,231.9,45.6,106.6,0.8,-1,-1,-1
319,32,472.8,246.6,59.1,140.6,0.9,-1,-1,-1
319,31,513.5,240.6,60.7,147.3,0.9,-1,-1,-1
320,40,233.4,221.1,20.0,47.6,0.6,-1,-1,-1
320,39,123.2,224.1,37.8,88.9,0.8,-1,-1,-1
320,38,162.3,220.4,34.1,83.7,0.8,-1,-1,-1
320,37,195.2,217.5,37.6,92.8,0.8,-1,-1,-1
320,34,11.0,221.5,50.3,121.5,0.9,-1,-1,-1
320,33,48.6,232.5,46.0,107.3,0.8,-1,-1,-1
320,32,476.6,248.6,60.3,143.6,0.9,-1,-1,-1
320,31,518.8,242.0,62.0,150.7,0.8,-1,-1,-1
321,40,233.6,221.1,20.4,48.4,0.6,-1,-1,-1
321,39,121.8,224.1,38.2,89.7,0.8,-1,-1,-1
321,38,160.5,220.0,34.5,84.7,0.8,-1,-1,-1
321,37,192.7,217.0,39.2,95.4,0.8,-1,-1,-1
321,34,10.2,220.5,50.8,123.2,0.9,-1,-1,-1
321,33,48.7,232.2,46.4,108.4,0.8,-1,-1,-1
321,32,481.0,249.9,61.2,146.7,0.9,-1,-1,-1
321,31,523.3,242.7,63.6,154.3,0.8,-1,-1,-1
322,40,234.1,221.1,20.6,49.0,0.7,-1,-1,-1
322,39,120.4,224.0,38.6,90.6,0.8,-1,-1,-1
322,38,159.2,219.6,34.9,85.8,0.8,-1,-1,-1
322,37,191.8,216.4,39.5,96.0,0.7,-1,-1,-1
322,34,8.3,219.8,50.9,124.1,0.8,-1,-1,-1
322,33,47.9,231.2,46.9,110.0,0.9,-1,-1,-1
322,32,486.0,251.0,62.6,149.8,0.9,-1,-1,-1
322,31,529.1,243.9,64.6,156.4,0.8,-1,-1,-1
323,40,234.4,221.3,20.6,49.3,0.7,-1,-1,-1
323,39,118.9,223.7,38.5,90.7,0.8,-1,-1,-1
323,38,158.2,219.2,35.2,86.7,0.8,-1,-1,-1
323,37,191.5,216.2,39.8,96.8,0.8,-1,-1,-1
323,34,7.3,219.0,51.0,125.3,0.8,-1,-1,-1
323,33,47.2,230.1,47.4,111.5,0.9,-1,-1,-1
323,32,489.2,251.5,63.6,153.2,0.8,-1,-1,-1
323,31,533.5,244.5,65.3,158.6,0.8,-1,-1,-1
324,40,234.9,220.7,20.9,50.0,0.6,-1,-1,-1
324,39,117.1,223.3,38.4,91.2,0.7,-1,-1,-1
324,38,157.4,218.9,36.1,88.4,0.8,-1,-1,-1
324,37,190.0,215.8,40.6,98.3,0.8,-1,-1,-1
324,34,5.6,218.8,50.8,126.0,0.9,-1,-1,-1
324,33,45.9,229.4,47.8,112.8,0.9,-1,-1,-1
324,32,494.1,252.2,64.7,156.6,0.8,-1,-1,-1
324,31,538.6,243.9,66.2,162.3,0.8,-1,-1,-1
325,40,235.3,218.9,21.2,51.0,0.7,-1,-1,-1
325,39,114.7,222.2,38.7,91.9,0.7,-1,-1,-1
325,38,156.3,217.9,36.9,90.0,0.7,-1,-1,-1
325,37,190.5,215.0,41.0,100.1,0.8,-1,-1,-1
325,34,3.8,217.9,50.3,127.1,0.9,-1,-1,-1
325,33,44.5,228.1,48.2,114.3,0.9,-1,-1,-1
325,32,499.6,252.2,66.0,160.3,0.8,-1,-1,-1
325,31,546.6,242.1,67.9,167.9,0.8,-1,-1,-1
326,41,219.0,219.1,23.3,54.9,0.6,-1,-1,-1
326,40,235.9,217.4,21.6,51.8,0.7,-1,-1,-1
326,39,113.0,221.1,39.2,93.5,0.8,-1,-1,-1
326,38,154.9,217.2,38.0,92.0,0.7,-1,-1,-1
326,37,189.9,214.2,41.5,101.6,0.8,-1,-1,-1
326,34,2.3,217.5,49.8,128.1,0.9,-1,-1,-1
326,33,43.4,227.0,48.8,116.2,0.9,-1,-1,-1
326,32,505.0,252.2,67.4,164.9,0.8,-1,-1,-1
326,31,552.7,240.6,69.6,173.1,0.8,-1,-1,-1
327,41,218.8,218.2,23.8,56.1,0.6,-1,-1,-1
327,40,236.5,216.1,21.6,51.7,0.6,-1,-1,-1
327,39,111.9,219.7,39.2,94.4,0.7,-1,-1,-1
327,38,153.8,217.0,38.9,93.5,0.7,-1,-1,-1
327,37,189.2,212.9,42.0,103.1,0.8,-1,-1,-1
327,34,1.4,217.9,49.1,128.9,0.9,-1,-1,-1
327,33,42.3,226.3,49.2,117.6,0.9,-1,-1,-1
327,32,510.3,252.0,68.6,169.3,0.8,-1,-1,-1
327,31,559.5,239.1,72.4,178.3,0.8,-1,-1,-1
328,41,219.3,217.5,24.1,57.0,0.6,-1,-1,-1
328,40,236.9,215.9,22.0,52.6,0.7,-1,-1,-1
328,39,110.2,219.6,39.3,95.8,0.8,-1,-1,-1
328,38,152.5,216.3,39.8,95.7,0.7,-1,-1,-1
328,37,188.6,212.3,42.4,104.5,0.8,-1,-1,-1
328,34,0.7,218.5,48.2,128.9,0.9,-1,-1,-1
328,33,41.3,226.0,49.5,118.9,0.9,-1,-1,-1
328,32,514.6,251.6,69.2,173.2,0.8,-1,-1,-1
328,31,564.4,238.5,73.3,182.3,0.8,-1,-1,-1
329,41,219.4,217.4,24.3,57.8,0.6,-1,-1,-1
329,40,237.4,215.1,22.4,53.7,0.6,-1,-1,-1
329,39,108.2,219.5,39.3,96.9,0.8,-1,-1,-1
329,38,151.1,216.4,40.8,97.9,0.8,-1,-1,-1
329,37,187.4,211.0,43.9,106.9,0.8,-1,-1,-1
329,34,-0.3,219.0,47.3,129.6,0.9,-1,-1,-1
329,33,39.8,225.9,50.1,120.4,0.9,-1,-1,-1
329,32,519.8,251.3,70.5,178.4,0.8,-1,-1,-1
329,31,569.5,239.3,72.5,185.6,0.7,-1,-1,-1
330,41,220.2,216.9,24.1,57.4,0.6,-1,-1,-1
330,40,238.2,215.7,22.5,54.2,0.6,-1,-1,-1
330,39,105.9,219.8,41.1,100.1,0.8,-1,-1,-1
330,38,149.8,216.3,41.7,100.0,0.8,-1,-1,-1
330,37,186.4,210.3,45.1,108.9,0.8,-1,-1,-1
330,34,-1.0,219.5,46.3,130.2,0.8,-1,-1,-1
330,33,38.3,226.3,50.6,121.6,0.8,-1,-1,-1
330,32,525.5,251.6,72.0,184.0,0.8,-1,-1,-1
330,31,575.2,242.4,69.8,189.4,0.7,-1,-1,-1
331,41,221.1,217.4,23.9,57.1,0.5,-1,-1,-1
331,40,239.0,216.2,22.2,53.7,0.6,-1,-1,-1
331,39,104.1,219.6,42.0,102.0,0.8,-1,-1,-1
331,38,148.2,216.3,42.7,102.0,0.8,-1,-1,-1
331,37,184.8,210.2,46.5,111.1,0.8,-1,-1,-1
331,34,-1.5,220.3,45.0,130.7,0.8,-1,-1,-1
331,33,36.8,227.0,50.9,122.0,0.8,-1,-1,-1
331,32,531.8,252.1,74.1,190.2,0.8,-1,-1,-1
331,31,579.5,245.0,66.5,193.4,0.7,-1,-1,-1
332,41,221.3,218.0,24.1,58.0,0.5,-1,-1,-1
332,40,239.6,216.6,21.9,53.3,0.6,-1,-1,-1
332,39,102.2,220.2,43.2,104.1,0.8,-1,-1,-1
332,38,147.0,216.6,43.3,103.2,0.8,-1,-1,-1
332,37,183.1,211.6,47.2,112.4,0.8,-1,-1,-1
332,34,-1.7,220.2,43.5,131.5,0.8,-1,-1,-1
332,33,35.2,227.4,51.3,122.6,0.8,-1,-1,-1
332,32,537.4,252.5,76.1,197.2,0.7,-1,-1,-1
332,31,585.2,248.4,61.7,196.8,0.7,-1,-1,-1
333,41,221.6,219.1,24.3,58.9,0.6,-1,-1,-1
333,40,240.2,217.5,21.8,53.3,0.7,-1,-1,-1
333,39,98.8,221.1,44.8,105.9,0.8,-1,-1,-1
333,38,145.3,217.0,44.1,104.9,0.8,-1,-1,-1
333,37,182.6,212.5,47.0,113.2,0.8,-1,-1,-1
333,34,-2.1,220.0,41.5,132.6,0.8,-1,-1,-1
333,33,32.9,228.2,51.9,123.8,0.8,-1,-1,-1
333,32,547.2,251.4,77.7,208.1,0.7,-1,-1,-1
333,31,592.3,248.5,55.7,203.9,0.6,-1,-1,-1
334,41,221.8,220.5,24.9,60.9,0.6,-1,-1,-1
334,40,240.7,218.0,21.9,53.5,0.7,-1,-1,-1
334,39,96.9,222.2,45.1,106.0,0.8,-1,-1,-1
334,38,143.7,217.2,44.7,105.8,0.8,-1,-1,-1
334,37,182.3,213.0,47.4,113.8,0.8,-1,-1,-1
334,34,-2.2,220.0,39.4,133.7,0.8,-1,-1,-1
334,33,31.5,229.3,52.3,124.6,0.8,-1,-1,-1
334,32,555.4,252.9,80.1,216.3,0.6,-1,-1,-1
334,31,599.6,251.5,49.1,212.6,0.3,-1,-1,-1
335,41,221.0,220.5,25.7,63.3,0.6,-1,-1,-1
335,40,241.2,217.8,22.2,54.2,0.7,-1,-1,-1
335,39,95.7,223.1,45.1,106.6,0.8,-1,-1,-1
335,38,142.2,217.7,45.5,108.2,0.9,-1,-1,-1
335,37,181.4,212.8,48.2,115.0,0.8,-1,-1,-1
335,34,-2.1,220.3,37.6,134.5,0.8,-1,-1,-1
335,33,30.3,229.5,52.9,125.9,0.8,-1,-1,-1
335,32,562.9,256.7,79.1,222.2,0.5,-1,-1,-1
336,41,220.5,220.2,26.0,64.3,0.6,-1,-1,-1
336,40,241.4,217.7,22.4,54.9,0.7,-1,-1,-1
336,39,94.0,224.4,45.5,107.8,0.8,-1,-1,-1
336,38,140.7,217.9,46.2,110.1,0.9,-1,-1,-1
336,37,180.6,213.2,49.2,116.4,0.8,-1,-1,-1
336,34,-0.9,217.1,37.6,134.6,0.8,-1,-1,-1
336,33,28.2,229.7,53.1,126.5,0.9,-1,-1,-1
336,32,571.6,259.0,74.7,230.7,0.5,-1,-1,-1
337,41,220.4,220.2,26.7,66.1,0.6,-1,-1,-1
337,40,241.6,217.5,22.7,55.5,0.7,-1,-1,-1
337,39,92.9,224.6,46.1,109.2,0.8,-1,-1,-1
337,38,139.0,217.9,46.7,111.4,0.8,-1,-1,-1
337,37,178.8,214.6,51.5,120.8,0.8,-1,-1,-1
337,34,-0.7,216.2,37.2,134.8,0.8,-1,-1,-1
337,33,26.2,230.5,53.8,127.6,0.8,-1,-1,-1
337,32,578.0,258.9,69.7,231.8,0.6,-1,-1,-1
338,41,219.9,220.3,27.3,67.6,0.6,-1,-1,-1
338,40,241.6,217.5,23.1,56.6,0.7,-1,-1,-1
338,39,90.9,224.0,46.4,109.8,0.8,-1,-1,-1
338,38,137.0,218.3,47.2,112.8,0.8,-1,-1,-1
338,37,177.5,215.4,52.1,121.2,0.8,-1,-1,-1
338,34,-0.9,216.4,36.1,135.4,0.8,-1,-1,-1
338,33,23.9,231.2,54.2,128.1,0.8,-1,-1,-1
338,32,589.9,264.9,60.4,230.1,0.3,-1,-1,-1
339,41,219.8,220.0,27.9,68.8,0.6,-1,-1,-1
339,40,241.8,217.1,23.4,57.1,0.7,-1,-1,-1
339,39,89.0,224.0,46.8,110.8,0.8,-1,-1,-1
339,38,134.7,218.9,47.7,114.4,0.8,-1,-1,-1
339,37,174.2,213.6,53.3,122.7,0.8,-1,-1,-1
339,34,-0.9,216.9,35.0,135.5,0.8,-1,-1,-1
339,33,21.3,232.0,54.5,128.9,0.8,-1,-1,-1
340,41,219.1,219.4,28.0,68.9,0.6,-1,-1,-1
340,40,241.6,216.8,23.6,57.6,0.7,-1,-1,-1
340,39,85.8,224.2,47.8,112.4,0.8,-1,-1,-1
340,38,132.5,219.3,48.3,116.1,0.8,-1,-1,-1
340,37,172.3,214.8,54.3,125.5,0.8,-1,-1,-1
340,34,-1.0,217.4,33.8,135.2,0.8,-1,-1,-1
340,33,19.0,232.2,54.9,130.2,0.8,-1,-1,-1
341,41,218.6,218.5,27.7,68.3,0.6,-1,-1,-1
341,40,241.3,216.6,23.7,58.0,0.7,-1,-1,-1
341,39,82.7,224.1,48.6,113.7,0.8,-1,-1,-1
341,38,129.6,219.5,48.9,117.4,0.8,-1,-1,-1
341,37,169.9,214.8,55.3,127.0,0.8,-1,-1,-1
341,34,-1.1,217.6,32.4,134.3,0.7,-1,-1,-1
341,33,16.0,231.7,55.6,131.2,0.8,-1,-1,-1
342,41,218.7,217.9,27.2,67.0,0.5,-1,-1,-1
342,40,241.1,216.6,23.8,58.3,0.8,-1,-1,-1
342,39,79.9,224.3,49.7,115.6,0.8,-1,-1,-1
342,38,126.6,219.7,49.5,118.8,0.8,-1,-1,-1
342,37,167.1,213.0,55.4,126.9,0.8,-1,-1,-1
342,34,-1.1,219.0,31.0,132.7,0.7,-1,-1,-1
342,33,12.6,231.5,56.2,132.2,0.8,-1,-1,-1
343,41,218.2,219.4,27.3,67.6,0.5,-1,-1,-1
343,40,240.7,216.8,23.8,58.5,0.7,-1,-1,-1
343,39,77.2,225.0,50.8,117.6,0.8,-1,-1,-1
343,38,123.5,219.8,50.1,120.8,0.9,-1,-1,-1
343,37,164.8,213.4,56.4,129.0,0.8,-1,-1,-1
343,34,-1.3,221.6,29.2,131.0,0.7,-1,-1,-1
343,33,10.5,231.2,56.3,133.5,0.8,-1,-1,-1
344,41,217.5,220.1,27.4,67.8,0.4,-1,-1,-1
344,40,239.8,217.8,24.2,59.2,0.6,-1,-1,-1
344,39,74.1,225.6,51.1,119.1,0.8,-1,-1,-1
344,38,120.0,219.3,50.8,122.9,0.9,-1,-1,-1
344,37,161.4,212.9,56.5,130.6,0.8,-1,-1,-1
344,34,-1.3,224.0,27.5,130.2,0.6,-1,-1,-1
344,33,8.1,231.1,56.6,134.9,0.8,-1,-1,-1
345,41,216.8,220.7,27.4,67.2,0.4,-1,-1,-1
345,40,238.8,218.5,24.5,59.9,0.6,-1,-1,-1
345,39,70.4,226.6,51.5,120.6,0.8,-1,-1,-1
345,38,116.6,219.5,51.3,124.8,0.9,-1,-1,-1
345,37,157.3,213.4,57.4,132.9,0.8,-1,-1,-1
345,34,-1.1,226.1,26.1,128.3,0.6,-1,-1,-1
345,33,5.1,231.7,56.5,136.1,0.8,-1,-1,-1
346,41,216.7,220.6,26.8,65.5,0.5,-1,-1,-1
346,40,238.0,218.6,24.5,59.8,0.6,-1,-1,-1
346,39,66.0,227.4,52.9,122.9,0.8,-1,-1,-1
346,38,112.5,218.3,52.5,126.9,0.8,-1,-1,-1
346,37,154.0,212.9,58.2,135.4,0.8,-1,-1,-1
346,34,-1.1,229.0,24.4,126.9,0.5,-1,-1,-1
346,33,2.5,231.9,56.0,137.3,0.8,-1,-1,-1
347,41,216.5,220.6,26.6,64.4,0.5,-1,-1,-1
347,40,237.3,218.4,24.7,60.2,0.6,-1,-1,-1
347,39,62.3,227.8,53.7,124.8,0.8,-1,-1,-1
347,38,109.6,217.9,53.1,128.4,0.9,-1,-1,-1
347,37,151.4,212.7,58.4,137.4,0.8,-1,-1,-1
347,34,-1.2,231.8,22.7,125.1,0.4,-1,-1,-1
347,33,0.6,232.8,54.8,138.5,0.8,-1,-1,-1
348,41,215.9,220.3,26.1,62.8,0.6,-1,-1,-1
348,40,236.3,217.8,24.7,60.1,0.7,-1,-1,-1
348,39,61.7,226.3,52.8,124.9,0.8,-1,-1,-1
348,38,106.1,218.1,53.7,130.5,0.9,-1,-1,-1
348,37,148.8,213.3,58.4,138.7,0.8,-1,-1,-1
348,33,-1.2,233.4,53.0,140.1,0.8,-1,-1,-1
349,41,215.9,221.9,26.8,64.6,0.5,-1,-1,-1
349,40,234.7,217.7,24.8,60.4,0.6,-1,-1,-1
349,39,55.0,227.6,54.8,128.4,0.8,-1,-1,-1
349,38,102.4,218.9,53.9,131.4,0.8,-1,-1,-1
349,37,146.4,213.9,58.7,139.8,0.8,-1,-1,-1
349,33,-2.5,232.4,50.9,141.3,0.8,-1,-1,-1
350,41,214.3,220.7,26.4,64.3,0.4,-1,-1,-1
350,40,233.1,217.2,24.7,60.1,0.6,-1,-1,-1
350,39,49.5,228.9,56.7,133.4,0.8,-1,-1,-1
350,38,98.8,220.2,54.4,132.8,0.9,-1,-1,-1
350,37,143.3,214.6,59.3,142.2,0.8,-1,-1,-1
350,33,-3.3,233.0,48.0,141.8,0.8,-1,-1,-1
351,41,213.2,222.7,27.5,66.8,0.6,-1,-1,-1
351,40,231.8,217.4,24.8,60.4,0.8,-1,-1,-1
351,39,45.2,227.7,57.3,134.8,0.8,-1,-1,-1
351,38,96.2,221.9,55.0,134.3,0.9,-1,-1,-1
351,37,137.9,215.4,60.6,144.8,0.8,-1,-1,-1
351,33,-3.4,233.1,45.2,142.3,0.8,-1,-1,-1
352,41,211.8,222.1,27.4,67.2,0.7,-1,-1,-1
352,40,231.0,218.1,24.7,60.1,0.7,-1,-1,-1
352,39,41.7,227.4,57.6,135.7,0.8,-1,-1,-1
352,38,92.2,222.2,55.7,136.0,0.9,-1,-1,-1
352,37,135.2,215.6,61.6,146.8,0.8,-1,-1,-1
352,33,-3.4,233.7,42.3,142.2,0.8,-1,-1,-1
353,41,210.6,221.2,26.6,65.7,0.7,-1,-1,-1
353,40,229.7,219.0,24.7,59.9,0.7,-1,-1,-1
353,39,36.8,227.7,58.2,137.2,0.8,-1,-1,-1
353,38,87.5,223.3,56.5,138.1,0.9,-1,-1,-1
353,37,131.9,215.4,62.9,149.3,0.8,-1,-1,-1
353,33,-2.3,233.3,41.1,141.1,0.8,-1,-1,-1
354,41,209.1,222.0,26.3,65.2,0.6,-1,-1,-1
354,40,228.4,219.8,24.9,60.4,0.7,-1,-1,-1
354,39,31.9,228.0,59.1,139.7,0.8,-1,-1,-1
354,38,82.4,223.7,57.2,140.2,0.9,-1,-1,-1
354,37,127.4,216.0,63.6,151.6,0.8,-1,-1,-1
354,33,-2.7,234.1,38.3,140.2,0.8,-1,-1,-1
355,41,207.0,223.1,26.3,65.5,0.5,-1,-1,-1
355,40,226.4,221.0,25.5,61.8,0.7,-1,-1,-1
355,39,28.3,228.7,59.5,141.3,0.9,-1,-1,-1
355,38,79.0,224.0,57.8,141.9,0.9,-1,-1,-1
355,37,124.6,215.4,64.4,153.7,0.9,-1,-1,-1
355,33,-3.4,233.7,34.4,138.4,0.7,-1,-1,-1
356,41,204.4,223.8,26.7,66.5,0.6,-1,-1,-1
356,40,224.6,221.1,25.7,62.1,0.7,-1,-1,-1
356,39,24.1,229.3,59.9,142.9,0.8,-1,-1,-1
356,38,75.5,223.8,58.8,144.0,0.9,-1,-1,-1
356,37,119.9,215.0,65.5,156.2,0.8,-1,-1,-1
356,33,-3.1,233.7,31.4,137.7,0.7,-1,-1,-1
357,41,202.0,224.0,27.0,67.8,0.7,-1,-1,-1
357,40,223.2,221.6,25.9,62.4,0.7,-1,-1,-1
357,39,19.4,229.7,60.2,144.0,0.9,-1,-1,-1
357,38,70.0,222.9,60.2,146.8,0.9,-1,-1,-1
357,37,113.7,214.9,67.1,159.0,0.8,-1,-1,-1
357,33,-3.0,236.2,28.3,136.8,0.7,-1,-1,-1
358,41,199.8,223.8,27.1,68.0,0.7,-1,-1,-1
358,40,221.8,221.7,26.0,62.6,0.7,-1,-1,-1
358,39,13.5,231.9,60.7,145.8,0.9,-1,-1,-1
358,38,64.9,223.2,61.5,149.6,0.9,-1,-1,-1
358,37,107.7,216.1,68.2,162.3,0.9,-1,-1,-1
358,33,-2.7,238.0,25.4,134.5,0.6,-1,-1,-1
359,41,198.4,223.7,26.7,67.2,0.7,-1,-1,-1
359,40,220.5,221.6,26.2,63.2,0.7,-1,-1,-1
359,39,6.6,234.2,61.6,149.5,0.8,-1,-1,-1
359,38,57.5,224.8,63.4,153.9,0.8,-1,-1,-1
359,37,100.7,216.4,70.4,166.9,0.8,-1,-1,-1
359,33,-3.5,244.5,20.6,127.3,0.3,-1,-1,-1
360,41,196.3,223.9,27.1,67.8,0.7,-1,-1,-1
360,40,218.7,221.7,26.5,63.9,0.6,-1,-1,-1
360,39,2.5,234.9,62.3,153.4,0.8,-1,-1,-1
360,38,51.7,223.6,65.1,158.3,0.8,-1,-1,-1
360,37,95.8,216.3,72.5,170.9,0.8,-1,-1,-1
361,41,193.2,223.9,28.0,69.9,0.7,-1,-1,-1
361,40,216.4,221.5,26.8,64.1,0.6,-1,-1,-1
361,39,-0.4,233.7,62.3,157.0,0.8,-1,-1,-1
361,38,48.1,223.1,64.6,160.0,0.8,-1,-1,-1
361,37,89.9,217.6,73.7,174.1,0.8,-1,-1,-1
362,41,191.8,223.1,27.8,69.0,0.7,-1,-1,-1
362,40,214.6,221.8,27.2,64.8,0.6,-1,-1,-1
362,39,-2.8,232.0,60.9,160.0,0.8,-1,-1,-1
362,38,39.6,224.1,66.7,164.8,0.8,-1,-1,-1
362,37,83.3,217.3,74.8,177.1,0.8,-1,-1,-1
363,41,189.5,223.5,27.9,69.0,0.7,-1,-1,-1
363,40,212.7,221.8,27.4,65.4,0.7,-1,-1,-1
363,39,-3.9,232.0,58.5,161.1,0.8,-1,-1,-1
363,38,34.7,223.6,66.3,166.2,0.8,-1,-1,-1
363,37,75.7,218.0,76.3,180.6,0.8,-1,-1,-1
364,41,187.1,224.2,28.4,69.9,0.7,-1,-1,-1
364,40,210.6,221.5,27.6,66.1,0.7,-1,-1,-1
364,39,-5.1,233.3,54.6,163.5,0.7,-1,-1,-1
364,38,24.1,224.0,67.7,171.2,0.8,-1,-1,-1
364,37,67.6,218.2,78.8,186.4,0.8,-1,-1,-1
365,41,184.8,224.3,28.4,70.1,0.7,-1,-1,-1
365,40,208.4,221.8,27.9,66.8,0.7,-1,-1,-1
365,39,-6.1,234.0,49.4,163.6,0.7,-1,-1,-1
365,38,17.7,223.6,69.0,174.4,0.8,-1,-1,-1
365,37,60.1,217.6,80.2,190.2,0.8,-1,-1,-1
366,41,183.6,224.8,28.5,70.1,0.7,-1,-1,-1
366,40,206.5,222.0,27.9,66.6,0.7,-1,-1,-1
366,39,-6.3,235.5,44.3,163.9,0.7,-1,-1,-1
366,38,7.6,224.6,70.4,179.7,0.8,-1,-1,-1
366,37,53.6,216.9,81.3,192.9,0.8,-1,-1,-1
367,41,181.7,224.7,27.9,68.6,0.6,-1,-1,-1
367,40,204.4,222.0,27.9,66.6,0.7,-1,-1,-1
367,39,-6.5,237.3,38.6,163.6,0.5,-1,-1,-1
367,38,1.0,223.8,70.0,184.1,0.8,-1,-1,-1
367,37,46.7,216.2,82.2,195.9,0.8,-1,-1,-1
368,41,179.0,225.7,27.8,68.3,0.6,-1,-1,-1
368,40,201.4,222.4,28.0,66.7,0.7,-1,-1,-1
368,38,-3.6,223.9,67.6,190.2,0.8,-1,-1,-1
368,37,37.7,215.2,84.9,202.3,0.8,-1,-1,-1
369,41,176.9,226.4,27.7,68.2,0.7,-1,-1,-1
369,40,198.1,222.8,28.0,66.5,0.7,-1,-1,-1
369,38,-5.0,222.9,64.3,190.0,0.8,-1,-1,-1
369,37,30.2,214.0,87.6,208.3,0.8,-1,-1,-1
370,41,174.0,226.9,28.5,70.2,0.6,-1,-1,-1
370,40,195.4,223.0,28.5,67.3,0.7,-1,-1,-1
370,38,-8.0,224.3,57.2,191.6,0.8,-1,-1,-1
370,37,22.0,214.4,88.8,212.2,0.8,-1,-1,-1
371,41,170.7,225.8,28.7,70.2,0.7,-1,-1,-1
371,40,192.2,222.2,28.3,67.0,0.7,-1,-1,-1
371,38,-8.5,224.7,50.4,191.4,0.7,-1,-1,-1
371,37,13.5,215.1,90.9,217.4,0.8,-1,-1,-1
372,41,167.0,226.3,29.8,72.2,0.7,-1,-1,-1
372,40,189.2,222.4,28.4,67.5,0.7,-1,-1,-1
372,38,-9.2,227.9,42.3,190.8,0.5,-1,-1,-1
372,37,6.0,215.1,91.3,221.0,0.8,-1,-1,-1
373,41,163.4,226.3,30.7,74.2,0.7,-1,-1,-1
373,40,186.2,222.3,28.6,68.0,0.7,-1,-1,-1
373,37,-1.4,216.4,90.3,225.1,0.8,-1,-1,-1
374,41,160.3,225.6,30.8,73.9,0.7,-1,-1,-1
374,40,182.6,222.5,28.9,68.3,0.7,-1,-1,-1
374,37,-4.7,216.6,88.0,228.9,0.8,-1,-1,-1
375,41,157.1,225.6,30.9,73.7,0.6,-1,-1,-1
375,40,179.5,222.6,29.2,68.8,0.7,-1,-1,-1
375,37,-6.6,216.7,83.9,234.0,0.7,-1,-1,-1
376,41,154.2,226.1,31.1,73.6,0.7,-1,-1,-1
376,40,177.2,222.4,29.2,68.5,0.8,-1,-1,-1
376,37,-7.8,218.4,78.2,235.8,0.7,-1,-1,-1
377,41,150.3,228.3,32.3,77.3,0.7,-1,-1,-1
377,40,174.0,222.7,29.1,67.9,0.7,-1,-1,-1
377,37,-10.0,218.9,69.6,238.8,0.7,-1,-1,-1
378,41,146.5,229.4,33.6,81.3,0.7,-1,-1,-1
378,40,171.6,223.1,29.1,67.7,0.7,-1,-1,-1
378,37,-9.1,223.8,63.2,241.0,0.6,-1,-1,-1
379,41,142.8,225.6,32.9,77.3,0.7,-1,-1,-1
379,40,168.4,223.6,29.3,68.3,0.7,-1,-1,-1
379,37,-10.2,231.1,53.7,239.3,0.4,-1,-1,-1
380,41,139.8,223.9,32.0,74.1,0.6,-1,-1,-1
380,40,165.3,223.8,29.3,67.9,0.7,-1,-1,-1
381,41,137.7,224.3,31.7,72.6,0.6,-1,-1,-1
381,40,163.0,223.6,29.0,67.5,0.7,-1,-1,-1
382,41,135.3,224.0,31.0,70.3,0.6,-1,-1,-1
382,40,161.1,223.2,29.1,67.7,0.7,-1,-1,-1
383,41,132.4,224.4,30.4,68.7,0.7,-1,-1,-1
383,40,159.0,222.9,29.0,67.3,0.7,-1,-1,-1
384,41,130.1,226.5,31.0,70.4,0.7,-1,-1,-1
384,40,157.1,222.7,28.9,67.0,0.7,-1,-1,-1
385,41,127.1,226.9,31.5,71.6,0.7,-1,-1,-1
385,40,154.6,222.9,29.0,67.1,0.7,-1,-1,-1
386,41,125.0,228.8,32.3,74.9,0.6,-1,-1,-1
386,40,152.9,223.5,29.3,67.6,0.7,-1,-1,-1
387,41,120.7,230.6,33.4,80.5,0.6,-1,-1,-1
387,40,149.7,223.8,29.7,68.1,0.7,-1,-1,-1
388,41,118.7,230.2,34.4,84.1,0.7,-1,-1,-1
388,40,145.9,224.3,30.4,69.6,0.7,-1,-1,-1
389,41,115.5,229.8,34.7,85.3,0.6,-1,-1,-1
389,40,143.1,224.5,31.5,71.3,0.7,-1,-1,-1
390,41,112.9,229.4,34.8,86.2,0.6,-1,-1,-1
390,40,141.1,223.8,31.5,70.5,0.7,-1,-1,-1
391,41,112.0,227.9,35.1,86.5,0.6,-1,-1,-1
391,40,139.3,224.2,32.3,72.3,0.7,-1,-1,-1
392,41,109.8,225.7,34.7,83.6,0.5,-1,-1,-1
392,40,136.8,224.0,32.7,72.8,0.7,-1,-1,-1
393,41,106.3,225.1,33.8,80.8,0.5,-1,-1,-1
393,40,134.9,223.8,33.1,74.0,0.7,-1,-1,-1
394,41,104.1,226.2,33.2,79.0,0.6,-1,-1,-1
394,40,133.8,223.1,33.0,74.0,0.7,-1,-1,-1
395,41,101.1,228.6,33.5,79.8,0.5,-1,-1,-1
395,40,133.0,222.3,32.5,72.8,0.7,-1,-1,-1
396,41,98.5,230.2,34.4,82.2,0.4,-1,-1,-1
396,40,131.7,222.4,32.0,72.1,0.6,-1,-1,-1
397,41,96.6,229.6,35.1,83.4,0.3,-1,-1,-1
397,40,130.5,222.3,31.4,70.9,0.6,-1,-1,-1
398,40,129.0,223.6,31.3,71.0,0.7,-1,-1,-1
399,40,128.0,224.8,31.1,70.9,0.7,-1,-1,-1
400,40,127.0,226.0,31.3,71.5,0.7,-1,-1,-1
401,40,125.4,226.8,32.1,73.2,0.7,-1,-1,-1
402,45,0.5,222.0,31.9,77.9,0.4,-1,-1,-1
402,40,123.7,227.6,33.5,75.3,0.7,-1,-1,-1
403,45,0.2,222.8,30.8,77.3,0.3,-1,-1,-1
403,41,81.9,232.6,42.7,103.5,0.6,-1,-1,-1
403,40,122.8,227.4,33.4,75.3,0.6,-1,-1,-1
404,45,0.0,223.5,29.5,77.3,0.3,-1,-1,-1
404,41,79.0,230.9,42.8,104.5,0.5,-1,-1,-1
404,40,121.4,227.9,33.6,76.4,0.7,-1,-1,-1
405,45,-0.1,223.6,27.6,76.2,0.3,-1,-1,-1
405,41,74.3,228.8,40.9,98.6,0.5,-1,-1,-1
405,40,119.9,228.1,35.0,79.4,0.7,-1,-1,-1
406,45,-0.5,224.2,24.7,77.4,0.3,-1,-1,-1
406,41,72.9,228.7,39.4,94.8,0.6,-1,-1,-1
406,40,118.6,227.1,36.0,81.5,0.7,-1,-1,-1
407,41,70.5,229.9,38.5,91.9,0.5,-1,-1,-1
407,40,117.9,226.5,35.8,82.2,0.6,-1,-1,-1
408,41,69.7,231.3,38.3,91.5,0.4,-1,-1,-1
408,40,117.6,226.3,35.5,82.7,0.5,-1,-1,-1
409,41,69.2,231.1,37.4,89.5,0.3,-1,-1,-1
409,40,117.3,225.7,35.6,82.4,0.7,-1,-1,-1
410,40,116.9,225.9,35.9,83.1,0.7,-1,-1,-1
411,40,112.9,226.6,36.1,83.9,0.7,-1,-1,-1
412,40,110.9,227.0,36.5,85.0,0.7,-1,-1,-1
413,40,108.7,227.2,36.9,86.1,0.7,-1,-1,-1
414,40,105.9,227.4,38.0,87.5,0.6,-1,-1,-1
415,40,103.2,226.2,37.6,86.6,0.5,-1,-1,-1
416,40,100.0,225.8,38.1,87.9,0.7,-1,-1,-1
417,40,98.4,225.1,38.2,88.3,0.7,-1,-1,-1
418,40,95.3,224.7,38.3,88.2,0.7,-1,-1,-1
419,40,92.9,225.0,38.6,88.8,0.7,-1,-1,-1
420,40,90.0,225.4,38.9,90.0,0.7,-1,-1,-1
421,40,87.0,225.9,39.5,91.3,0.7,-1,-1,-1
422,40,83.4,227.0,41.3,94.8,0.7,-1,-1,-1
423,40,80.9,226.6,42.1,96.7,0.7,-1,-1,-1
424,40,77.2,226.1,42.8,98.6,0.7,-1,-1,-1
425,40,73.3,226.1,43.4,100.2,0.7,-1,-1,-1
426,40,69.1,226.3,43.9,102.2,0.7,-1,-1,-1
427,40,65.3,225.9,44.9,104.8,0.8,-1,-1,-1
428,40,61.8,225.6,46.5,108.2,0.8,-1,-1,-1
429,46,299.5,221.1,18.5,45.6,0.5,-1,-1,-1
429,40,58.8,224.9,47.4,110.0,0.7,-1,-1,-1
430,46,300.7,220.5,19.0,46.2,0.5,-1,-1,-1
430,40,55.5,223.9,48.0,110.9,0.7,-1,-1,-1
431,46,301.9,220.4,19.0,46.1,0.3,-1,-1,-1
431,40,53.5,223.1,47.4,109.7,0.7,-1,-1,-1
432,46,303.0,220.7,19.1,46.6,0.3,-1,-1,-1
432,40,51.3,223.7,47.0,109.3,0.7,-1,-1,-1
433,46,303.8,220.9,19.1,46.9,0.4,-1,-1,-1
433,40,48.5,225.4,48.0,111.0,0.7,-1,-1,-1
434,46,304.7,221.2,19.2,47.1,0.4,-1,-1,-1
434,40,48.3,224.7,46.6,109.3,0.7,-1,-1,-1
435,46,305.9,221.0,19.3,47.7,0.5,-1,-1,-1
435,40,44.6,225.7,45.7,108.1,0.6,-1,-1,-1
436,46,306.6,221.1,19.3,48.1,0.4,-1,-1,-1
436,40,41.4,226.3,45.0,107.8,0.6,-1,-1,-1
437,46,307.5,220.7,19.3,48.1,0.5,-1,-1,-1
438,48,24.9,226.9,50.7,115.9,0.7,-1,-1,-1
438,46,308.1,220.4,19.3,48.1,0.4,-1,-1,-1
439,48,20.6,227.5,50.2,115.9,0.7,-1,-1,-1
439,46,309.0,220.2,19.7,48.6,0.5,-1,-1,-1
440,49,345.4,223.4,17.4,43.9,0.3,-1,-1,-1
440,48,17.9,227.4,49.5,115.3,0.7,-1,-1,-1
440,46,309.6,220.4,19.6,48.2,0.5,-1,-1,-1
441,49,345.8,223.8,17.6,44.2,0.3,-1,-1,-1
441,48,14.7,227.3,49.4,117.5,0.7,-1,-1,-1
441,46,310.6,220.9,19.5,47.7,0.6,-1,-1,-1
442,48,13.3,226.8,48.4,117.5,0.7,-1,-1,-1
442,46,311.3,221.5,19.3,47.1,0.3,-1,-1,-1
443,48,10.9,227.3,48.7,118.8,0.7,-1,-1,-1
443,46,311.3,221.8,19.2,46.8,0.4,-1,-1,-1
444,48,6.7,227.5,49.3,120.2,0.7,-1,-1,-1
444,46,311.7,222.8,19.0,46.5,0.5,-1,-1,-1
445,48,2.5,228.3,49.0,121.9,0.7,-1,-1,-1
445,46,312.2,223.5,19.1,46.4,0.5,-1,-1,-1
446,48,0.1,228.3,47.8,123.2,0.7,-1,-1,-1
446,46,312.4,224.2,19.2,46.5,0.5,-1,-1,-1
447,50,360.1,228.4,15.8,38.7,0.4,-1,-1,-1
447,48,-1.2,229.0,45.7,123.5,0.7,-1,-1,-1
447,46,312.6,224.3,19.3,46.5,0.5,-1,-1,-1
448,50,358.9,228.5,16.7,40.8,0.3,-1,-1,-1
448,48,-1.9,229.7,42.6,123.9,0.8,-1,-1,-1
448,46,312.4,224.5,19.3,46.5,0.5,-1,-1,-1
449,50,357.9,228.5,17.2,41.8,0.3,-1,-1,-1
449,48,-2.8,230.0,37.7,124.3,0.6,-1,-1,-1
449,46,312.0,223.9,19.5,46.8,0.6,-1,-1,-1
450,48,-3.4,230.2,31.5,126.0,0.5,-1,-1,-1
450,46,311.2,223.5,19.5,47.1,0.5,-1,-1,-1
451,48,-3.1,228.2,26.1,126.5,0.3,-1,-1,-1
451,46,310.7,222.9,19.8,47.7,0.6,-1,-1,-1
452,51,329.8,224.0,18.6,45.8,0.4,-1,-1,-1
452,50,356.0,227.3,17.1,44.1,0.3,-1,-1,-1
452,49,343.4,225.1,19.3,46.7,0.4,-1,-1,-1
452,46,310.4,222.5,19.9,48.1,0.6,-1,-1,-1
453,51,329.9,223.6,18.3,45.5,0.3,-1,-1,-1
453,50,355.4,227.2,17.2,44.7,0.3,-1,-1,-1
453,49,343.3,225.3,19.1,46.5,0.3,-1,-1,-1
453,46,309.9,221.9,19.9,48.4,0.7,-1,-1,-1
454,51,329.9,223.9,18.2,45.2,0.3,-1,-1,-1
454,50,355.0,227.4,17.2,44.9,0.4,-1,-1,-1
454,49,343.3,225.9,19.0,46.3,0.4,-1,-1,-1
454,46,309.5,221.8,20.1,48.7,0.7,-1,-1,-1
455,50,354.2,227.8,17.6,45.3,0.4,-1,-1,-1
455,49,342.8,226.2,19.1,46.5,0.3,-1,-1,-1
455,46,309.2,221.4,20.0,48.8,0.6,-1,-1,-1
456,50,353.6,227.6,17.8,45.5,0.4,-1,-1,-1
456,46,308.8,221.4,20.1,49.1,0.6,-1,-1,-1
457,50,353.1,227.5,18.1,45.8,0.4,-1,-1,-1
457,46,308.7,221.0,20.2,49.3,0.6,-1,-1,-1
458,50,352.6,227.0,18.4,46.3,0.4,-1,-1,-1
458,46,308.4,220.9,20.3,49.4,0.6,-1,-1,-1
459,50,352.5,226.3,18.8,46.9,0.5,-1,-1,-1
459,46,308.3,220.9,20.4,49.6,0.7,-1,-1,-1
460,50,352.4,225.9,19.1,47.5,0.6,-1,-1,-1
460,46,308.3,220.6,20.7,50.1,0.7,-1,-1,-1
461,51,330.0,221.6,17.2,44.8,0.3,-1,-1,-1
461,50,352.2,225.9,19.3,47.7,0.6,-1,-1,-1
461,46,307.8,220.1,20.7,50.2,0.7,-1,-1,-1
462,51,330.1,221.6,17.0,44.8,0.3,-1,-1,-1
462,50,352.1,225.5,19.6,48.1,0.6,-1,-1,-1
462,46,307.9,219.9,20.7,49.7,0.7,-1,-1,-1
463,52,124.4,227.5,43.3,97.6,0.5,-1,-1,-1
463,50,351.8,225.2,19.8,48.5,0.7,-1,-1,-1
463,46,308.0,219.9,20.7,49.5,0.7,-1,-1,-1
464,53,336.8,214.9,28.4,63.7,0.6,-1,-1,-1
464,52,120.5,227.4,45.4,102.0,0.7,-1,-1,-1
464,50,351.7,225.3,20.0,48.9,0.7,-1,-1,-1
464,46,308.0,219.3,20.6,49.5,0.7,-1,-1,-1
465,53,337.0,217.1,25.6,59.2,0.6,-1,-1,-1
465,52,117.2,226.7,46.5,103.9,0.7,-1,-1,-1
465,50,351.4,225.1,20.0,49.0,0.7,-1,-1,-1
465,46,308.4,219.4,20.4,49.0,0.7,-1,-1,-1
466,53,336.4,214.8,27.4,63.4,0.6,-1,-1,-1
466,52,112.2,226.8,47.5,105.5,0.7,-1,-1,-1
466,50,351.2,224.9,20.0,49.0,0.6,-1,-1,-1
466,46,308.9,219.5,20.0,48.4,0.7,-1,-1,-1
467,53,335.0,213.4,28.5,65.0,0.6,-1,-1,-1
467,52,109.3,226.7,47.9,106.2,0.7,-1,-1,-1
467,50,351.1,224.5,20.1,49.1,0.6,-1,-1,-1
467,46,309.2,219.5,19.7,48.0,0.6,-1,-1,-1
468,53,334.1,214.3,27.4,62.8,0.5,-1,-1,-1
468,52,105.9,226.4,47.6,106.0,0.7,-1,-1,-1
468,50,350.9,224.0,20.2,49.4,0.6,-1,-1,-1
468,46,309.4,219.8,19.6,47.7,0.6,-1,-1,-1
469,53,333.0,213.3,28.1,63.4,0.6,-1,-1,-1
469,52,102.6,226.4,47.5,106.0,0.7,-1,-1,-1
469,50,350.6,223.8,20.4,49.7,0.6,-1,-1,-1
469,46,309.8,219.8,19.3,47.4,0.7,-1,-1,-1
470,53,332.3,214.1,27.3,62.0,0.7,-1,-1,-1
470,52,97.7,227.1,47.9,107.4,0.7,-1,-1,-1
470,50,351.0,223.4,20.6,49.9,0.6,-1,-1,-1
470,46,310.4,219.9,19.0,47.0,0.6,-1,-1,-1
471,53,331.5,215.1,26.4,61.0,0.7,-1,-1,-1
471,52,92.4,226.5,48.0,107.4,0.8,-1,-1,-1
471,50,351.1,223.4,20.8,50.4,0.6,-1,-1,-1
471,46,310.9,219.6,19.0,46.9,0.6,-1,-1,-1
472,53,330.8,215.2,25.9,60.4,0.7,-1,-1,-1
472,52,87.9,227.1,48.4,107.9,0.7,-1,-1,-1
472,50,350.9,223.2,20.9,50.7,0.6,-1,-1,-1
472,46,311.1,218.6,19.3,47.6,0.6,-1,-1,-1
473,53,330.8,216.1,25.3,59.5,0.7,-1,-1,-1
473,52,82.6,227.0,48.2,108.1,0.7,-1,-1,-1
473,50,350.5,223.2,20.9,50.6,0.6,-1,-1,-1
473,46,311.0,217.8,19.6,48.2,0.5,-1,-1,-1
474,53,330.6,216.8,25.0,59.0,0.7,-1,-1,-1
474,52,78.5,227.3,48.7,108.7,0.7,-1,-1,-1
474,50,350.2,223.5,21.0,50.8,0.7,-1,-1,-1
475,53,330.6,216.6,24.8,58.9,0.7,-1,-1,-1
475,52,74.8,228.2,49.2,110.1,0.7,-1,-1,-1
475,50,350.1,222.6,21.6,52.1,0.7,-1,-1,-1
476,53,330.2,216.4,24.8,59.0,0.7,-1,-1,-1
476,52,71.9,228.6,49.7,111.3,0.7,-1,-1,-1
476,50,350.2,223.0,21.6,52.1,0.6,-1,-1,-1
477,53,330.3,216.5,24.8,59.1,0.7,-1,-1,-1
477,52,67.4,227.8,49.2,110.3,0.7,-1,-1,-1
477,50,350.6,221.9,22.3,53.6,0.6,-1,-1,-1
478,53,330.1,216.1,24.7,59.2,0.7,-1,-1,-1
478,52,64.4,228.0,49.9,111.0,0.7,-1,-1,-1
478,50,350.6,222.0,22.2,53.5,0.7,-1,-1,-1
479,53,330.3,215.5,24.7,59.5,0.7,-1,-1,-1
479,52,60.7,228.9,50.7,112.2,0.6,-1,-1,-1
479,50,350.7,222.1,22.1,53.2,0.6,-1,-1,-1
480,53,330.5,215.4,24.7,59.7,0.7,-1,-1,-1
480,52,56.9,229.9,51.4,113.7,0.7,-1,-1,-1
480,50,351.2,220.8,22.5,54.1,0.7,-1,-1,-1
480,46,314.9,211.2,23.8,57.1,0.5,-1,-1,-1
481,53,330.8,215.4,24.8,60.0,0.7,-1,-1,-1
481,52,53.5,230.7,52.4,115.8,0.8,-1,-1,-1
481,50,351.4,221.1,22.3,53.7,0.7,-1,-1,-1
481,46,314.7,211.5,24.1,57.2,0.3,-1,-1,-1
482,53,330.9,214.9,24.8,60.1,0.7,-1,-1,-1
482,52,49.6,230.3,53.2,117.4,0.7,-1,-1,-1
482,50,352.0,221.2,22.2,53.4,0.7,-1,-1,-1
482,46,314.7,212.7,23.1,55.1,0.4,-1,-1,-1
483,53,331.2,214.8,24.9,60.2,0.6,-1,-1,-1
483,52,43.9,231.2,54.3,119.7,0.7,-1,-1,-1
483,50,353.3,221.0,22.4,53.8,0.6,-1,-1,-1
483,46,315.5,213.4,22.5,53.9,0.5,-1,-1,-1
484,53,331.5,214.7,25.1,60.3,0.7,-1,-1,-1
484,52,39.7,232.4,55.1,122.7,0.7,-1,-1,-1
484,50,354.4,220.7,22.3,53.8,0.7,-1,-1,-1
484,46,315.7,212.3,25.0,59.2,0.4,-1,-1,-1
485,53,332.3,214.9,25.3,60.5,0.7,-1,-1,-1
485,52,36.6,232.6,55.3,123.8,0.4,-1,-1,-1
485,50,356.3,220.9,22.5,54.0,0.6,-1,-1,-1
486,53,332.6,215.2,25.4,60.7,0.7,-1,-1,-1
486,52,31.7,234.3,57.2,129.3,0.6,-1,-1,-1
486,50,357.4,221.2,22.6,54.2,0.6,-1,-1,-1
487,53,332.9,215.3,25.5,60.7,0.7,-1,-1,-1
487,52,27.2,233.2,59.1,133.2,0.7,-1,-1,-1
487,50,358.8,221.4,22.9,54.4,0.6,-1,-1,-1
488,53,333.8,215.2,25.5,60.6,0.7,-1,-1,-1
488,52,24.5,233.2,60.1,136.6,0.6,-1,-1,-1
488,50,360.6,220.9,22.8,54.1,0.6,-1,-1,-1
489,53,334.7,215.5,25.7,60.7,0.7,-1,-1,-1
489,52,23.8,230.7,59.6,136.8,0.5,-1,-1,-1
489,50,362.1,220.6,22.6,53.7,0.6,-1,-1,-1
490,53,335.6,215.8,25.8,60.8,0.7,-1,-1,-1
490,52,20.3,231.7,60.7,140.0,0.6,-1,-1,-1
490,50,363.2,219.5,22.4,52.7,0.5,-1,-1,-1
491,53,336.4,215.7,26.0,60.9,0.7,-1,-1,-1
491,52,13.9,231.9,63.2,143.5,0.4,-1,-1,-1
491,50,364.9,219.2,22.2,51.7,0.4,-1,-1,-1
492,53,337.4,215.5,26.0,60.9,0.6,-1,-1,-1
492,52,10.6,231.9,64.1,144.7,0.8,-1,-1,-1
493,53,338.2,215.5,26.5,61.9,0.7,-1,-1,-1
493,52,6.3,232.7,64.7,146.3,0.6,-1,-1,-1
494,53,338.9,215.1,26.8,62.7,0.7,-1,-1,-1
494,52,1.0,237.2,65.7,154.5,0.5,-1,-1,-1
495,53,339.8,215.2,26.9,62.5,0.7,-1,-1,-1
495,52,1.2,234.1,63.6,154.6,0.4,-1,-1,-1
496,53,340.3,214.4,27.1,63.2,0.7,-1,-1,-1
496,52,1.4,232.5,62.3,153.7,0.7,-1,-1,-1
496,50,371.4,221.2,21.7,49.6,0.5,-1,-1,-1
497,53,340.9,213.6,27.4,64.2,0.7,-1,-1,-1
497,52,-0.7,232.9,59.6,152.5,0.7,-1,-1,-1
497,50,372.1,220.9,21.5,49.2,0.5,-1,-1,-1
498,53,342.1,213.7,27.7,64.8,0.7,-1,-1,-1
498,52,-3.3,235.9,56.3,153.9,0.7,-1,-1,-1
498,50,373.1,220.4,21.4,49.3,0.5,-1,-1,-1
499,53,343.5,213.8,27.9,64.9,0.7,-1,-1,-1
499,52,-4.3,237.6,52.7,156.8,0.7,-1,-1,-1
499,50,374.1,220.1,21.4,49.5,0.6,-1,-1,-1
500,53,345.7,214.2,27.8,65.0,0.7,-1,-1,-1
500,52,-4.7,238.2,48.8,159.6,0.5,-1,-1,-1
500,50,375.4,219.9,21.3,49.6,0.6,-1,-1,-1
501,53,347.3,214.4,27.7,64.8,0.7,-1,-1,-1
501,52,-4.3,238.3,45.5,162.4,0.3,-1,-1,-1
501,50,376.8,219.6,21.3,49.6,0.6,-1,-1,-1
502,53,348.9,214.8,27.7,65.0,0.7,-1,-1,-1
502,52,-1.3,249.9,46.9,156.4,0.5,-1,-1,-1
502,50,379.4,220.0,21.2,49.8,0.7,-1,-1,-1
503,53,350.5,214.7,27.7,64.7,0.7,-1,-1,-1
503,52,-1.4,256.9,46.1,152.3,0.5,-1,-1,-1
503,50,381.4,220.1,22.0,52.0,0.6,-1,-1,-1
504,53,352.1,214.6,27.6,64.5,0.7,-1,-1,-1
504,50,382.6,219.9,21.6,51.1,0.5,-1,-1,-1
505,53,353.5,214.6,27.6,64.6,0.8,-1,-1,-1
505,50,383.7,220.4,21.2,50.2,0.6,-1,-1,-1
506,53,355.2,214.5,27.8,65.1,0.8,-1,-1,-1
506,50,385.7,221.5,20.8,49.2,0.7,-1,-1,-1
507,55,0.6,250.5,28.3,152.1,0.5,-1,-1,-1
507,53,356.5,214.6,28.1,65.7,0.7,-1,-1,-1
507,50,387.2,222.2,20.6,48.8,0.6,-1,-1,-1
508,55,0.9,251.8,28.5,162.4,0.5,-1,-1,-1
508,53,357.9,213.8,28.6,66.8,0.7,-1,-1,-1
508,50,389.1,222.7,20.7,49.0,0.6,-1,-1,-1
509,55,1.7,247.3,32.1,164.8,0.4,-1,-1,-1
509,53,358.9,212.6,29.3,68.5,0.8,-1,-1,-1
509,50,390.7,222.9,20.7,49.2,0.6,-1,-1,-1
510,53,360.9,213.6,29.3,68.4,0.8,-1,-1,-1
510,50,391.7,223.0,21.0,50.1,0.6,-1,-1,-1
511,53,362.5,213.0,29.5,69.2,0.8,-1,-1,-1
511,50,393.4,222.2,22.5,54.0,0.6,-1,-1,-1
512,53,363.9,211.9,29.8,70.2,0.7,-1,-1,-1
512,50,394.8,221.6,23.6,56.8,0.6,-1,-1,-1
513,58,408.5,225.4,18.7,44.7,0.4,-1,-1,-1
513,53,365.6,212.3,29.7,69.9,0.7,-1,-1,-1
513,50,395.5,220.9,24.1,58.2,0.7,-1,-1,-1
514,53,368.2,213.4,29.5,69.3,0.7,-1,-1,-1
514,50,397.1,221.2,24.4,59.1,0.7,-1,-1,-1
515,53,369.8,212.8,29.6,69.7,0.7,-1,-1,-1
515,50,398.5,220.7,24.9,60.5,0.7,-1,-1,-1
516,53,371.8,213.4,29.4,69.3,0.7,-1,-1,-1
516,50,400.0,220.4,25.1,61.2,0.6,-1,-1,-1
517,53,374.3,214.0,29.3,69.1,0.8,-1,-1,-1
517,50,401.0,220.5,25.1,61.2,0.7,-1,-1,-1
518,53,376.3,214.9,29.1,68.5,0.8,-1,-1,-1
518,50,402.5,220.6,25.2,61.4,0.8,-1,-1,-1
519,53,377.7,214.9,29.0,68.4,0.7,-1,-1,-1
519,50,403.8,220.8,25.3,61.3,0.8,-1,-1,-1
520,58,420.4,225.6,20.6,50.1,0.4,-1,-1,-1
520,53,379.0,214.8,28.9,68.6,0.6,-1,-1,-1
520,50,404.7,220.6,25.3,61.4,0.7,-1,-1,-1
521,58,421.2,225.4,21.4,52.9,0.4,-1,-1,-1
521,53,380.4,212.7,29.5,70.2,0.7,-1,-1,-1
521,50,406.1,220.1,25.3,61.6,0.7,-1,-1,-1
522,53,382.0,212.2,29.6,71.0,0.7,-1,-1,-1
522,50,407.7,219.9,25.5,61.8,0.7,-1,-1,-1
523,53,384.1,212.3,29.7,71.1,0.7,-1,-1,-1
523,50,409.6,220.0,25.7,62.3,0.7,-1,-1,-1
524,53,386.8,214.5,29.3,69.8,0.8,-1,-1,-1
524,50,411.6,220.7,25.5,61.7,0.7,-1,-1,-1
525,53,389.0,215.9,29.1,68.9,0.7,-1,-1,-1
525,50,413.0,221.4,25.4,61.4,0.7,-1,-1,-1
526,53,390.4,216.0,29.3,69.5,0.7,-1,-1,-1
526,50,414.5,221.9,25.4,61.4,0.7,-1,-1,-1
527,53,391.7,216.8,29.1,69.0,0.8,-1,-1,-1
527,50,415.7,222.3,25.3,61.3,0.7,-1,-1,-1
528,58,431.3,226.8,23.0,57.0,0.3,-1,-1,-1
528,53,392.9,215.9,29.1,69.3,0.7,-1,-1,-1
528,50,417.0,222.3,25.3,61.3,0.7,-1,-1,-1
529,58,432.1,226.6,23.1,57.1,0.4,-1,-1,-1
529,53,394.0,215.8,29.0,69.3,0.7,-1,-1,-1
529,50,418.5,222.1,25.3,61.2,0.7,-1,-1,-1
530,58,433.4,226.1,23.5,57.3,0.5,-1,-1,-1
530,53,395.4,215.9,29.0,69.4,0.7,-1,-1,-1
530,50,419.8,221.7,25.3,61.2,0.7,-1,-1,-1
531,58,434.8,225.1,23.9,58.6,0.6,-1,-1,-1
531,53,396.4,215.0,29.3,70.4,0.7,-1,-1,-1
531,50,421.1,221.5,25.4,61.3,0.7,-1,-1,-1
532,58,436.1,224.4,23.8,59.4,0.4,-1,-1,-1
532,53,397.8,215.6,29.4,70.4,0.7,-1,-1,-1
532,50,422.1,221.3,25.5,61.9,0.7,-1,-1,-1
533,58,437.3,224.8,24.2,60.7,0.5,-1,-1,-1
533,53,399.1,216.0,29.3,70.3,0.7,-1,-1,-1
533,50,423.3,221.3,25.6,62.1,0.7,-1,-1,-1
534,58,438.1,224.5,24.3,61.4,0.5,-1,-1,-1
534,53,400.1,215.6,29.4,70.9,0.7,-1,-1,-1
534,50,424.7,221.2,25.9,62.9,0.7,-1,-1,-1
535,58,439.1,223.9,24.1,61.0,0.6,-1,-1,-1
535,53,402.4,217.0,29.2,70.4,0.7,-1,-1,-1
535,50,426.2,222.3,26.1,63.1,0.7,-1,-1,-1
536,58,439.4,224.9,24.3,61.4,0.6,-1,-1,-1
536,53,403.9,218.0,29.1,70.3,0.7,-1,-1,-1
536,50,427.5,222.8,26.3,63.6,0.7,-1,-1,-1
537,58,440.2,225.3,24.8,61.9,0.5,-1,-1,-1
537,53,405.7,218.4,29.0,70.0,0.7,-1,-1,-1
537,50,428.7,222.9,26.4,63.9,0.7,-1,-1,-1
538,53,407.2,219.1,28.9,69.7,0.7,-1,-1,-1
538,50,430.2,223.3,26.5,63.9,0.7,-1,-1,-1
539,53,408.2,219.8,28.6,69.0,0.8,-1,-1,-1
539,50,431.6,223.5,26.6,64.4,0.7,-1,-1,-1
540,58,443.6,227.1,25.9,65.2,0.3,-1,-1,-1
540,53,409.7,219.8,28.4,68.7,0.7,-1,-1,-1
540,50,433.3,223.3,26.8,65.0,0.7,-1,-1,-1
541,53,411.5,220.8,28.2,68.6,0.6,-1,-1,-1
541,50,435.3,223.0,26.9,65.1,0.7,-1,-1,-1
542,53,413.1,221.3,28.2,68.8,0.7,-1,-1,-1
542,50,436.6,222.7,27.1,65.6,0.7,-1,-1,-1
543,53,414.7,220.8,28.5,69.3,0.7,-1,-1,-1
543,50,438.5,222.9,27.3,66.0,0.7,-1,-1,-1
544,53,415.7,220.4,28.4,69.1,0.7,-1,-1,-1
544,50,439.4,222.4,27.7,67.0,0.8,-1,-1,-1
545,53,417.4,220.5,28.4,69.1,0.7,-1,-1,-1
545,50,440.7,222.2,28.2,68.2,0.7,-1,-1,-1
546,53,419.0,220.3,28.4,69.2,0.8,-1,-1,-1
546,50,442.3,222.7,28.5,68.7,0.8,-1,-1,-1
547,53,420.9,220.7,28.7,69.9,0.7,-1,-1,-1
547,50,445.1,223.3,29.0,69.6,0.8,-1,-1,-1
548,53,422.2,220.6,29.3,71.0,0.8,-1,-1,-1
548,50,446.9,223.2,29.2,70.0,0.8,-1,-1,-1
549,53,423.3,220.5,29.7,71.8,0.8,-1,-1,-1
549,50,448.5,222.7,29.5,70.5,0.8,-1,-1,-1
550,53,424.9,220.7,29.9,72.3,0.8,-1,-1,-1
550,50,450.6,223.5,29.5,70.7,0.8,-1,-1,-1
551,59,411.7,217.2,21.9,49.2,0.5,-1,-1,-1
551,53,426.1,220.5,30.0,72.3,0.8,-1,-1,-1
551,50,452.1,224.2,29.7,70.8,0.7,-1,-1,-1
552,59,412.7,218.1,21.7,49.0,0.6,-1,-1,-1
552,53,427.0,221.3,30.1,72.3,0.8,-1,-1,-1
552,50,452.8,224.3,29.5,70.0,0.7,-1,-1,-1
553,59,413.3,220.1,22.5,50.7,0.4,-1,-1,-1
553,53,428.0,222.6,30.1,72.3,0.8,-1,-1,-1
553,50,453.6,225.6,29.7,70.6,0.7,-1,-1,-1
554,59,414.7,220.4,20.9,48.5,0.4,-1,-1,-1
554,53,429.2,224.0,30.2,72.6,0.8,-1,-1,-1
554,50,454.7,227.1,30.4,72.5,0.7,-1,-1,-1
555,59,416.3,222.2,20.1,47.3,0.4,-1,-1,-1
555,53,431.0,225.7,30.1,72.8,0.8,-1,-1,-1
555,50,455.6,227.9,30.3,71.6,0.7,-1,-1,-1
556,59,417.8,224.0,19.8,46.0,0.3,-1,-1,-1
556,53,433.0,228.2,29.9,72.4,0.8,-1,-1,-1
556,50,456.5,230.0,29.6,69.9,0.7,-1,-1,-1
557,59,420.8,226.8,20.4,47.3,0.3,-1,-1,-1
557,53,435.5,230.5,29.6,71.6,0.7,-1,-1,-1
557,50,457.5,232.7,28.8,68.2,0.6,-1,-1,-1
558,53,437.6,233.3,29.7,71.6,0.7,-1,-1,-1
558,50,461.5,235.7,29.2,67.7,0.4,-1,-1,-1
559,53,438.1,235.3,30.2,72.4,0.7,-1,-1,-1
559,50,461.1,237.9,28.6,66.1,0.3,-1,-1,-1
560,53,438.9,237.9,30.1,72.0,0.8,-1,-1,-1
560,50,459.8,240.1,27.5,64.3,0.3,-1,-1,-1
561,53,439.2,239.7,30.2,72.4,0.7,-1,-1,-1
561,50,464.7,243.3,27.2,64.4,0.3,-1,-1,-1
562,53,439.5,240.7,30.3,72.6,0.7,-1,-1,-1
562,50,466.3,244.7,27.0,64.7,0.3,-1,-1,-1
563,53,440.9,241.8,30.1,72.3,0.7,-1,-1,-1
563,50,468.1,245.7,27.5,65.9,0.6,-1,-1,-1
564,53,441.8,242.5,29.9,71.8,0.6,-1,-1,-1
564,50,469.8,245.7,27.4,65.9,0.6,-1,-1,-1
565,53,443.0,243.5,30.1,72.4,0.7,-1,-1,-1
565,50,472.2,245.7,27.7,66.4,0.7,-1,-1,-1
566,61,458.0,246.2,24.2,67.8,0.4,-1,-1,-1
566,53,444.3,243.6,30.7,74.2,0.7,-1,-1,-1
566,50,473.5,245.8,27.7,66.2,0.6,-1,-1,-1
567,61,459.4,247.4,24.2,63.9,0.3,-1,-1,-1
567,53,445.4,244.3,30.9,74.7,0.7,-1,-1,-1
567,50,474.1,246.4,27.9,66.6,0.6,-1,-1,-1
568,61,459.2,248.5,25.5,64.9,0.4,-1,-1,-1
568,53,445.7,244.2,30.9,75.0,0.7,-1,-1,-1
568,50,474.7,247.4,27.6,67.0,0.5,-1,-1,-1
569,61,458.2,249.3,26.3,66.0,0.3,-1,-1,-1
569,53,446.1,244.4,31.0,75.6,0.7,-1,-1,-1
569,50,475.2,247.9,27.6,67.8,0.5,-1,-1,-1
570,53,447.2,245.2,31.3,76.5,0.7,-1,-1,-1
570,50,476.0,248.8,28.1,69.2,0.4,-1,-1,-1
571,53,448.6,246.4,31.5,76.9,0.7,-1,-1,-1
571,50,477.3,249.9,28.9,70.6,0.6,-1,-1,-1
572,53,450.6,247.4,31.9,77.7,0.7,-1,-1,-1
572,50,479.5,250.8,29.5,71.6,0.7,-1,-1,-1
573,62,432.5,242.2,21.0,47.4,0.3,-1,-1,-1
573,53,451.5,248.6,31.9,77.8,0.8,-1,-1,-1
573,50,480.7,251.4,29.9,72.4,0.7,-1,-1,-1
574,62,433.3,242.9,20.5,46.7,0.5,-1,-1,-1
574,53,452.5,249.4,32.3,78.7,0.8,-1,-1,-1
574,50,481.6,252.3,30.1,72.6,0.7,-1,-1,-1
575,62,433.4,243.4,20.7,47.1,0.3,-1,-1,-1
575,53,453.0,249.7,32.8,79.7,0.8,-1,-1,-1
575,50,482.3,253.9,30.4,73.3,0.6,-1,-1,-1
576,53,453.2,250.4,33.2,80.8,0.8,-1,-1,-1
576,50,482.6,255.3,30.9,74.1,0.6,-1,-1,-1
577,53,453.3,251.6,33.8,81.7,0.8,-1,-1,-1
577,50,482.3,256.6,31.4,75.1,0.6,-1,-1,-1
578,53,453.2,252.4,34.1,82.5,0.8,-1,-1,-1
578,50,483.3,257.2,31.9,76.1,0.7,-1,-1,-1
579,53,453.1,253.6,34.4,83.1,0.8,-1,-1,-1
579,50,482.7,258.4,32.4,77.5,0.6,-1,-1,-1
580,62,432.9,249.9,23.5,53.5,0.3,-1,-1,-1
580,53,453.1,254.6,34.6,83.6,0.8,-1,-1,-1
580,50,482.7,259.6,32.6,78.3,0.6,-1,-1,-1
581,62,432.6,251.2,23.8,54.2,0.3,-1,-1,-1
581,53,453.7,256.1,34.7,84.2,0.8,-1,-1,-1
581,50,482.5,260.6,32.5,78.5,0.6,-1,-1,-1
582,62,432.6,252.0,23.5,52.9,0.3,-1,-1,-1
582,53,454.2,257.4,34.9,84.5,0.8,-1,-1,-1
582,50,482.3,261.4,32.3,78.4,0.6,-1,-1,-1
583,53,454.3,258.1,35.1,85.0,0.8,-1,-1,-1
583,50,482.2,262.5,32.4,78.9,0.6,-1,-1,-1
584,53,454.3,259.4,35.1,85.1,0.8,-1,-1,-1
584,50,481.9,263.3,32.4,79.0,0.5,-1,-1,-1
585,53,454.3,260.4,35.3,85.4,0.8,-1,-1,-1
585,50,481.5,264.0,32.7,79.4,0.6,-1,-1,-1
586,53,453.8,261.1,35.5,85.6,0.8,-1,-1,-1
586,50,479.9,264.3,33.3,80.5,0.6,-1,-1,-1
587,53,453.0,260.2,36.2,87.5,0.8,-1,-1,-1
587,50,478.4,263.9,33.0,79.9,0.6,-1,-1,-1
588,53,452.4,260.0,36.7,88.8,0.8,-1,-1,-1
588,50,477.4,263.8,32.9,79.9,0.7,-1,-1,-1
589,53,452.1,259.8,37.0,89.8,0.8,-1,-1,-1
589,50,476.7,263.1,32.4,78.0,0.7,-1,-1,-1
590,53,452.0,259.8,37.5,91.0,0.8,-1,-1,-1
590,50,476.4,262.8,31.7,76.1,0.7,-1,-1,-1
591,53,452.1,259.5,38.1,92.3,0.8,-1,-1,-1
591,50,476.2,262.9,31.1,74.3,0.7,-1,-1,-1
592,53,451.9,258.9,38.6,93.6,0.8,-1,-1,-1
592,50,476.1,262.9,30.7,73.4,0.7,-1,-1,-1
593,53,451.5,257.9,39.0,94.6,0.8,-1,-1,-1
593,50,475.5,263.2,30.7,73.1,0.7,-1,-1,-1
594,53,450.9,256.5,39.4,95.9,0.8,-1,-1,-1
594,50,474.6,262.2,31.0,73.8,0.7,-1,-1,-1
595,53,450.6,253.2,39.9,97.2,0.8,-1,-1,-1
595,50,474.0,259.3,31.3,74.3,0.7,-1,-1,-1
596,53,451.0,250.1,40.3,98.3,0.8,-1,-1,-1
596,50,473.7,256.3,32.0,75.6,0.7,-1,-1,-1
597,53,452.8,246.7,40.6,99.0,0.8,-1,-1,-1
597,50,474.2,253.6,33.1,79.6,0.6,-1,-1,-1
598,53,454.6,244.1,41.0,100.3,0.8,-1,-1,-1
598,50,473.5,252.1,34.5,84.1,0.5,-1,-1,-1
599,53,456.1,241.9,41.3,100.8,0.7,-1,-1,-1
599,50,474.1,249.9,35.3,87.4,0.5,-1,-1,-1
600,53,456.1,240.3,41.6,101.5,0.8,-1,-1,-1
600,50,475.9,245.6,35.9,88.9,0.5,-1,-1,-1
601,53,455.4,239.7,42.3,102.9,0.8,-1,-1,-1
601,50,476.4,244.9,36.8,90.8,0.6,-1,-1,-1
602,53,454.4,239.0,42.7,104.1,0.7,-1,-1,-1
602,50,475.3,244.5,36.8,91.7,0.6,-1,-1,-1
603,53,453.5,238.1,43.0,105.3,0.7,-1,-1,-1
603,50,474.0,243.7,37.3,93.8,0.5,-1,-1,-1
604,53,452.9,235.6,43.8,106.9,0.8,-1,-1,-1
604,50,471.9,241.9,38.2,95.5,0.6,-1,-1,-1
605,53,453.0,232.2,44.2,108.2,0.8,-1,-1,-1
605,50,471.0,239.2,38.6,96.2,0.6,-1,-1,-1
606,53,454.0,229.7,44.8,109.5,0.7,-1,-1,-1
606,50,471.6,236.0,39.1,97.3,0.7,-1,-1,-1
607,53,454.4,228.1,45.3,110.2,0.8,-1,-1,-1
607,50,472.5,233.0,39.9,97.9,0.7,-1,-1,-1
608,53,454.9,227.4,45.8,111.1,0.8,-1,-1,-1
608,50,472.9,231.4,40.5,98.7,0.7,-1,-1,-1
609,53,455.5,227.3,46.2,112.1,0.8,-1,-1,-1
610,53,455.8,228.2,46.6,112.8,0.7,-1,-1,-1
611,53,455.5,230.1,47.2,114.1,0.8,-1,-1,-1
612,53,454.8,232.0,47.9,115.7,0.8,-1,-1,-1
613,53,453.9,233.5,48.7,117.6,0.8,-1,-1,-1
614,53,453.5,234.4,49.7,120.0,0.8,-1,-1,-1
615,53,454.1,235.8,50.9,122.5,0.8,-1,-1,-1
616,53,455.4,236.9,52.5,125.9,0.8,-1,-1,-1
617,53,456.1,237.4,53.6,128.1,0.8,-1,-1,-1
618,53,456.1,238.3,54.6,130.1,0.8,-1,-1,-1
619,53,456.3,238.6,55.3,131.4,0.9,-1,-1,-1
620,53,457.4,239.1,56.4,133.0,0.9,-1,-1,-1
621,53,459.2,240.2,57.6,134.8,0.9,-1,-1,-1
622,53,460.5,240.9,58.4,136.4,0.9,-1,-1,-1
623,53,462.6,241.8,59.3,139.1,0.9,-1,-1,-1
624,53,463.8,242.6,60.4,142.4,0.9,-1,-1,-1
625,53,464.6,243.2,61.8,146.3,0.9,-1,-1,-1
626,53,466.3,246.0,63.3,150.6,0.8,-1,-1,-1
627,53,468.5,248.1,64.6,154.3,0.9,-1,-1,-1
628,53,470.6,249.9,65.7,157.8,0.9,-1,-1,-1
629,53,472.4,250.4,66.9,160.7,0.9,-1,-1,-1
630,53,474.2,251.8,68.6,165.6,0.9,-1,-1,-1
631,53,475.0,251.3,69.7,168.7,0.9,-1,-1,-1
632,53,476.8,250.2,71.1,172.7,0.9,-1,-1,-1
633,53,478.7,248.1,72.3,175.6,0.9,-1,-1,-1
634,53,480.5,245.2,73.5,179.0,0.9,-1,-1,-1
635,53,482.0,242.3,75.2,183.3,0.9,-1,-1,-1
636,53,484.1,240.9,77.0,188.1,0.9,-1,-1,-1
637,53,486.5,238.3,79.2,193.2,0.8,-1,-1,-1
638,53,489.7,236.1,81.0,198.4,0.8,-1,-1,-1
639,53,493.1,234.9,82.9,203.3,0.9,-1,-1,-1
640,53,497.9,233.3,84.8,207.8,0.9,-1,-1,-1
641,53,503.7,232.8,86.3,212.5,0.8,-1,-1,-1
642,64,483.7,230.2,72.6,173.0,0.8,-1,-1,-1
642,53,507.6,230.5,88.1,217.0,0.9,-1,-1,-1
643,64,485.9,225.5,72.8,175.9,0.8,-1,-1,-1
643,53,512.2,227.5,90.7,223.0,0.8,-1,-1,-1
644,64,491.7,222.9,75.9,186.7,0.7,-1,-1,-1
644,53,520.1,224.3,92.5,227.4,0.8,-1,-1,-1
645,65,487.0,221.7,57.3,143.2,0.7,-1,-1,-1
645,53,525.0,221.5,95.2,233.2,0.8,-1,-1,-1
646,65,484.6,218.5,60.9,154.7,0.7,-1,-1,-1
646,53,531.0,219.5,97.8,238.9,0.8,-1,-1,-1
647,65,483.6,216.2,62.5,159.1,0.8,-1,-1,-1
647,64,505.1,217.4,84.0,208.5,0.7,-1,-1,-1
647,53,536.2,217.9,100.6,246.1,0.8,-1,-1,-1
648,65,482.2,215.5,64.4,163.4,0.8,-1,-1,-1
648,64,508.1,218.1,85.7,212.9,0.8,-1,-1,-1
648,53,540.2,219.1,101.2,253.4,0.8,-1,-1,-1
649,65,481.8,217.3,66.4,167.0,0.8,-1,-1,-1
649,64,510.3,219.9,88.3,218.7,0.8,-1,-1,-1
649,53,543.3,222.4,100.4,258.9,0.7,-1,-1,-1
650,65,481.8,220.9,68.1,168.5,0.8,-1,-1,-1
650,64,514.0,226.1,88.7,221.1,0.8,-1,-1,-1
650,53,547.1,228.4,97.9,267.4,0.7,-1,-1,-1
651,65,482.1,226.0,70.1,169.8,0.8,-1,-1,-1
651,64,517.4,232.8,90.9,227.2,0.8,-1,-1,-1
651,53,555.3,233.1,92.1,270.8,0.6,-1,-1,-1
652,65,483.6,228.9,71.8,172.0,0.9,-1,-1,-1
652,64,520.1,235.9,94.2,234.2,0.8,-1,-1,-1
652,53,562.0,236.7,86.1,272.6,0.6,-1,-1,-1
653,65,485.8,232.2,73.3,175.7,0.8,-1,-1,-1
653,64,524.4,238.0,96.5,237.8,0.8,-1,-1,-1
654,65,487.2,234.1,75.1,179.2,0.8,-1,-1,-1
654,64,529.0,239.5,99.2,242.6,0.8,-1,-1,-1
655,65,488.5,235.0,76.3,181.8,0.8,-1,-1,-1
655,64,532.6,241.1,101.1,246.8,0.8,-1,-1,-1
656,65,490.2,236.6,78.3,185.8,0.8,-1,-1,-1
656,64,536.3,240.6,102.2,250.3,0.8,-1,-1,-1
657,65,492.0,237.5,79.7,189.1,0.8,-1,-1,-1
657,64,539.3,241.7,102.1,254.8,0.8,-1,-1,-1
658,65,494.4,238.1,80.6,191.8,0.8,-1,-1,-1
658,64,543.3,241.4,100.5,258.6,0.8,-1,-1,-1
659,65,497.1,238.1,81.6,195.0,0.8,-1,-1,-1
659,64,548.4,241.9,96.9,262.8,0.8,-1,-1,-1
660,65,499.5,237.3,82.1,197.6,0.8,-1,-1,-1
660,64,554.0,243.8,92.0,266.6,0.7,-1,-1,-1
661,65,502.4,238.2,83.5,201.7,0.8,-1,-1,-1
661,64,562.1,243.7,85.1,268.7,0.7,-1,-1,-1
662,65,504.9,238.0,85.3,206.1,0.8,-1,-1,-1
662,64,568.3,246.5,78.7,269.1,0.7,-1,-1,-1
663,65,507.1,242.0,88.7,212.9,0.8,-1,-1,-1
664,65,509.7,246.7,91.1,221.2,0.7,-1,-1,-1
665,65,511.7,253.0,95.1,229.3,0.7,-1,-1,-1
666,65,515.7,257.0,96.1,236.3,0.6,-1,-1,-1
667,65,520.8,260.8,97.8,242.3,0.7,-1,-1,-1
668,65,525.5,263.1,99.6,245.4,0.7,-1,-1,-1
669,65,529.4,263.6,102.0,249.0,0.6,-1,-1,-1
670,65,532.1,263.9,103.3,251.1,0.7,-1,-1,-1
671,65,534.8,263.1,104.1,252.9,0.7,-1,-1,-1
672,65,538.0,262.9,103.9,253.7,0.8,-1,-1,-1
673,65,543.9,264.1,100.3,252.8,0.7,-1,-1,-1
674,65,548.2,263.6,96.2,252.5,0.6,-1,-1,-1
675,65,555.8,268.4,90.2,249.2,0.5,-1,-1,-1
699,68,58.7,216.7,46.1,102.4,0.3,-1,-1,-1
700,68,50.5,215.6,47.7,105.2,0.3,-1,-1,-1
704,68,24.1,215.5,52.3,113.1,0.6,-1,-1,-1
705,68,12.6,217.7,53.1,118.2,0.7,-1,-1,-1
706,68,2.3,219.3,54.7,122.3,0.6,-1,-1,-1
707,68,-2.1,219.8,54.8,122.5,0.5,-1,-1,-1
708,68,-5.3,219.7,51.0,120.5,0.3,-1,-1,-1
709,68,-6.3,221.1,46.6,118.9,0.4,-1,-1,-1
710,68,-6.5,227.4,41.8,124.8,0.3,-1,-1,-1
738,72,211.6,214.4,35.1,83.7,0.4,-1,-1,-1
739,72,211.1,214.0,35.9,84.8,0.4,-1,-1,-1
740,72,210.9,213.8,36.3,85.4,0.6,-1,-1,-1
741,72,211.1,213.5,36.6,85.4,0.6,-1,-1,-1
742,72,211.2,213.1,36.7,85.4,0.6,-1,-1,-1
743,72,212.1,212.9,35.7,84.3,0.6,-1,-1,-1
744,72,212.3,211.6,35.3,82.9,0.6,-1,-1,-1
745,72,212.0,211.2,35.0,82.1,0.6,-1,-1,-1
746,72,211.6,211.1,34.2,80.7,0.6,-1,-1,-1
747,72,211.4,211.0,33.5,80.2,0.6,-1,-1,-1
748,72,211.4,210.3,32.9,79.3,0.6,-1,-1,-1
749,72,211.3,210.0,32.4,78.3,0.6,-1,-1,-1
750,72,211.3,209.8,32.1,78.1,0.6,-1,-1,-1
751,72,211.7,209.6,32.1,77.4,0.6,-1,-1,-1
752,72,211.7,210.0,32.4,77.9,0.6,-1,-1,-1
753,72,211.6,210.5,33.2,79.7,0.7,-1,-1,-1
754,72,211.4,210.3,33.7,81.1,0.6,-1,-1,-1
755,72,211.5,210.6,34.9,83.6,0.6,-1,-1,-1
756,72,211.8,209.3,34.5,81.7,0.6,-1,-1,-1
757,72,211.7,210.3,34.6,80.6,0.6,-1,-1,-1
758,72,211.8,211.2,34.7,79.9,0.6,-1,-1,-1
759,73,191.8,211.1,30.7,73.9,0.4,-1,-1,-1
759,72,211.9,212.7,34.8,79.4,0.7,-1,-1,-1
760,73,193.1,211.6,30.3,74.0,0.4,-1,-1,-1
760,72,212.5,213.9,34.6,78.7,0.7,-1,-1,-1
761,73,195.0,212.0,30.1,72.6,0.4,-1,-1,-1
761,72,214.4,215.4,33.8,77.7,0.6,-1,-1,-1
762,73,196.5,211.9,30.8,73.6,0.6,-1,-1,-1
762,72,216.5,216.4,33.5,77.8,0.6,-1,-1,-1
763,73,197.6,212.1,31.1,73.9,0.7,-1,-1,-1
763,72,218.0,216.3,33.5,77.5,0.7,-1,-1,-1
764,73,199.2,211.9,30.9,74.3,0.7,-1,-1,-1
764,72,219.5,216.6,33.2,77.1,0.7,-1,-1,-1
765,73,200.7,211.8,30.3,74.2,0.6,-1,-1,-1
765,72,220.4,216.1,33.4,77.5,0.7,-1,-1,-1
766,74,550.1,195.0,39.1,90.4,0.4,-1,-1,-1
766,73,201.7,211.3,30.4,75.6,0.7,-1,-1,-1
766,72,221.8,216.3,33.3,77.8,0.8,-1,-1,-1
767,74,554.9,194.4,40.0,90.6,0.5,-1,-1,-1
767,73,202.5,211.1,30.2,75.2,0.6,-1,-1,-1
767,72,222.7,216.0,33.4,78.0,0.8,-1,-1,-1
768,73,204.3,210.9,29.9,74.4,0.7,-1,-1,-1
768,72,224.5,216.1,33.3,78.0,0.8,-1,-1,-1
769,73,206.5,211.4,30.1,73.9,0.7,-1,-1,-1
769,72,226.6,216.3,33.1,77.8,0.8,-1,-1,-1
770,73,208.2,211.8,30.4,74.1,0.7,-1,-1,-1
770,72,228.6,216.8,33.0,77.6,0.8,-1,-1,-1
771,73,210.2,212.0,30.9,75.8,0.7,-1,-1,-1
771,72,230.9,217.0,32.9,77.7,0.7,-1,-1,-1
772,73,213.4,212.1,30.8,75.2,0.7,-1,-1,-1
772,72,234.0,218.4,33.0,77.9,0.7,-1,-1,-1
773,73,216.3,213.1,30.5,75.4,0.7,-1,-1,-1
773,72,236.2,219.1,33.1,78.1,0.7,-1,-1,-1
774,73,218.9,213.9,30.7,76.3,0.7,-1,-1,-1
774,72,238.6,219.6,33.2,78.3,0.8,-1,-1,-1
775,73,220.5,214.6,30.9,77.0,0.7,-1,-1,-1
775,72,240.0,220.2,33.2,78.5,0.8,-1,-1,-1
776,73,222.5,214.4,31.2,77.5,0.7,-1,-1,-1
776,72,242.3,220.1,33.3,78.6,0.8,-1,-1,-1
777,73,225.2,214.4,31.2,78.0,0.7,-1,-1,-1
777,72,244.3,220.4,33.2,78.7,0.7,-1,-1,-1
778,73,228.3,213.6,31.1,77.9,0.7,-1,-1,-1
778,72,247.1,220.9,33.2,79.2,0.7,-1,-1,-1
779,73,231.8,213.8,31.2,77.9,0.7,-1,-1,-1
779,72,250.8,220.5,33.3,79.3,0.7,-1,-1,-1
780,73,234.3,213.1,31.5,78.8,0.7,-1,-1,-1
780,72,253.0,220.2,33.3,79.3,0.7,-1,-1,-1
781,73,236.6,212.4,31.8,80.0,0.7,-1,-1,-1
781,72,255.2,220.0,33.1,79.1,0.8,-1,-1,-1
782,73,238.8,211.8,32.0,80.1,0.7,-1,-1,-1
782,72,257.4,219.2,33.0,78.9,0.7,-1,-1,-1
783,73,241.0,211.0,32.4,81.0,0.7,-1,-1,-1
783,72,260.1,219.0,32.9,78.8,0.7,-1,-1,-1
784,73,244.5,209.8,33.0,81.3,0.7,-1,-1,-1
784,72,263.7,218.3,33.2,79.7,0.7,-1,-1,-1
785,73,247.3,209.4,33.2,81.5,0.7,-1,-1,-1
785,72,266.7,218.3,33.0,79.6,0.7,-1,-1,-1
786,73,250.2,209.6,33.4,82.6,0.7,-1,-1,-1
786,72,270.3,218.0,33.5,80.7,0.7,-1,-1,-1
787,73,253.8,209.3,33.8,83.2,0.7,-1,-1,-1
787,72,273.9,218.3,33.6,81.1,0.7,-1,-1,-1
788,73,257.8,209.9,33.9,83.8,0.7,-1,-1,-1
788,72,278.1,219.3,34.2,82.3,0.7,-1,-1,-1
789,73,260.6,209.4,34.1,83.7,0.7,-1,-1,-1
789,72,281.0,219.4,34.1,82.6,0.7,-1,-1,-1
790,73,263.0,210.4,34.5,84.8,0.7,-1,-1,-1
790,72,283.6,218.9,34.8,84.1,0.7,-1,-1,-1
791,73,266.1,210.4,34.6,84.9,0.8,-1,-1,-1
791,72,286.9,219.8,34.9,84.3,0.7,-1,-1,-1
792,73,268.8,210.6,34.4,84.2,0.8,-1,-1,-1
792,72,289.6,219.8,34.6,84.3,0.8,-1,-1,-1
793,73,271.9,210.4,34.2,83.5,0.7,-1,-1,-1
793,72,291.7,219.5,34.7,84.4,0.7,-1,-1,-1
794,73,274.0,210.5,34.5,84.3,0.7,-1,-1,-1
794,72,294.0,219.6,34.9,85.2,0.7,-1,-1,-1
795,73,276.2,210.2,34.9,84.7,0.8,-1,-1,-1
795,72,296.8,219.5,34.9,85.8,0.8,-1,-1,-1
796,73,277.9,210.2,35.3,85.6,0.8,-1,-1,-1
796,72,299.2,219.6,35.2,86.7,0.7,-1,-1,-1
797,73,280.9,210.3,35.4,86.1,0.8,-1,-1,-1
797,72,302.4,219.7,35.0,86.5,0.7,-1,-1,-1
798,73,283.1,210.6,35.4,85.9,0.8,-1,-1,-1
798,72,304.8,219.4,34.9,86.9,0.8,-1,-1,-1
799,73,284.6,211.0,35.1,84.7,0.8,-1,-1,-1
799,72,306.0,220.0,34.7,87.0,0.8,-1,-1,-1
800,73,287.2,211.1,34.9,84.3,0.8,-1,-1,-1
800,72,307.9,220.2,35.1,88.1,0.8,-1,-1,-1
801,78,196.3,205.0,20.8,52.9,0.6,-1,-1,-1
801,73,289.9,211.2,34.8,84.3,0.7,-1,-1,-1
801,72,310.3,219.7,35.8,89.6,0.8,-1,-1,-1
802,78,197.7,203.4,21.8,54.9,0.6,-1,-1,-1
802,73,292.6,211.4,35.1,84.3,0.8,-1,-1,-1
802,72,313.2,219.5,36.0,90.0,0.8,-1,-1,-1
803,78,198.8,202.8,22.2,55.6,0.6,-1,-1,-1
803,73,293.8,211.6,35.5,85.1,0.8,-1,-1,-1
803,72,314.8,219.3,36.4,90.3,0.8,-1,-1,-1
804,78,200.1,204.9,21.6,53.9,0.6,-1,-1,-1
804,73,295.7,212.7,36.1,87.3,0.7,-1,-1,-1
804,72,316.4,219.1,36.7,91.3,0.7,-1,-1,-1
805,78,201.6,206.7,20.9,52.3,0.7,-1,-1,-1
805,73,297.2,212.3,36.6,88.8,0.7,-1,-1,-1
805,72,318.1,219.3,36.7,91.7,0.7,-1,-1,-1
806,80,176.4,201.5,18.2,44.9,0.5,-1,-1,-1
806,78,201.5,202.4,22.6,55.7,0.7,-1,-1,-1
806,73,298.6,211.9,36.6,89.4,0.7,-1,-1,-1
806,72,318.9,218.9,36.9,92.5,0.7,-1,-1,-1
807,82,244.5,209.2,17.3,42.2,0.3,-1,-1,-1
807,81,245.1,181.1,33.8,76.2,0.3,-1,-1,-1
807,80,177.0,201.4,18.2,44.6,0.4,-1,-1,-1
807,79,191.0,208.8,18.2,47.1,0.3,-1,-1,-1
807,78,202.8,204.1,21.8,54.3,0.7,-1,-1,-1
807,73,299.5,212.0,37.1,90.7,0.7,-1,-1,-1
807,72,319.9,219.1,37.0,92.7,0.8,-1,-1,-1
808,81,245.7,200.1,28.5,59.5,0.5,-1,-1,-1
808,80,178.5,201.8,18.4,45.9,0.3,-1,-1,-1
808,78,203.7,205.2,21.2,53.3,0.7,-1,-1,-1
808,73,300.4,212.0,37.4,91.8,0.8,-1,-1,-1
808,72,321.1,218.9,36.9,92.8,0.8,-1,-1,-1
809,81,249.6,195.8,29.0,62.0,0.3,-1,-1,-1
809,80,179.4,203.3,18.3,45.6,0.3,-1,-1,-1
809,78,205.2,205.2,21.1,53.1,0.7,-1,-1,-1
809,73,301.8,213.1,37.7,93.6,0.8,-1,-1,-1
809,72,322.5,219.4,37.3,93.3,0.8,-1,-1,-1
810,81,252.4,188.7,31.1,68.5,0.4,-1,-1,-1
810,80,179.7,201.9,19.1,47.3,0.4,-1,-1,-1
810,79,191.4,207.7,19.3,47.9,0.5,-1,-1,-1
810,78,206.1,205.7,21.1,52.5,0.7,-1,-1,-1
810,73,303.2,213.0,37.8,94.2,0.8,-1,-1,-1
810,72,323.8,219.4,37.8,94.2,0.8,-1,-1,-1
811,81,254.1,181.4,34.1,76.6,0.6,-1,-1,-1
811,80,181.7,202.3,20.0,50.3,0.3,-1,-1,-1
811,78,207.2,206.6,20.8,51.5,0.7,-1,-1,-1
811,73,304.9,212.7,37.6,94.2,0.7,-1,-1,-1
811,72,325.3,219.7,37.8,94.5,0.8,-1,-1,-1
812,81,255.2,177.9,36.3,81.5,0.6,-1,-1,-1
812,80,182.1,201.6,20.4,51.4,0.4,-1,-1,-1
812,78,208.1,206.9,20.7,51.1,0.6,-1,-1,-1
812,73,306.0,212.2,37.2,92.4,0.7,-1,-1,-1
812,72,328.5,221.3,37.0,93.3,0.7,-1,-1,-1
813,81,255.5,177.4,37.0,82.6,0.6,-1,-1,-1
813,78,208.7,206.2,21.0,52.1,0.6,-1,-1,-1
813,73,306.9,212.2,37.4,92.5,0.7,-1,-1,-1
813,72,329.0,220.8,37.1,93.2,0.8,-1,-1,-1
814,78,208.9,205.3,21.2,53.0,0.5,-1,-1,-1
814,73,307.6,211.7,37.7,92.9,0.7,-1,-1,-1
814,72,329.3,220.5,37.4,93.2,0.7,-1,-1,-1
815,78,209.0,204.3,21.4,53.8,0.6,-1,-1,-1
815,73,308.0,211.7,38.1,93.5,0.8,-1,-1,-1
815,72,330.1,220.1,37.5,93.4,0.8,-1,-1,-1
816,78,209.4,203.7,21.5,54.2,0.6,-1,-1,-1
816,73,308.4,212.2,38.6,95.2,0.8,-1,-1,-1
816,72,331.0,220.1,37.7,93.5,0.7,-1,-1,-1
817,78,209.8,203.9,21.5,54.4,0.6,-1,-1,-1
817,73,309.2,212.3,38.7,95.9,0.8,-1,-1,-1
817,72,331.6,220.2,37.8,94.2,0.7,-1,-1,-1
818,84,268.3,204.3,41.5,112.2,0.5,-1,-1,-1
818,78,209.8,203.9,21.7,54.9,0.6,-1,-1,-1
818,73,309.7,212.4,38.7,96.1,0.8,-1,-1,-1
818,72,332.0,220.2,37.8,94.7,0.7,-1,-1,-1
819,84,268.3,205.5,41.8,113.4,0.6,-1,-1,-1
819,80,187.3,201.9,22.9,56.6,0.6,-1,-1,-1
819,78,209.5,205.8,21.8,54.9,0.7,-1,-1,-1
819,73,310.7,213.5,38.5,95.7,0.8,-1,-1,-1
819,72,332.8,221.8,37.8,95.1,0.7,-1,-1,-1
820,84,268.0,207.3,41.1,112.3,0.5,-1,-1,-1
820,80,187.2,202.2,23.3,57.1,0.5,-1,-1,-1
820,78,209.2,207.9,21.6,54.1,0.6,-1,-1,-1
820,73,311.1,214.7,38.2,94.7,0.8,-1,-1,-1
820,72,332.7,224.0,38.0,95.2,0.7,-1,-1,-1
821,84,268.4,208.6,40.5,111.2,0.5,-1,-1,-1
821,80,188.3,203.9,23.1,56.9,0.6,-1,-1,-1
821,78,209.1,209.8,21.3,53.4,0.6,-1,-1,-1
821,73,311.4,215.7,37.6,92.9,0.8,-1,-1,-1
821,72,332.0,224.0,38.1,95.0,0.8,-1,-1,-1
822,84,268.5,210.1,40.0,110.0,0.4,-1,-1,-1
822,80,189.6,205.7,22.7,56.2,0.6,-1,-1,-1
822,78,209.2,211.7,20.9,52.5,0.7,-1,-1,-1
822,73,311.6,216.6,37.0,91.0,0.8,-1,-1,-1
822,72,332.1,224.7,38.1,95.2,0.7,-1,-1,-1
823,84,267.6,211.3,39.8,109.1,0.5,-1,-1,-1
823,80,191.0,209.1,22.2,54.6,0.6,-1,-1,-1
823,78,208.8,213.6,20.6,51.6,0.6,-1,-1,-1
823,73,311.8,218.6,37.1,91.5,0.8,-1,-1,-1
823,72,333.0,226.2,38.1,96.1,0.7,-1,-1,-1
824,84,266.3,212.3,39.8,108.6,0.5,-1,-1,-1
824,80,190.8,208.0,22.3,55.3,0.6,-1,-1,-1
824,78,208.5,214.3,20.4,50.9,0.5,-1,-1,-1
824,73,312.0,220.1,37.7,93.4,0.8,-1,-1,-1
824,72,333.3,228.1,38.4,96.5,0.8,-1,-1,-1
825,84,265.6,212.8,39.8,107.9,0.5,-1,-1,-1
825,80,190.6,207.9,22.3,55.6,0.6,-1,-1,-1
825,78,208.7,214.8,20.3,50.3,0.5,-1,-1,-1
825,73,312.3,221.1,38.2,95.2,0.8,-1,-1,-1
825,72,333.8,229.5,38.2,97.1,0.7,-1,-1,-1
826,84,264.9,213.0,39.5,107.6,0.4,-1,-1,-1
826,80,190.6,208.0,22.4,55.9,0.5,-1,-1,-1
826,78,208.3,213.8,20.4,51.0,0.4,-1,-1,-1
826,73,312.9,221.3,38.6,96.3,0.7,-1,-1,-1
826,72,333.5,229.9,38.4,98.1,0.7,-1,-1,-1
827,84,264.6,213.5,39.3,107.2,0.3,-1,-1,-1
827,80,190.7,209.0,22.0,55.1,0.4,-1,-1,-1
827,78,207.6,216.1,21.1,50.1,0.3,-1,-1,-1
827,73,312.2,221.4,39.3,97.7,0.7,-1,-1,-1
827,72,333.6,229.9,38.4,98.5,0.8,-1,-1,-1
828,73,312.2,221.5,39.5,97.9,0.7,-1,-1,-1
828,72,333.6,230.6,38.4,98.7,0.8,-1,-1,-1
829,73,312.1,221.5,39.8,98.5,0.7,-1,-1,-1
829,72,333.9,231.1,38.4,98.9,0.8,-1,-1,-1
830,78,206.3,217.6,20.1,48.8,0.3,-1,-1,-1
830,73,312.1,221.9,40.2,99.2,0.7,-1,-1,-1
830,72,333.8,231.7,38.6,99.3,0.8,-1,-1,-1
831,73,312.3,222.4,40.5,99.5,0.7,-1,-1,-1
831,72,333.8,232.3,38.8,99.8,0.8,-1,-1,-1
832,73,312.8,222.8,40.5,99.5,0.7,-1,-1,-1
832,72,334.7,231.9,39.3,100.6,0.8,-1,-1,-1
833,73,313.1,223.3,40.6,99.8,0.7,-1,-1,-1
833,72,334.6,231.7,40.0,101.7,0.8,-1,-1,-1
834,73,313.2,223.4,40.6,99.8,0.7,-1,-1,-1
834,72,334.4,231.6,40.5,102.5,0.8,-1,-1,-1
835,73,313.3,223.6,40.6,100.0,0.7,-1,-1,-1
835,72,334.0,232.4,40.7,102.1,0.8,-1,-1,-1
836,73,313.2,223.6,40.8,100.5,0.7,-1,-1,-1
836,72,334.1,232.9,40.8,101.7,0.8,-1,-1,-1
837,73,313.2,223.6,41.0,101.2,0.7,-1,-1,-1
837,72,334.7,231.8,41.0,102.3,0.8,-1,-1,-1
838,73,313.2,223.2,41.4,102.8,0.7,-1,-1,-1
838,72,334.5,231.6,40.8,102.3,0.8,-1,-1,-1
839,73,313.3,220.8,41.3,103.0,0.7,-1,-1,-1
839,72,335.0,230.8,41.1,102.8,0.8,-1,-1,-1
840,73,312.9,220.4,41.9,104.1,0.8,-1,-1,-1
840,72,335.5,230.5,41.2,102.9,0.7,-1,-1,-1
841,73,313.1,219.7,42.2,104.8,0.8,-1,-1,-1
841,72,335.9,228.8,41.5,103.5,0.8,-1,-1,-1
842,73,313.2,218.4,42.4,105.6,0.7,-1,-1,-1
842,72,335.8,227.2,41.9,104.5,0.8,-1,-1,-1
843,73,313.2,216.0,42.2,104.9,0.7,-1,-1,-1
843,72,336.2,226.7,42.1,104.8,0.8,-1,-1,-1
844,73,313.3,215.3,41.9,104.3,0.7,-1,-1,-1
844,72,336.1,226.3,42.1,104.8,0.7,-1,-1,-1
845,73,313.0,215.0,41.7,103.5,0.7,-1,-1,-1
845,72,336.0,226.7,42.3,105.3,0.8,-1,-1,-1
846,73,312.9,216.7,41.8,103.8,0.8,-1,-1,-1
846,72,336.2,227.6,42.7,106.0,0.8,-1,-1,-1
847,73,313.3,218.9,41.7,104.4,0.7,-1,-1,-1
847,72,337.2,230.7,42.8,106.0,0.8,-1,-1,-1
848,88,274.5,220.0,28.8,71.3,0.6,-1,-1,-1
848,73,314.0,222.0,42.3,106.0,0.8,-1,-1,-1
848,72,338.4,233.2,43.1,106.3,0.8,-1,-1,-1
849,88,275.8,222.2,28.0,69.0,0.6,-1,-1,-1
849,73,314.9,224.4,42.7,106.9,0.8,-1,-1,-1
849,72,339.9,235.2,43.3,106.4,0.8,-1,-1,-1
850,88,276.3,223.5,27.9,68.4,0.5,-1,-1,-1
850,73,315.7,226.0,43.1,108.1,0.8,-1,-1,-1
850,72,341.2,237.0,43.4,106.4,0.8,-1,-1,-1
851,88,277.2,225.9,27.8,67.4,0.7,-1,-1,-1
851,73,316.5,227.5,43.5,109.1,0.8,-1,-1,-1
851,72,342.0,238.1,43.6,107.1,0.8,-1,-1,-1
852,88,277.7,227.4,27.8,67.6,0.6,-1,-1,-1
852,73,317.0,229.1,44.0,109.8,0.8,-1,-1,-1
852,72,342.9,238.2,44.1,108.5,0.8,-1,-1,-1
853,88,278.1,225.8,28.7,69.3,0.7,-1,-1,-1
853,73,318.1,228.6,44.4,110.9,0.8,-1,-1,-1
853,72,344.3,237.8,44.2,109.5,0.8,-1,-1,-1
854,88,278.5,224.0,29.5,70.6,0.7,-1,-1,-1
854,73,319.8,226.4,45.4,112.6,0.8,-1,-1,-1
854,72,343.8,234.4,45.1,111.3,0.8,-1,-1,-1
855,88,279.9,221.6,30.1,71.7,0.7,-1,-1,-1
855,73,320.7,224.9,45.6,113.6,0.7,-1,-1,-1
855,72,344.4,232.4,45.5,112.3,0.8,-1,-1,-1
856,88,280.5,220.3,30.7,72.7,0.7,-1,-1,-1
856,73,323.2,223.5,46.3,114.5,0.7,-1,-1,-1
856,72,345.8,230.6,45.9,113.4,0.8,-1,-1,-1
857,88,281.5,219.4,31.1,73.3,0.7,-1,-1,-1
857,73,323.7,222.2,46.1,114.3,0.7,-1,-1,-1
857,72,347.5,229.2,46.6,115.1,0.8,-1,-1,-1
858,88,283.6,219.8,31.2,73.8,0.7,-1,-1,-1
858,73,326.2,221.9,47.0,115.9,0.7,-1,-1,-1
858,72,350.4,228.2,47.1,116.5,0.8,-1,-1,-1
859,89,186.1,216.2,16.8,40.6,0.3,-1,-1,-1
859,88,285.4,218.8,31.4,74.3,0.7,-1,-1,-1
859,73,326.2,221.4,47.1,116.8,0.8,-1,-1,-1
859,72,352.4,228.3,47.4,117.2,0.8,-1,-1,-1
860,89,187.2,216.2,16.9,40.6,0.6,-1,-1,-1
860,88,287.0,218.6,32.2,76.0,0.7,-1,-1,-1
860,73,327.4,221.1,47.3,117.7,0.8,-1,-1,-1
860,72,354.7,228.1,48.0,118.0,0.8,-1,-1,-1
861,89,188.7,216.3,17.2,41.4,0.5,-1,-1,-1
861,88,287.8,218.5,32.9,77.9,0.5,-1,-1,-1
861,73,331.0,221.5,48.4,119.6,0.8,-1,-1,-1
861,72,358.0,229.4,48.1,118.9,0.8,-1,-1,-1
862,89,190.8,216.6,17.3,41.9,0.5,-1,-1,-1
862,88,289.3,218.6,33.7,80.1,0.6,-1,-1,-1
862,73,332.9,221.8,48.9,120.5,0.8,-1,-1,-1
862,72,359.8,229.6,48.4,119.5,0.8,-1,-1,-1
863,89,193.2,216.9,17.2,41.9,0.5,-1,-1,-1
863,88,292.4,218.9,33.7,80.6,0.7,-1,-1,-1
863,73,334.9,222.4,48.9,120.9,0.8,-1,-1,-1
863,72,362.0,230.1,49.0,120.5,0.8,-1,-1,-1
864,89,195.2,217.3,17.4,42.2,0.6,-1,-1,-1
864,88,295.0,218.5,33.5,80.4,0.7,-1,-1,-1
864,73,337.1,222.7,48.7,120.6,0.8,-1,-1,-1
864,72,364.3,230.6,49.2,120.8,0.8,-1,-1,-1
865,89,197.8,217.3,17.6,42.6,0.6,-1,-1,-1
865,88,299.1,218.9,33.3,80.0,0.7,-1,-1,-1
865,73,339.8,222.4,48.1,119.9,0.8,-1,-1,-1
865,72,368.2,230.6,49.2,121.5,0.8,-1,-1,-1
866,89,200.1,217.2,17.7,42.9,0.6,-1,-1,-1
866,88,302.3,218.4,34.1,82.0,0.7,-1,-1,-1
866,73,344.2,222.7,49.0,121.0,0.8,-1,-1,-1
866,72,372.9,231.2,49.5,122.2,0.8,-1,-1,-1
867,89,202.2,216.9,17.7,43.2,0.5,-1,-1,-1
867,88,304.0,218.3,34.6,83.2,0.6,-1,-1,-1
867,73,346.5,223.6,49.3,121.7,0.8,-1,-1,-1
867,72,375.1,231.2,50.3,123.4,0.8,-1,-1,-1
868,89,204.3,216.7,17.7,43.2,0.5,-1,-1,-1
868,88,305.5,218.5,34.9,84.3,0.7,-1,-1,-1
868,73,349.5,224.6,49.7,122.5,0.8,-1,-1,-1
868,72,377.6,231.7,51.2,124.8,0.8,-1,-1,-1
869,89,205.4,217.2,17.9,43.7,0.6,-1,-1,-1
869,88,307.2,219.4,35.3,85.7,0.7,-1,-1,-1
869,73,352.9,225.2,50.3,124.0,0.8,-1,-1,-1
869,72,381.1,232.4,51.3,125.9,0.8,-1,-1,-1
870,89,207.1,217.8,18.0,44.2,0.6,-1,-1,-1
870,88,308.6,219.7,35.4,85.6,0.6,-1,-1,-1
870,73,354.9,226.6,51.2,126.5,0.8,-1,-1,-1
870,72,384.1,233.3,51.9,127.1,0.9,-1,-1,-1
871,89,209.3,219.0,18.3,44.7,0.5,-1,-1,-1
871,88,303.5,221.0,37.5,89.3,0.6,-1,-1,-1
871,73,357.2,227.7,52.1,129.1,0.8,-1,-1,-1
871,72,388.1,233.6,53.0,130.1,0.8,-1,-1,-1
872,89,211.6,220.3,18.4,44.9,0.5,-1,-1,-1
872,88,302.1,221.7,38.6,91.1,0.7,-1,-1,-1
872,73,359.4,228.2,52.8,130.8,0.8,-1,-1,-1
872,72,390.8,233.9,53.9,132.5,0.8,-1,-1,-1
873,89,214.2,222.5,18.2,44.7,0.3,-1,-1,-1
873,88,304.1,222.8,39.0,91.7,0.7,-1,-1,-1
873,73,361.6,229.4,53.6,132.6,0.8,-1,-1,-1
873,72,392.5,235.0,54.9,134.6,0.8,-1,-1,-1
874,91,324.1,224.0,30.8,77.1,0.6,-1,-1,-1
874,89,215.7,223.4,18.2,44.6,0.4,-1,-1,-1
874,88,305.3,225.1,39.5,92.2,0.7,-1,-1,-1
874,73,364.6,230.3,54.1,133.7,0.8,-1,-1,-1
874,72,394.4,236.4,55.3,134.9,0.8,-1,-1,-1
875,91,326.5,225.2,30.4,72.9,0.4,-1,-1,-1
875,89,217.7,225.2,18.2,44.4,0.3,-1,-1,-1
875,88,308.1,226.6,39.6,92.4,0.7,-1,-1,-1
875,73,369.6,231.5,54.2,134.3,0.8,-1,-1,-1
875,72,398.4,237.1,55.6,136.2,0.8,-1,-1,-1
876,91,328.1,225.9,31.0,73.0,0.6,-1,-1,-1
876,89,219.7,226.4,18.1,44.2,0.6,-1,-1,-1
876,88,310.5,226.8,39.7,92.8,0.8,-1,-1,-1
876,73,371.5,232.0,54.6,135.5,0.8,-1,-1,-1
876,72,401.7,237.5,56.1,137.5,0.8,-1,-1,-1
877,91,331.5,225.6,30.3,71.7,0.6,-1,-1,-1
877,89,221.2,226.1,18.1,44.2,0.6,-1,-1,-1
877,88,313.2,225.4,39.9,93.6,0.8,-1,-1,-1
877,73,372.6,231.3,55.0,136.8,0.8,-1,-1,-1
877,72,404.8,236.1,56.5,138.8,0.8,-1,-1,-1
878,89,222.5,224.9,18.1,44.3,0.5,-1,-1,-1
878,88,316.1,224.2,39.8,93.6,0.8,-1,-1,-1
878,73,374.4,230.4,55.3,137.7,0.8,-1,-1,-1
878,72,407.1,234.7,57.1,140.1,0.8,-1,-1,-1
879,89,224.0,223.7,18.1,44.3,0.5,-1,-1,-1
879,88,319.3,222.6,39.7,93.7,0.8,-1,-1,-1
879,73,377.1,229.0,55.1,138.0,0.8,-1,-1,-1
879,72,409.7,233.7,57.8,141.7,0.8,-1,-1,-1
880,89,225.3,222.2,18.1,44.2,0.6,-1,-1,-1
880,88,321.4,220.7,39.9,94.3,0.7,-1,-1,-1
880,73,379.3,227.6,55.3,138.6,0.8,-1,-1,-1
880,72,410.3,233.8,58.4,142.1,0.8,-1,-1,-1
881,89,226.9,220.6,18.2,44.5,0.5,-1,-1,-1
881,88,323.6,219.2,40.4,95.1,0.8,-1,-1,-1
881,73,382.1,226.7,55.9,140.6,0.8,-1,-1,-1
881,72,413.9,233.4,58.4,143.0,0.8,-1,-1,-1
882,93,308.7,220.5,27.7,65.3,0.4,-1,-1,-1
882,89,228.2,219.5,18.5,44.8,0.6,-1,-1,-1
882,88,327.0,218.1,40.2,94.9,0.8,-1,-1,-1
882,73,383.5,225.6,56.4,143.0,0.8,-1,-1,-1
882,72,417.0,233.6,58.6,144.2,0.9,-1,-1,-1
883,93,311.0,219.4,29.2,68.3,0.5,-1,-1,-1
883,89,229.3,219.0,18.7,45.3,0.6,-1,-1,-1
883,88,331.6,217.5,40.2,95.0,0.8,-1,-1,-1
883,73,385.7,225.6,57.4,145.6,0.9,-1,-1,-1
883,72,420.6,232.5,59.4,146.2,0.8,-1,-1,-1
884,93,311.9,219.6,28.6,66.4,0.6,-1,-1,-1
884,89,229.9,219.0,18.8,45.4,0.5,-1,-1,-1
884,88,334.1,217.6,40.6,95.8,0.8,-1,-1,-1
884,73,387.1,225.7,58.6,148.1,0.9,-1,-1,-1
884,72,423.1,232.1,60.0,148.7,0.8,-1,-1,-1
885,93,312.6,220.0,27.6,64.5,0.7,-1,-1,-1
885,89,230.7,218.6,18.9,45.7,0.5,-1,-1,-1
885,88,336.6,217.4,40.6,95.8,0.8,-1,-1,-1
885,73,387.6,225.9,59.7,150.3,0.8,-1,-1,-1
885,72,425.0,231.5,60.5,150.0,0.8,-1,-1,-1
886,93,313.6,220.4,27.0,63.8,0.7,-1,-1,-1
886,89,231.0,218.2,18.9,45.7,0.6,-1,-1,-1
886,88,338.2,217.7,40.7,95.8,0.8,-1,-1,-1
886,73,388.8,226.0,60.7,152.5,0.8,-1,-1,-1
886,72,426.6,231.8,60.6,150.8,0.8,-1,-1,-1
887,93,314.1,220.0,26.6,63.6,0.5,-1,-1,-1
887,89,231.4,217.7,18.7,45.3,0.5,-1,-1,-1
887,88,339.2,217.7,40.7,96.0,0.8,-1,-1,-1
887,73,390.2,225.9,61.3,154.3,0.8,-1,-1,-1
887,72,429.0,232.9,60.3,151.3,0.9,-1,-1,-1
888,93,315.0,219.3,26.5,63.4,0.6,-1,-1,-1
888,89,231.7,217.8,18.6,45.3,0.6,-1,-1,-1
888,88,340.6,217.2,40.8,96.2,0.8,-1,-1,-1
888,73,391.7,224.8,61.3,155.3,0.8,-1,-1,-1
888,72,431.6,233.5,60.0,151.7,0.9,-1,-1,-1
889,93,316.0,218.5,27.1,63.9,0.7,-1,-1,-1
889,89,231.9,217.5,18.6,45.1,0.5,-1,-1,-1
889,88,341.9,217.2,41.1,96.4,0.8,-1,-1,-1
889,73,392.7,225.1,62.8,157.9,0.9,-1,-1,-1
889,72,433.9,234.0,60.0,152.3,0.9,-1,-1,-1
890,93,317.6,217.5,26.9,64.5,0.6,-1,-1,-1
890,89,231.8,217.1,18.6,45.2,0.5,-1,-1,-1
890,88,343.2,217.3,41.2,96.5,0.8,-1,-1,-1
890,73,393.4,224.9,63.9,160.1,0.9,-1,-1,-1
890,72,435.8,233.0,60.5,153.1,0.9,-1,-1,-1
891,93,318.2,216.9,27.2,65.8,0.6,-1,-1,-1
891,89,231.4,216.8,18.6,45.1,0.5,-1,-1,-1
891,88,345.3,217.2,40.8,96.2,0.8,-1,-1,-1
891,73,393.9,224.8,65.1,162.8,0.9,-1,-1,-1
891,72,439.4,233.3,61.5,154.9,0.9,-1,-1,-1
892,93,319.0,216.5,26.8,65.6,0.7,-1,-1,-1
892,89,230.9,216.6,18.7,45.2,0.5,-1,-1,-1
892,88,345.7,217.0,40.9,96.5,0.8,-1,-1,-1
892,73,394.0,224.5,66.0,165.2,0.9,-1,-1,-1
892,72,441.1,233.3,62.5,157.5,0.9,-1,-1,-1
893,93,319.2,216.5,26.9,65.7,0.6,-1,-1,-1
893,89,230.2,216.2,18.5,44.7,0.3,-1,-1,-1
893,88,346.6,217.5,40.5,96.1,0.8,-1,-1,-1
893,73,393.9,224.5,66.7,167.1,0.9,-1,-1,-1
893,72,442.1,233.3,63.4,160.0,0.9,-1,-1,-1
894,93,318.9,216.8,26.7,65.8,0.6,-1,-1,-1
894,89,229.1,215.9,18.5,44.7,0.4,-1,-1,-1
894,88,347.6,217.7,40.1,95.6,0.8,-1,-1,-1
894,73,393.9,224.5,67.4,169.2,0.9,-1,-1,-1
894,72,443.4,232.6,64.3,162.7,0.9,-1,-1,-1
895,94,338.3,220.8,31.7,84.0,0.5,-1,-1,-1
895,93,318.9,217.3,26.9,66.1,0.6,-1,-1,-1
895,89,227.8,215.8,18.4,44.3,0.6,-1,-1,-1
895,88,348.2,217.5,39.8,95.3,0.8,-1,-1,-1
895,73,393.9,224.4,68.2,171.4,0.9,-1,-1,-1
895,72,444.5,231.7,65.3,165.6,0.9,-1,-1,-1
896,94,338.6,221.0,31.3,83.9,0.5,-1,-1,-1
896,93,318.4,217.2,27.8,66.6,0.7,-1,-1,-1
896,89,226.4,215.8,18.5,44.2,0.6,-1,-1,-1
896,88,347.9,217.4,39.8,95.3,0.8,-1,-1,-1
896,73,393.7,224.0,68.7,173.2,0.9,-1,-1,-1
896,72,445.0,232.0,66.5,168.1,0.9,-1,-1,-1
897,94,338.6,220.8,31.0,83.2,0.4,-1,-1,-1
897,93,317.3,216.9,28.5,67.5,0.7,-1,-1,-1
897,89,225.3,215.8,18.4,44.2,0.5,-1,-1,-1
897,88,348.2,217.2,39.9,95.3,0.8,-1,-1,-1
897,73,393.9,224.1,69.5,175.4,0.9,-1,-1,-1
897,72,445.9,232.1,67.8,170.5,0.9,-1,-1,-1
898,94,338.3,221.0,31.1,83.6,0.4,-1,-1,-1
898,93,316.7,216.2,29.2,68.9,0.7,-1,-1,-1
898,89,224.5,215.8,18.4,44.1,0.5,-1,-1,-1
898,88,348.7,217.1,40.2,95.6,0.8,-1,-1,-1
898,73,394.3,224.5,70.5,177.5,0.9,-1,-1,-1
898,72,447.9,232.4,68.7,171.9,0.9,-1,-1,-1
899,94,338.3,221.3,31.7,84.8,0.4,-1,-1,-1
899,93,316.4,216.2,29.7,69.8,0.7,-1,-1,-1
899,89,223.7,216.2,18.3,44.1,0.6,-1,-1,-1
899,88,349.5,217.3,40.3,95.6,0.8,-1,-1,-1
899,73,395.2,224.7,71.4,180.0,0.9,-1,-1,-1
899,72,450.6,233.4,69.5,173.6,0.9,-1,-1,-1
900,95,244.1,215.5,20.3,48.0,0.6,-1,-1,-1
900,94,337.8,222.2,32.1,84.8,0.6,-1,-1,-1
900,93,316.6,217.3,30.0,69.9,0.7,-1,-1,-1
900,89,223.2,217.3,18.3,44.0,0.5,-1,-1,-1
900,88,350.0,218.1,40.6,96.5,0.8,-1,-1,-1
900,73,396.9,225.8,72.3,182.4,0.9,-1,-1,-1
900,72,453.1,234.5,70.8,176.1,0.9,-1,-1,-1
901,95,244.1,216.8,20.4,48.0,0.4,-1,-1,-1
901,94,337.6,222.7,32.4,85.3,0.6,-1,-1,-1
901,93,316.7,218.6,30.2,69.8,0.7,-1,-1,-1
901,89,222.7,218.2,18.3,44.2,0.4,-1,-1,-1
901,88,351.0,218.6,40.7,97.2,0.8,-1,-1,-1
901,73,398.0,227.3,73.2,184.9,0.9,-1,-1,-1
901,72,455.0,235.1,71.5,177.6,0.9,-1,-1,-1
902,96,267.0,214.1,21.2,56.1,0.6,-1,-1,-1
902,94,337.9,222.5,32.6,86.0,0.5,-1,-1,-1
902,93,316.9,219.1,30.6,70.5,0.7,-1,-1,-1
902,89,222.4,219.5,19.1,45.6,0.4,-1,-1,-1
902,88,352.2,219.1,41.0,97.8,0.8,-1,-1,-1
902,73,399.5,227.9,74.3,187.7,0.9,-1,-1,-1
902,72,457.6,236.9,72.4,181.5,0.8,-1,-1,-1
903,96,266.6,215.7,21.3,55.3,0.6,-1,-1,-1
903,94,338.5,222.3,32.8,86.1,0.6,-1,-1,-1
903,93,317.2,219.4,31.2,71.8,0.7,-1,-1,-1
903,89,222.0,220.3,19.6,46.6,0.4,-1,-1,-1
903,88,354.0,219.8,41.0,98.3,0.8,-1,-1,-1
903,73,401.7,227.4,75.4,191.0,0.9,-1,-1,-1
903,72,461.1,236.3,74.0,186.3,0.8,-1,-1,-1
904,96,266.7,216.4,21.5,55.7,0.5,-1,-1,-1
904,94,338.9,222.1,33.6,87.4,0.7,-1,-1,-1
904,93,317.6,219.5,31.6,72.7,0.7,-1,-1,-1
904,89,221.9,220.8,20.2,47.7,0.3,-1,-1,-1
904,88,356.4,220.3,40.8,98.6,0.8,-1,-1,-1
904,73,404.9,226.6,76.3,194.5,0.9,-1,-1,-1
904,72,464.9,235.6,74.8,188.5,0.8,-1,-1,-1
905,96,267.3,216.1,22.1,56.4,0.7,-1,-1,-1
905,94,339.6,221.7,35.1,90.3,0.7,-1,-1,-1
905,93,319.3,219.6,31.8,73.2,0.7,-1,-1,-1
905,89,221.9,220.2,20.0,47.7,0.4,-1,-1,-1
905,88,358.1,221.2,40.5,99.0,0.8,-1,-1,-1
905,73,407.7,225.4,77.2,198.8,0.9,-1,-1,-1
905,72,468.3,235.4,75.9,191.9,0.9,-1,-1,-1
906,96,268.2,214.8,23.1,58.3,0.6,-1,-1,-1
906,94,340.4,221.6,35.6,91.3,0.7,-1,-1,-1
906,93,320.3,219.4,31.1,73.2,0.7,-1,-1,-1
906,89,222.7,219.3,20.4,48.2,0.5,-1,-1,-1
906,88,360.2,221.2,40.8,99.7,0.8,-1,-1,-1
906,73,410.5,224.7,78.1,203.0,0.9,-1,-1,-1
906,72,470.7,234.6,76.8,194.7,0.8,-1,-1,-1
907,96,269.0,213.0,23.6,60.1,0.3,-1,-1,-1
907,94,341.5,221.9,36.4,92.8,0.7,-1,-1,-1
907,93,321.4,215.2,32.3,76.4,0.7,-1,-1,-1
907,89,223.6,219.1,20.8,49.1,0.4,-1,-1,-1
907,88,362.9,220.5,40.5,99.9,0.8,-1,-1,-1
907,73,413.6,224.0,79.0,206.6,0.9,-1,-1,-1
907,72,474.2,235.1,78.0,199.0,0.8,-1,-1,-1
908,96,270.7,213.6,24.0,60.7,0.4,-1,-1,-1
908,94,343.3,221.2,36.6,93.2,0.7,-1,-1,-1
908,93,323.0,217.8,32.3,75.8,0.7,-1,-1,-1
908,89,224.1,219.9,22.1,52.3,0.5,-1,-1,-1
908,88,364.6,220.8,40.8,101.0,0.8,-1,-1,-1
908,73,417.9,223.8,79.8,210.1,0.9,-1,-1,-1
908,72,478.7,235.2,78.8,202.3,0.9,-1,-1,-1
909,96,272.6,213.1,24.1,62.5,0.3,-1,-1,-1
909,94,346.1,220.9,37.2,94.1,0.7,-1,-1,-1
909,93,324.3,216.6,33.1,77.1,0.7,-1,-1,-1
909,89,225.0,218.7,21.8,51.8,0.4,-1,-1,-1
909,88,368.1,220.2,41.2,101.7,0.8,-1,-1,-1
909,73,421.7,224.1,80.4,213.9,0.9,-1,-1,-1
909,72,482.7,235.8,79.8,205.7,0.9,-1,-1,-1
910,94,349.8,221.3,36.8,95.4,0.6,-1,-1,-1
910,93,326.6,218.3,33.1,77.0,0.7,-1,-1,-1
910,89,226.6,218.3,21.7,51.5,0.5,-1,-1,-1
910,88,372.1,219.7,41.5,102.8,0.8,-1,-1,-1
910,73,426.6,223.1,81.9,218.6,0.8,-1,-1,-1
910,72,487.8,236.5,81.3,209.2,0.8,-1,-1,-1
911,94,353.1,221.8,37.2,96.4,0.7,-1,-1,-1
911,93,329.2,219.6,33.0,77.0,0.7,-1,-1,-1
911,89,228.6,219.5,22.2,52.5,0.4,-1,-1,-1
911,88,374.9,220.4,41.3,102.7,0.8,-1,-1,-1
911,73,431.5,224.1,82.9,223.1,0.9,-1,-1,-1
911,72,494.0,236.7,82.4,212.8,0.8,-1,-1,-1
912,94,356.0,222.0,37.8,97.3,0.8,-1,-1,-1
912,93,331.5,220.7,31.9,75.6,0.7,-1,-1,-1
912,89,230.2,219.7,21.9,51.2,0.3,-1,-1,-1
912,88,377.6,220.5,41.5,103.4,0.8,-1,-1,-1
912,73,437.1,225.1,84.1,226.9,0.9,-1,-1,-1
912,72,499.9,237.3,84.3,217.0,0.8,-1,-1,-1
913,94,359.5,222.6,38.3,98.5,0.8,-1,-1,-1
913,93,334.7,221.8,31.1,75.0,0.7,-1,-1,-1
913,89,232.0,220.5,21.6,50.1,0.5,-1,-1,-1
913,88,381.5,221.2,41.2,103.5,0.8,-1,-1,-1
913,73,444.4,226.4,84.7,231.1,0.8,-1,-1,-1
913,72,506.6,237.7,85.2,220.6,0.8,-1,-1,-1
914,94,364.3,223.7,38.7,100.0,0.7,-1,-1,-1
914,93,338.8,222.4,31.0,75.7,0.7,-1,-1,-1
914,89,234.6,221.1,21.5,49.4,0.3,-1,-1,-1
914,88,385.5,222.5,41.0,103.6,0.8,-1,-1,-1
914,73,450.8,226.3,85.4,234.5,0.8,-1,-1,-1
914,72,513.1,239.3,86.7,225.2,0.8,-1,-1,-1
915,96,289.0,218.3,24.3,62.6,0.4,-1,-1,-1
915,94,369.7,224.4,39.3,101.3,0.7,-1,-1,-1
915,93,343.7,220.5,32.7,79.5,0.7,-1,-1,-1
915,89,238.1,222.7,21.5,49.3,0.4,-1,-1,-1
915,88,390.9,223.6,41.2,104.3,0.8,-1,-1,-1
915,73,459.7,226.9,87.2,237.9,0.8,-1,-1,-1
915,72,522.1,240.4,89.3,230.1,0.8,-1,-1,-1
916,96,292.7,219.1,24.4,62.5,0.3,-1,-1,-1
916,94,373.9,225.1,39.6,101.2,0.8,-1,-1,-1
916,93,348.4,219.0,33.8,82.3,0.7,-1,-1,-1
916,89,241.7,222.5,20.8,47.7,0.4,-1,-1,-1
916,88,395.0,223.9,41.3,104.8,0.8,-1,-1,-1
916,73,468.0,228.0,88.1,241.0,0.8,-1,-1,-1
916,72,529.8,241.6,90.8,234.5,0.8,-1,-1,-1
917,96,296.4,219.3,24.5,62.3,0.4,-1,-1,-1
917,94,377.1,225.2,40.0,102.0,0.7,-1,-1,-1
917,93,352.1,216.4,34.8,85.0,0.7,-1,-1,-1
917,89,244.8,222.5,20.0,46.2,0.3,-1,-1,-1
917,88,399.2,224.2,41.4,104.7,0.8,-1,-1,-1
917,73,474.6,228.4,89.6,246.5,0.8,-1,-1,-1
917,72,537.3,241.7,91.4,237.7,0.8,-1,-1,-1
918,94,382.6,225.9,40.2,101.8,0.7,-1,-1,-1
918,93,356.6,220.1,34.7,84.0,0.7,-1,-1,-1
918,89,248.3,223.0,19.3,44.8,0.4,-1,-1,-1
918,88,404.8,225.1,41.6,105.0,0.8,-1,-1,-1
918,73,484.6,229.4,91.7,250.2,0.8,-1,-1,-1
918,72,545.0,241.8,92.3,240.6,0.8,-1,-1,-1
919,99,378.8,221.1,30.4,81.9,0.3,-1,-1,-1
919,94,388.9,225.7,40.1,101.4,0.7,-1,-1,-1
919,93,361.1,222.1,34.8,83.8,0.8,-1,-1,-1
919,88,410.6,224.8,42.4,106.0,0.8,-1,-1,-1
919,73,491.8,229.5,94.5,254.1,0.8,-1,-1,-1
919,72,552.1,244.8,90.5,245.3,0.7,-1,-1,-1
920,99,385.6,222.6,32.0,82.9,0.5,-1,-1,-1
920,96,310.8,222.5,33.5,80.3,0.3,-1,-1,-1
920,94,394.0,224.8,38.5,99.3,0.4,-1,-1,-1
920,93,365.9,221.8,35.2,84.5,0.7,-1,-1,-1
920,88,415.5,225.9,42.8,107.2,0.8,-1,-1,-1
920,73,499.4,229.8,96.3,257.0,0.8,-1,-1,-1
920,72,560.3,244.1,85.8,246.1,0.8,-1,-1,-1
921,99,390.3,222.2,32.0,82.4,0.4,-1,-1,-1
921,96,313.1,218.0,31.2,75.5,0.6,-1,-1,-1
921,94,400.0,226.1,39.0,99.7,0.6,-1,-1,-1
921,93,370.7,223.2,35.4,84.1,0.8,-1,-1,-1
921,88,422.6,224.3,43.5,108.3,0.8,-1,-1,-1
921,73,507.6,229.3,97.6,259.4,0.8,-1,-1,-1
921,72,567.8,245.1,80.0,247.5,0.8,-1,-1,-1
922,100,330.3,225.3,23.8,58.5,0.4,-1,-1,-1
922,99,393.3,221.8,32.2,82.9,0.3,-1,-1,-1
922,96,318.1,218.2,33.6,80.1,0.5,-1,-1,-1
922,94,404.3,226.8,39.4,100.6,0.6,-1,-1,-1
922,93,375.3,223.1,35.3,84.0,0.8,-1,-1,-1
922,88,428.1,223.7,44.2,109.6,0.8,-1,-1,-1
922,73,515.9,230.1,99.6,261.7,0.8,-1,-1,-1
922,72,574.6,246.1,73.7,247.6,0.8,-1,-1,-1
923,100,334.8,226.8,22.7,55.9,0.5,-1,-1,-1
923,99,400.3,222.3,32.6,84.3,0.4,-1,-1,-1
923,96,322.3,216.4,36.1,84.2,0.4,-1,-1,-1
923,94,410.8,226.8,39.6,101.0,0.5,-1,-1,-1
923,93,380.4,223.7,35.3,83.5,0.8,-1,-1,-1
923,88,432.6,224.6,44.1,109.7,0.8,-1,-1,-1
923,73,524.3,229.6,101.4,264.8,0.8,-1,-1,-1
923,72,583.9,247.3,65.6,249.1,0.6,-1,-1,-1
924,100,337.4,226.2,22.6,54.4,0.4,-1,-1,-1
924,99,405.7,221.3,32.2,82.1,0.4,-1,-1,-1
924,96,327.5,215.7,37.0,85.0,0.6,-1,-1,-1
924,94,417.2,226.4,40.2,101.8,0.7,-1,-1,-1
924,93,386.4,223.3,35.4,83.1,0.8,-1,-1,-1
924,88,441.2,223.2,44.5,110.5,0.7,-1,-1,-1
924,73,535.4,229.9,102.4,270.6,0.7,-1,-1,-1
925,99,410.3,220.2,32.5,83.6,0.3,-1,-1,-1
925,96,332.1,214.7,37.2,85.2,0.7,-1,-1,-1
925,94,423.2,224.9,41.2,103.4,0.7,-1,-1,-1
925,93,391.4,223.3,35.6,83.7,0.8,-1,-1,-1
925,88,448.2,223.2,44.8,110.6,0.8,-1,-1,-1
925,73,543.2,232.3,100.4,271.8,0.8,-1,-1,-1
926,99,414.0,219.7,33.3,84.3,0.4,-1,-1,-1
926,96,334.9,214.8,37.3,85.4,0.6,-1,-1,-1
926,94,428.7,225.6,41.2,103.4,0.7,-1,-1,-1
926,93,394.8,223.3,35.8,84.2,0.8,-1,-1,-1
926,88,454.5,223.9,44.8,111.2,0.8,-1,-1,-1
926,73,550.7,231.8,96.2,274.0,0.7,-1,-1,-1
927,99,417.8,218.5,33.3,85.0,0.3,-1,-1,-1
927,96,337.4,214.6,37.5,85.5,0.3,-1,-1,-1
927,94,432.5,225.7,41.4,104.0,0.7,-1,-1,-1
927,93,398.5,222.9,36.2,85.5,0.8,-1,-1,-1
927,88,460.1,222.8,45.6,113.0,0.8,-1,-1,-1
927,73,556.9,233.3,91.1,273.6,0.8,-1,-1,-1
928,99,422.5,219.0,33.2,83.1,0.6,-1,-1,-1
928,96,341.2,215.2,35.5,80.6,0.3,-1,-1,-1
928,94,437.8,226.1,41.1,103.4,0.8,-1,-1,-1
928,93,402.4,222.8,36.5,85.9,0.8,-1,-1,-1
928,88,466.3,222.4,45.9,112.9,0.8,-1,-1,-1
928,73,563.7,234.6,85.2,271.5,0.8,-1,-1,-1
929,99,427.1,219.3,33.5,83.5,0.6,-1,-1,-1
929,96,342.9,215.7,35.9,81.1,0.4,-1,-1,-1
929,94,442.7,226.0,41.7,104.6,0.8,-1,-1,-1
929,93,406.8,221.7,36.8,86.9,0.8,-1,-1,-1
929,88,471.6,222.1,46.0,113.4,0.8,-1,-1,-1
929,73,573.9,238.5,76.2,270.3,0.5,-1,-1,-1
930,99,432.8,219.2,33.4,83.5,0.5,-1,-1,-1
930,94,448.1,227.2,41.7,104.3,0.8,-1,-1,-1
930,93,411.1,221.7,37.3,87.9,0.8,-1,-1,-1
930,88,477.8,222.2,46.4,114.3,0.8,-1,-1,-1
931,99,435.4,220.8,34.2,84.7,0.6,-1,-1,-1
931,94,452.3,229.1,41.9,104.3,0.8,-1,-1,-1
931,93,414.6,222.6,37.4,88.2,0.8,-1,-1,-1
931,88,483.0,222.8,46.8,115.0,0.8,-1,-1,-1
932,99,439.0,221.6,34.5,85.9,0.7,-1,-1,-1
932,94,456.0,229.4,42.0,104.7,0.8,-1,-1,-1
932,93,418.5,223.2,37.7,88.7,0.8,-1,-1,-1
932,88,486.8,224.3,46.7,115.4,0.8,-1,-1,-1
933,99,442.5,222.2,35.2,87.1,0.7,-1,-1,-1
933,94,460.8,228.7,42.5,106.1,0.7,-1,-1,-1
933,93,422.1,223.0,37.8,89.3,0.8,-1,-1,-1
933,88,491.1,223.3,47.5,116.9,0.8,-1,-1,-1
934,99,446.8,223.0,35.5,87.8,0.7,-1,-1,-1
934,96,353.6,215.6,38.5,84.3,0.3,-1,-1,-1
934,94,463.9,228.0,43.6,108.2,0.8,-1,-1,-1
934,93,425.9,222.5,38.3,90.2,0.8,-1,-1,-1
934,88,496.6,223.6,47.9,117.7,0.8,-1,-1,-1
935,99,450.6,222.5,35.9,88.3,0.7,-1,-1,-1
935,94,467.8,229.0,44.0,109.1,0.8,-1,-1,-1
935,93,429.1,222.0,38.6,90.9,0.8,-1,-1,-1
935,88,501.4,222.7,48.1,118.3,0.8,-1,-1,-1
936,99,455.8,222.1,35.7,88.4,0.7,-1,-1,-1
936,94,472.6,228.1,43.6,109.6,0.8,-1,-1,-1
936,93,433.6,220.4,39.2,92.9,0.8,-1,-1,-1
936,88,506.8,222.2,48.5,119.1,0.8,-1,-1,-1
937,99,459.3,221.9,36.2,89.1,0.7,-1,-1,-1
937,94,477.7,227.6,43.9,110.3,0.8,-1,-1,-1
937,93,438.3,219.4,39.8,94.4,0.8,-1,-1,-1
937,88,511.8,223.2,48.4,119.0,0.8,-1,-1,-1
938,99,464.0,221.2,36.4,89.3,0.6,-1,-1,-1
938,94,481.9,227.0,43.9,110.2,0.8,-1,-1,-1
938,93,442.0,218.6,40.3,95.8,0.8,-1,-1,-1
938,88,517.9,222.5,49.1,120.6,0.8,-1,-1,-1
939,99,467.3,220.1,36.8,90.2,0.7,-1,-1,-1
939,94,486.1,227.1,44.0,110.8,0.8,-1,-1,-1
939,93,444.9,219.2,40.0,96.1,0.8,-1,-1,-1
939,88,522.6,222.0,50.0,122.4,0.8,-1,-1,-1
940,99,469.4,219.2,37.5,91.8,0.7,-1,-1,-1
940,94,489.6,227.1,44.0,111.3,0.8,-1,-1,-1
940,93,446.7,219.0,40.2,97.2,0.8,-1,-1,-1
940,88,526.3,223.8,50.0,123.1,0.8,-1,-1,-1
941,99,472.3,218.1,38.8,93.8,0.7,-1,-1,-1
941,94,492.7,226.8,44.5,113.0,0.8,-1,-1,-1
941,93,450.1,219.2,40.8,98.4,0.8,-1,-1,-1
941,88,531.1,223.4,50.9,124.8,0.8,-1,-1,-1
942,99,474.4,218.6,39.7,95.7,0.7,-1,-1,-1
942,94,496.1,226.9,45.1,114.6,0.8,-1,-1,-1
942,93,452.6,219.8,40.8,98.8,0.8,-1,-1,-1
942,88,535.7,223.2,51.5,126.4,0.8,-1,-1,-1
943,99,474.9,218.5,40.5,97.8,0.6,-1,-1,-1
943,94,499.7,226.2,45.6,115.9,0.8,-1,-1,-1
943,93,455.8,220.4,41.0,99.7,0.8,-1,-1,-1
943,88,538.8,223.6,52.4,128.3,0.8,-1,-1,-1
944,99,478.8,220.7,39.6,97.0,0.5,-1,-1,-1
944,94,502.6,225.7,46.1,117.2,0.8,-1,-1,-1
944,93,458.2,221.9,41.3,100.6,0.8,-1,-1,-1
944,88,541.8,224.2,53.1,130.3,0.8,-1,-1,-1
945,99,481.4,221.6,39.6,97.6,0.5,-1,-1,-1
945,94,505.6,225.9,46.3,117.9,0.8,-1,-1,-1
945,93,460.2,222.9,41.2,100.8,0.8,-1,-1,-1
945,88,544.5,224.4,53.5,131.4,0.8,-1,-1,-1
946,99,481.2,223.0,41.0,100.4,0.6,-1,-1,-1
946,94,507.6,226.4,46.9,119.5,0.8,-1,-1,-1
946,93,461.2,224.3,41.3,100.6,0.7,-1,-1,-1
946,88,547.1,225.0,53.8,132.4,0.9,-1,-1,-1
947,99,481.4,222.9,42.0,101.9,0.6,-1,-1,-1
947,94,508.6,226.0,48.0,121.9,0.8,-1,-1,-1
947,93,461.5,225.8,41.5,100.8,0.8,-1,-1,-1
947,88,549.2,225.5,54.8,133.9,0.9,-1,-1,-1
948,99,480.8,222.7,42.6,103.1,0.5,-1,-1,-1
948,94,509.4,226.5,48.4,123.3,0.8,-1,-1,-1
948,93,461.5,226.6,41.7,101.5,0.8,-1,-1,-1
948,88,550.5,227.0,55.0,134.7,0.9,-1,-1,-1
949,99,480.6,223.1,43.6,105.4,0.7,-1,-1,-1
949,94,510.2,226.2,49.1,124.4,0.8,-1,-1,-1
949,93,460.9,227.6,41.8,102.0,0.8,-1,-1,-1
949,88,551.9,228.0,55.4,135.6,0.8,-1,-1,-1
950,99,480.3,223.2,44.2,107.1,0.6,-1,-1,-1
950,94,511.5,227.3,49.5,125.1,0.8,-1,-1,-1
950,93,460.4,228.0,42.1,103.0,0.8,-1,-1,-1
950,88,554.1,228.0,55.9,136.5,0.8,-1,-1,-1
951,99,479.4,223.1,44.7,109.0,0.6,-1,-1,-1
951,94,513.8,226.9,49.8,125.8,0.8,-1,-1,-1
951,93,460.4,228.2,42.4,104.0,0.8,-1,-1,-1
951,88,556.8,228.1,56.4,138.1,0.8,-1,-1,-1
952,99,479.9,223.4,45.1,109.6,0.6,-1,-1,-1
952,94,515.6,227.0,50.0,126.2,0.8,-1,-1,-1
952,93,459.9,228.7,42.6,104.4,0.8,-1,-1,-1
952,88,559.1,228.3,56.8,139.3,0.8,-1,-1,-1
953,99,479.9,222.8,45.3,110.9,0.7,-1,-1,-1
953,94,516.6,226.3,51.1,128.4,0.8,-1,-1,-1
953,93,460.0,228.9,42.9,105.4,0.8,-1,-1,-1
953,88,561.0,226.4,58.5,142.8,0.8,-1,-1,-1
954,99,479.9,222.8,45.4,112.3,0.6,-1,-1,-1
954,94,516.8,225.9,52.1,131.0,0.8,-1,-1,-1
954,93,459.9,229.1,43.4,106.8,0.8,-1,-1,-1
954,88,562.1,225.2,59.9,145.8,0.8,-1,-1,-1
955,99,478.5,223.1,46.2,114.9,0.7,-1,-1,-1
955,94,517.0,225.3,52.7,132.7,0.8,-1,-1,-1
955,93,460.0,229.1,44.0,108.5,0.8,-1,-1,-1
955,88,562.9,224.4,61.3,149.2,0.8,-1,-1,-1
956,99,476.9,224.2,47.1,116.9,0.7,-1,-1,-1
956,94,517.8,225.2,53.2,134.2,0.8,-1,-1,-1
956,93,460.0,229.2,44.5,109.9,0.8,-1,-1,-1
956,88,563.1,224.5,62.4,151.8,0.8,-1,-1,-1
957,99,476.8,225.3,47.8,118.8,0.7,-1,-1,-1
957,94,518.4,225.7,53.9,135.8,0.8,-1,-1,-1
957,93,459.3,230.1,44.8,111.0,0.8,-1,-1,-1
957,88,564.5,225.4,63.1,153.4,0.8,-1,-1,-1
958,99,476.6,225.9,48.6,120.7,0.7,-1,-1,-1
958,94,519.3,226.3,54.7,137.1,0.8,-1,-1,-1
958,93,458.9,230.5,45.0,111.9,0.8,-1,-1,-1
958,88,567.3,225.8,63.9,155.0,0.8,-1,-1,-1
959,99,477.7,226.5,49.6,122.8,0.8,-1,-1,-1
959,94,519.6,227.2,55.2,137.8,0.8,-1,-1,-1
959,93,458.8,230.9,45.3,112.5,0.8,-1,-1,-1
959,88,569.6,225.9,64.8,156.9,0.8,-1,-1,-1
960,99,478.3,226.8,50.5,124.6,0.8,-1,-1,-1
960,94,520.2,227.2,55.8,138.8,0.8,-1,-1,-1
960,93,458.7,230.9,45.8,113.7,0.8,-1,-1,-1
960,88,570.9,226.0,65.4,158.0,0.8,-1,-1,-1
961,99,478.5,226.9,51.1,125.9,0.8,-1,-1,-1
961,94,521.4,227.1,56.6,140.2,0.8,-1,-1,-1
961,93,459.3,230.8,46.5,115.2,0.8,-1,-1,-1
961,88,572.0,226.6,65.7,158.8,0.9,-1,-1,-1
962,104,507.6,227.4,49.9,126.2,0.7,-1,-1,-1
962,99,478.8,226.9,51.9,127.4,0.7,-1,-1,-1
962,94,523.2,228.0,57.5,142.2,0.8,-1,-1,-1
962,93,459.4,230.6,47.4,117.0,0.8,-1,-1,-1
962,88,573.9,228.5,65.7,159.7,0.8,-1,-1,-1
963,104,506.5,226.1,51.5,127.5,0.7,-1,-1,-1
963,99,478.1,226.8,52.4,129.0,0.7,-1,-1,-1
963,94,524.8,228.5,58.3,143.6,0.8,-1,-1,-1
963,93,459.8,230.2,48.9,120.2,0.7,-1,-1,-1
963,88,575.9,229.9,65.2,161.2,0.8,-1,-1,-1
964,105,289.8,216.9,26.6,56.8,0.4,-1,-1,-1
964,104,506.2,225.4,52.0,126.4,0.7,-1,-1,-1
964,99,478.5,226.8,53.2,131.6,0.7,-1,-1,-1
964,94,527.0,228.1,59.2,145.7,0.8,-1,-1,-1
964,93,459.7,229.9,49.9,122.7,0.8,-1,-1,-1
964,88,578.1,231.2,64.1,163.2,0.8,-1,-1,-1
965,106,125.6,200.8,31.0,68.3,0.3,-1,-1,-1
965,105,287.2,217.0,26.7,57.6,0.5,-1,-1,-1
965,104,505.1,225.5,53.1,126.2,0.7,-1,-1,-1
965,99,479.6,224.6,53.5,133.2,0.7,-1,-1,-1
965,94,528.7,228.6,59.9,147.7,0.8,-1,-1,-1
965,93,459.7,229.3,51.1,125.5,0.8,-1,-1,-1
965,88,579.7,231.5,62.9,164.7,0.8,-1,-1,-1
966,106,124.8,200.0,28.8,61.6,0.3,-1,-1,-1
966,105,285.0,216.9,27.2,59.5,0.6,-1,-1,-1
966,104,506.0,226.6,54.0,127.8,0.7,-1,-1,-1
966,99,482.7,225.7,54.8,135.3,0.8,-1,-1,-1
966,94,530.1,229.2,61.0,150.4,0.8,-1,-1,-1
966,93,459.3,229.4,52.2,128.0,0.8,-1,-1,-1
966,88,582.3,231.3,60.9,166.5,0.8,-1,-1,-1
967,106,122.7,199.9,27.3,57.3,0.3,-1,-1,-1
967,105,282.4,217.4,27.9,62.0,0.6,-1,-1,-1
967,104,507.0,228.5,54.8,129.9,0.7,-1,-1,-1
967,99,483.8,227.5,55.9,137.4,0.8,-1,-1,-1
967,94,532.1,229.7,62.1,152.8,0.8,-1,-1,-1
967,93,459.4,229.9,53.6,131.6,0.8,-1,-1,-1
967,88,585.4,232.4,58.2,168.3,0.8,-1,-1,-1
968,106,120.2,200.8,26.3,54.7,0.3,-1,-1,-1
968,105,280.5,217.7,28.7,64.0,0.6,-1,-1,-1
968,104,507.3,228.8,55.5,131.7,0.6,-1,-1,-1
968,99,483.0,228.4,57.0,140.3,0.8,-1,-1,-1
968,94,535.0,229.3,63.2,155.2,0.8,-1,-1,-1
968,93,459.6,230.2,54.9,135.0,0.8,-1,-1,-1
968,88,588.7,232.8,55.2,170.5,0.8,-1,-1,-1
969,106,118.5,202.3,24.6,51.7,0.5,-1,-1,-1
969,105,279.1,218.2,29.6,66.7,0.7,-1,-1,-1
969,104,507.1,229.8,56.8,134.9,0.7,-1,-1,-1
969,99,481.5,229.3,58.0,143.2,0.7,-1,-1,-1
969,94,536.7,228.8,64.1,158.3,0.8,-1,-1,-1
969,93,460.0,230.5,56.0,138.0,0.8,-1,-1,-1
969,88,592.6,233.8,51.6,172.5,0.8,-1,-1,-1
970,105,278.1,218.3,30.3,68.7,0.7,-1,-1,-1
970,104,506.6,231.5,57.9,137.0,0.7,-1,-1,-1
970,94,537.9,228.2,65.3,161.4,0.8,-1,-1,-1
970,93,461.5,230.9,57.1,141.2,0.8,-1,-1,-1
970,88,595.4,233.5,48.5,174.4,0.8,-1,-1,-1
971,105,276.6,219.0,30.9,70.4,0.7,-1,-1,-1
971,104,508.3,231.0,58.4,137.9,0.7,-1,-1,-1
971,94,540.4,228.4,66.4,163.7,0.8,-1,-1,-1
971,93,467.4,231.9,59.4,146.3,0.8,-1,-1,-1
971,88,599.1,235.6,44.8,175.7,0.8,-1,-1,-1
972,106,110.6,204.9,23.3,50.2,0.6,-1,-1,-1
972,105,274.8,219.3,31.1,71.1,0.7,-1,-1,-1
972,104,509.7,231.1,58.7,139.9,0.8,-1,-1,-1
972,94,543.0,228.1,68.0,167.9,0.8,-1,-1,-1
972,93,464.1,232.6,60.4,149.4,0.8,-1,-1,-1
972,88,601.2,239.9,42.0,176.5,0.7,-1,-1,-1
973,106,107.0,205.0,24.4,52.2,0.5,-1,-1,-1
973,105,273.5,219.5,31.4,71.9,0.7,-1,-1,-1
973,104,511.5,230.6,59.1,142.1,0.8,-1,-1,-1
973,94,545.0,226.3,69.3,172.0,0.9,-1,-1,-1
973,93,463.0,232.7,61.1,152.5,0.8,-1,-1,-1
973,88,606.5,242.6,37.5,177.7,0.5,-1,-1,-1
974,107,350.4,218.0,35.4,83.6,0.3,-1,-1,-1
974,106,104.6,205.1,24.0,51.8,0.7,-1,-1,-1
974,105,271.6,219.3,32.1,73.6,0.7,-1,-1,-1
974,104,512.3,232.2,59.4,144.1,0.8,-1,-1,-1
974,94,548.8,226.3,70.3,175.2,0.8,-1,-1,-1
974,93,463.1,232.6,62.1,155.7,0.8,-1,-1,-1
975,107,351.7,217.7,33.2,77.8,0.4,-1,-1,-1
975,106,102.0,204.7,23.8,51.7,0.6,-1,-1,-1
975,105,270.9,218.5,33.8,77.2,0.7,-1,-1,-1
975,104,505.8,233.5,62.6,152.4,0.8,-1,-1,-1
975,94,552.2,226.4,71.4,178.5,0.8,-1,-1,-1
975,93,464.2,232.9,63.1,158.9,0.8,-1,-1,-1
976,106,99.7,204.1,23.5,51.3,0.7,-1,-1,-1
976,105,269.4,218.1,34.8,79.5,0.7,-1,-1,-1
976,104,502.0,233.5,65.6,160.3,0.8,-1,-1,-1
976,94,555.7,227.9,72.1,180.4,0.8,-1,-1,-1
976,93,464.8,232.6,64.0,161.7,0.8,-1,-1,-1
977,106,97.5,204.0,22.9,50.8,0.7,-1,-1,-1
977,105,267.6,217.6,35.3,81.0,0.7,-1,-1,-1
977,104,502.3,234.4,68.3,167.7,0.8,-1,-1,-1
977,94,560.0,229.1,72.7,182.3,0.8,-1,-1,-1
977,93,465.6,233.6,64.7,163.7,0.8,-1,-1,-1
978,106,95.6,204.0,22.8,51.2,0.7,-1,-1,-1
978,105,266.4,216.9,36.1,82.9,0.8,-1,-1,-1
978,104,500.7,234.9,72.2,177.5,0.8,-1,-1,-1
978,94,564.0,229.3,73.6,184.9,0.8,-1,-1,-1
978,93,468.5,235.1,66.2,167.7,0.8,-1,-1,-1
979,106,93.0,203.9,22.7,52.3,0.7,-1,-1,-1
979,105,264.2,216.7,36.5,84.5,0.8,-1,-1,-1
979,104,501.9,234.4,75.7,186.3,0.8,-1,-1,-1
979,94,567.2,228.4,73.6,189.5,0.8,-1,-1,-1
979,93,469.4,236.0,67.8,170.7,0.8,-1,-1,-1
980,106,90.4,203.3,22.8,52.6,0.6,-1,-1,-1
980,105,262.3,216.3,37.1,86.4,0.8,-1,-1,-1
980,104,503.5,233.8,78.2,192.7,0.8,-1,-1,-1
980,94,571.4,229.1,71.7,192.0,0.8,-1,-1,-1
980,93,470.9,237.1,68.9,173.8,0.8,-1,-1,-1
981,107,341.2,217.0,40.6,100.1,0.3,-1,-1,-1
981,106,87.0,203.0,23.4,54.2,0.7,-1,-1,-1
981,105,260.6,216.1,37.6,87.7,0.8,-1,-1,-1
981,104,506.3,233.3,81.2,199.5,0.8,-1,-1,-1
981,94,574.4,230.2,69.5,194.8,0.8,-1,-1,-1
981,93,471.8,237.4,70.2,177.4,0.8,-1,-1,-1
982,106,84.6,202.8,23.4,54.6,0.7,-1,-1,-1
982,105,259.2,215.7,38.0,88.7,0.8,-1,-1,-1
982,104,510.1,235.0,83.6,205.0,0.9,-1,-1,-1
982,94,580.3,233.2,64.9,195.4,0.8,-1,-1,-1
982,93,474.1,240.0,72.0,181.5,0.8,-1,-1,-1
983,106,82.2,202.7,23.5,54.9,0.6,-1,-1,-1
983,105,257.7,215.5,38.3,89.7,0.8,-1,-1,-1
983,104,514.3,233.7,86.3,211.7,0.8,-1,-1,-1
983,94,585.5,233.7,60.2,196.2,0.8,-1,-1,-1
983,93,476.5,239.9,74.5,187.7,0.8,-1,-1,-1
984,106,80.7,203.0,24.0,56.0,0.6,-1,-1,-1
984,105,256.1,215.3,38.7,90.9,0.8,-1,-1,-1
984,104,519.2,233.3,88.9,218.0,0.8,-1,-1,-1
984,94,589.4,236.3,56.0,197.8,0.8,-1,-1,-1
984,93,477.8,240.7,76.7,192.7,0.8,-1,-1,-1
985,106,79.0,203.6,24.6,57.4,0.6,-1,-1,-1
985,105,254.2,216.6,38.7,91.4,0.8,-1,-1,-1
985,104,524.9,232.0,91.5,223.8,0.8,-1,-1,-1
985,94,593.3,241.3,51.7,196.9,0.7,-1,-1,-1
985,93,481.1,239.6,78.4,197.7,0.8,-1,-1,-1
986,106,76.1,203.7,25.0,58.5,0.5,-1,-1,-1
986,105,252.3,217.1,39.0,92.3,0.8,-1,-1,-1
986,104,530.9,229.9,94.1,231.1,0.8,-1,-1,-1
986,94,597.6,244.9,47.2,197.9,0.5,-1,-1,-1
986,93,484.3,239.8,80.3,201.5,0.8,-1,-1,-1
987,106,73.1,203.2,25.4,59.4,0.4,-1,-1,-1
987,105,250.1,217.2,39.4,93.1,0.8,-1,-1,-1
987,104,537.3,231.0,96.3,237.4,0.8,-1,-1,-1
987,93,487.9,241.8,82.4,205.4,0.8,-1,-1,-1
988,106,70.3,202.7,25.6,60.5,0.4,-1,-1,-1
988,105,247.7,216.8,39.8,93.7,0.8,-1,-1,-1
988,104,543.6,231.3,96.2,244.4,0.7,-1,-1,-1
988,93,492.2,243.3,85.2,210.2,0.8,-1,-1,-1
989,106,67.9,202.1,25.3,60.4,0.6,-1,-1,-1
989,105,245.8,216.5,40.1,94.4,0.8,-1,-1,-1
989,104,552.4,233.0,92.1,250.7,0.7,-1,-1,-1
989,93,496.5,244.1,88.3,216.3,0.8,-1,-1,-1
990,106,64.5,202.2,25.7,62.1,0.3,-1,-1,-1
990,105,244.5,215.9,40.4,95.1,0.8,-1,-1,-1
990,104,559.5,229.2,87.2,258.6,0.7,-1,-1,-1
990,93,500.2,244.8,91.0,222.2,0.8,-1,-1,-1
991,106,62.4,201.1,25.7,61.7,0.6,-1,-1,-1
991,105,243.2,215.1,40.8,96.0,0.8,-1,-1,-1
991,104,564.9,228.1,82.1,264.6,0.6,-1,-1,-1
991,93,503.2,244.9,93.9,228.7,0.8,-1,-1,-1
992,109,289.1,226.2,27.7,66.6,0.5,-1,-1,-1
992,106,59.3,200.1,25.2,60.4,0.5,-1,-1,-1
992,105,241.9,214.3,41.0,96.6,0.8,-1,-1,-1
992,104,568.8,228.8,77.5,266.7,0.6,-1,-1,-1
992,93,508.8,246.1,97.1,234.4,0.8,-1,-1,-1
993,109,288.0,225.4,28.7,69.6,0.5,-1,-1,-1
993,106,57.3,198.8,24.9,59.5,0.5,-1,-1,-1
993,105,240.6,213.7,41.3,97.3,0.8,-1,-1,-1
993,104,569.0,226.1,75.6,264.3,0.6,-1,-1,-1
993,93,512.9,246.3,99.8,239.5,0.8,-1,-1,-1
994,111,504.6,237.2,80.5,199.8,0.4,-1,-1,-1
994,109,286.3,224.9,29.9,73.5,0.3,-1,-1,-1
994,106,55.1,198.7,24.3,58.8,0.4,-1,-1,-1
994,105,239.8,213.4,41.6,98.1,0.8,-1,-1,-1
994,104,569.1,225.3,74.3,260.3,0.6,-1,-1,-1
994,93,517.9,245.5,103.1,246.5,0.8,-1,-1,-1
995,111,510.0,239.7,80.8,190.4,0.6,-1,-1,-1
995,109,284.2,225.1,30.5,76.3,0.5,-1,-1,-1
995,105,237.8,214.1,42.1,99.4,0.8,-1,-1,-1
995,104,573.7,227.6,70.3,256.3,0.6,-1,-1,-1
995,93,525.5,247.2,105.7,253.5,0.8,-1,-1,-1
996,111,515.7,244.2,78.9,188.6,0.6,-1,-1,-1
996,109,283.0,226.2,31.3,78.6,0.7,-1,-1,-1
996,105,237.1,214.7,42.4,100.5,0.8,-1,-1,-1
996,104,580.2,228.9,64.8,250.5,0.6,-1,-1,-1
996,93,531.3,249.1,106.1,257.6,0.8,-1,-1,-1
997,111,520.0,244.9,78.9,189.0,0.7,-1,-1,-1
997,109,281.7,227.4,32.5,82.0,0.7,-1,-1,-1
997,105,235.4,216.1,43.0,101.6,0.8,-1,-1,-1
997,104,589.4,231.0,57.0,243.0,0.4,-1,-1,-1
997,93,537.2,249.7,105.2,261.0,0.8,-1,-1,-1
998,111,522.6,246.5,79.9,189.0,0.7,-1,-1,-1
998,109,281.2,227.9,34.0,84.9,0.8,-1,-1,-1
998,105,233.8,217.7,43.2,102.3,0.8,-1,-1,-1
998,93,541.7,249.7,102.7,262.9,0.8,-1,-1,-1
999,111,527.1,247.0,81.3,191.5,0.8,-1,-1,-1
999,109,281.3,227.6,34.8,86.4,0.7,-1,-1,-1
999,105,232.5,218.5,43.4,103.0,0.8,-1,-1,-1
999,93,549.3,248.4,97.3,264.6,0.8,-1,-1,-1
1000,111,531.4,248.6,82.1,195.0,0.8,-1,-1,-1
1000,109,280.7,228.3,35.4,87.5,0.8,-1,-1,-1
1000,105,231.1,218.2,43.8,104.3,0.9,-1,-1,-1
1000,93,559.6,248.6,89.4,263.4,0.7,-1,-1,-1
1001,111,535.4,250.0,83.6,199.5,0.8,-1,-1,-1
1001,109,280.5,227.9,35.3,86.5,0.8,-1,-1,-1
1001,108,3.1,197.6,33.0,75.6,0.4,-1,-1,-1
1001,105,229.3,218.5,44.1,105.1,0.9,-1,-1,-1
1001,93,568.9,249.5,81.0,262.1,0.6,-1,-1,-1
1002,111,540.1,250.9,84.6,205.1,0.8,-1,-1,-1
1002,109,280.3,227.8,35.4,86.2,0.8,-1,-1,-1
1002,108,1.8,197.3,31.8,74.0,0.5,-1,-1,-1
1002,105,227.5,218.2,44.6,106.2,0.8,-1,-1,-1
1002,93,579.3,246.1,71.2,256.1,0.7,-1,-1,-1
1003,111,542.3,250.4,86.0,209.2,0.8,-1,-1,-1
1003,109,280.2,227.4,35.2,85.0,0.8,-1,-1,-1
1003,108,0.1,197.9,31.5,74.2,0.4,-1,-1,-1
1003,105,225.5,218.0,45.2,107.5,0.8,-1,-1,-1
1003,93,585.7,246.5,63.5,251.3,0.5,-1,-1,-1
1004,111,545.9,251.3,87.4,215.1,0.8,-1,-1,-1
1004,109,279.9,227.6,35.1,84.5,0.8,-1,-1,-1
1004,105,223.7,217.4,45.7,108.5,0.8,-1,-1,-1
1004,93,590.8,245.5,57.0,241.7,0.5,-1,-1,-1
1005,111,551.1,250.7,88.0,223.5,0.7,-1,-1,-1
1005,109,279.6,227.3,34.9,83.7,0.8,-1,-1,-1
1005,105,222.1,218.0,46.0,108.9,0.8,-1,-1,-1
1005,93,598.7,247.6,49.0,235.1,0.4,-1,-1,-1
1006,111,553.8,251.9,87.9,232.0,0.7,-1,-1,-1
1006,109,278.6,227.2,34.6,83.1,0.8,-1,-1,-1
1006,108,-3.2,185.4,28.8,86.6,0.3,-1,-1,-1
1006,105,220.0,217.9,46.5,110.0,0.8,-1,-1,-1
1006,93,603.0,251.2,43.3,230.0,0.4,-1,-1,-1
1007,111,556.1,251.0,86.8,239.1,0.7,-1,-1,-1
1007,109,278.0,227.7,34.6,83.0,0.8,-1,-1,-1
1007,108,-3.5,189.6,25.2,85.3,0.4,-1,-1,-1
1007,105,218.0,218.6,47.1,111.2,0.9,-1,-1,-1
1007,93,604.7,252.5,39.6,227.4,0.3,-1,-1,-1
1008,111,559.8,250.2,84.2,245.7,0.7,-1,-1,-1
1008,109,277.1,228.7,34.6,82.9,0.8,-1,-1,-1
1008,108,-2.7,172.5,24.1,96.7,0.4,-1,-1,-1
1008,105,215.4,219.5,47.5,112.4,0.9,-1,-1,-1
1009,111,565.3,250.6,79.7,250.8,0.6,-1,-1,-1
1009,109,276.3,229.6,34.5,82.9,0.8,-1,-1,-1
1009,108,-1.8,164.0,23.5,108.4,0.5,-1,-1,-1
1009,105,212.5,221.9,47.8,113.2,0.8,-1,-1,-1
1010,111,570.5,263.9,74.9,247.6,0.6,-1,-1,-1
1010,109,276.1,230.2,34.3,82.4,0.8,-1,-1,-1
1010,108,-2.3,161.7,20.7,113.2,0.3,-1,-1,-1
1010,105,210.0,221.4,48.5,115.0,0.8,-1,-1,-1
1011,112,311.1,223.5,31.5,78.4,0.8,-1,-1,-1
1011,111,574.8,262.5,70.4,250.6,0.3,-1,-1,-1
1011,109,275.1,231.4,34.2,82.2,0.8,-1,-1,-1
1011,105,207.6,221.9,49.1,116.6,0.8,-1,-1,-1
1012,112,309.0,223.8,31.5,77.6,0.8,-1,-1,-1
1012,109,274.3,232.7,34.0,81.8,0.8,-1,-1,-1
1012,105,204.8,221.8,50.1,118.2,0.8,-1,-1,-1
1013,112,307.9,224.5,31.3,76.2,0.8,-1,-1,-1
1013,109,272.8,234.1,34.2,82.6,0.8,-1,-1,-1
1013,105,201.5,221.5,51.1,120.9,0.8,-1,-1,-1
1014,112,307.3,224.6,31.5,75.8,0.8,-1,-1,-1
1014,109,271.1,234.5,34.2,82.6,0.8,-1,-1,-1
1014,105,198.1,221.3,51.8,123.2,0.8,-1,-1,-1
1015,113,326.5,228.1,30.0,74.1,0.4,-1,-1,-1
1015,112,306.3,224.3,31.3,74.9,0.8,-1,-1,-1
1015,109,269.7,234.5,34.1,82.5,0.8,-1,-1,-1
1015,105,195.1,221.5,52.2,124.7,0.8,-1,-1,-1
1016,113,325.4,227.6,28.0,70.5,0.3,-1,-1,-1
1016,112,304.2,223.1,31.5,75.5,0.8,-1,-1,-1
1016,109,267.6,233.9,34.3,82.9,0.8,-1,-1,-1
1016,105,192.3,222.6,52.3,125.3,0.8,-1,-1,-1
1017,112,302.0,222.5,32.0,76.8,0.8,-1,-1,-1
1017,109,265.6,232.9,34.4,83.4,0.8,-1,-1,-1
1017,105,189.2,221.3,53.0,127.0,0.8,-1,-1,-1
1018,112,299.9,222.5,32.5,77.7,0.7,-1,-1,-1
1018,109,262.6,233.3,34.6,83.9,0.8,-1,-1,-1
1018,105,185.6,224.1,53.8,128.6,0.9,-1,-1,-1
1019,113,319.5,227.4,27.2,70.0,0.3,-1,-1,-1
1019,112,297.6,222.4,33.0,79.5,0.6,-1,-1,-1
1019,109,259.5,233.7,35.2,85.3,0.8,-1,-1,-1
1019,105,182.1,222.7,55.4,132.4,0.8,-1,-1,-1
1020,113,318.0,228.2,27.6,71.3,0.6,-1,-1,-1
1020,112,295.5,223.6,33.6,81.1,0.7,-1,-1,-1
1020,109,257.5,234.0,35.4,85.7,0.8,-1,-1,-1
1020,105,179.5,226.8,55.4,132.3,0.8,-1,-1,-1
1021,113,315.0,228.4,30.2,76.3,0.6,-1,-1,-1
1021,112,293.5,223.7,33.8,81.5,0.7,-1,-1,-1
1021,109,255.3,235.0,35.7,86.6,0.8,-1,-1,-1
1021,105,176.3,230.8,55.6,132.8,0.8,-1,-1,-1
1022,113,312.1,229.5,30.6,76.8,0.6,-1,-1,-1
1022,112,291.4,225.6,34.2,82.6,0.8,-1,-1,-1
1022,109,252.0,236.4,35.9,87.0,0.8,-1,-1,-1
1022,105,171.4,230.7,56.7,135.8,0.8,-1,-1,-1
1023,113,310.4,230.1,30.7,77.2,0.6,-1,-1,-1
1023,112,289.1,226.7,33.9,82.6,0.7,-1,-1,-1
1023,109,248.8,237.0,36.1,87.3,0.8,-1,-1,-1
1023,105,167.5,231.3,57.4,137.1,0.9,-1,-1,-1
1024,113,308.5,229.9,31.3,78.8,0.7,-1,-1,-1
1024,112,286.4,226.7,33.9,82.7,0.8,-1,-1,-1
1024,109,246.3,236.9,36.4,87.8,0.8,-1,-1,-1
1024,105,162.7,230.9,58.1,138.9,0.9,-1,-1,-1
1025,113,305.3,227.9,32.1,79.7,0.7,-1,-1,-1
1025,112,283.1,226.4,34.5,83.8,0.8,-1,-1,-1
1025,109,242.9,237.5,36.6,88.4,0.8,-1,-1,-1
1025,105,156.6,228.5,59.8,142.4,0.9,-1,-1,-1
1026,113,301.0,227.3,33.6,82.7,0.8,-1,-1,-1
1026,112,279.0,226.8,35.8,85.8,0.7,-1,-1,-1
1026,109,239.2,237.1,36.8,88.8,0.8,-1,-1,-1
1026,105,150.0,229.0,60.9,144.6,0.8,-1,-1,-1
1027,113,296.7,225.2,35.5,86.4,0.8,-1,-1,-1
1027,112,274.8,225.8,36.7,87.5,0.8,-1,-1,-1
1027,109,235.5,237.1,36.9,89.2,0.8,-1,-1,-1
1027,105,142.6,229.0,61.7,147.3,0.8,-1,-1,-1
1028,113,293.2,223.9,36.8,88.3,0.8,-1,-1,-1
1028,112,271.4,225.4,37.2,88.5,0.7,-1,-1,-1
1028,109,231.7,236.5,37.3,89.9,0.8,-1,-1,-1
1028,105,136.6,227.9,62.8,150.6,0.9,-1,-1,-1
1029,113,289.8,223.2,37.6,89.8,0.8,-1,-1,-1
1029,112,267.9,224.8,37.5,88.8,0.7,-1,-1,-1
1029,109,227.6,237.1,37.6,90.6,0.8,-1,-1,-1
1029,105,130.4,226.0,65.3,155.5,0.8,-1,-1,-1
1030,113,287.4,221.6,38.3,91.2,0.8,-1,-1,-1
1030,112,264.6,222.2,38.6,91.0,0.7,-1,-1,-1
1030,109,222.4,234.9,38.9,93.5,0.8,-1,-1,-1
1030,105,122.3,226.2,66.6,158.8,0.8,-1,-1,-1
1031,113,284.1,221.8,38.9,92.1,0.8,-1,-1,-1
1031,112,260.9,221.7,39.4,92.5,0.7,-1,-1,-1
1031,109,217.8,234.2,39.4,94.9,0.8,-1,-1,-1
1031,105,115.1,225.6,68.3,162.6,0.8,-1,-1,-1
1032,113,280.8,221.8,39.3,93.0,0.7,-1,-1,-1
1032,112,257.4,221.0,40.3,94.2,0.8,-1,-1,-1
1032,109,213.2,234.1,40.0,96.9,0.8,-1,-1,-1
1032,105,107.3,225.7,69.8,166.5,0.8,-1,-1,-1
1033,113,277.1,222.3,39.3,93.4,0.8,-1,-1,-1
1033,112,254.0,221.0,40.7,95.2,0.8,-1,-1,-1
1033,109,208.8,234.0,40.8,98.1,0.8,-1,-1,-1
1033,105,99.2,224.8,71.3,170.5,0.9,-1,-1,-1
1034,113,274.3,222.3,39.5,93.7,0.8,-1,-1,-1
1034,112,250.7,220.6,41.1,96.0,0.8,-1,-1,-1
1034,109,205.0,233.7,41.3,99.5,0.8,-1,-1,-1
1034,105,92.4,223.2,73.1,174.9,0.8,-1,-1,-1
1035,113,270.5,222.9,39.3,93.8,0.8,-1,-1,-1
1035,112,247.0,220.3,41.3,97.1,0.8,-1,-1,-1
1035,109,200.9,233.9,41.6,100.5,0.8,-1,-1,-1
1035,105,85.1,226.9,74.0,176.3,0.8,-1,-1,-1
1036,113,265.7,223.8,39.3,93.8,0.8,-1,-1,-1
1036,112,241.4,220.9,41.4,97.6,0.8,-1,-1,-1
1036,109,195.1,234.7,41.9,101.6,0.8,-1,-1,-1
1036,105,75.0,229.8,74.8,178.5,0.8,-1,-1,-1
1037,113,261.7,223.9,39.3,93.6,0.8,-1,-1,-1
1037,112,237.6,221.4,41.3,97.8,0.8,-1,-1,-1
1037,109,190.0,234.3,42.3,102.5,0.8,-1,-1,-1
1037,105,67.3,229.5,75.9,182.5,0.8,-1,-1,-1
1038,113,258.6,225.2,39.1,93.0,0.8,-1,-1,-1
1038,112,233.4,221.7,41.5,98.3,0.8,-1,-1,-1
1038,109,185.9,234.6,42.5,103.2,0.8,-1,-1,-1
1038,105,58.3,229.4,77.1,185.5,0.8,-1,-1,-1
1039,113,254.6,225.5,39.0,92.9,0.8,-1,-1,-1
1039,112,229.1,221.5,41.3,98.7,0.8,-1,-1,-1
1039,109,181.6,234.7,42.7,104.4,0.8,-1,-1,-1
1039,105,48.6,230.2,79.3,190.5,0.8,-1,-1,-1
1040,113,249.6,225.8,38.8,92.4,0.8,-1,-1,-1
1040,112,223.0,220.2,41.7,99.9,0.8,-1,-1,-1
1040,109,175.4,234.8,43.2,105.6,0.8,-1,-1,-1
1040,105,35.3,235.7,81.8,195.8,0.8,-1,-1,-1
1041,113,245.1,225.8,38.9,92.4,0.8,-1,-1,-1
1041,112,217.6,220.0,42.2,100.7,0.8,-1,-1,-1
1041,109,170.0,234.3,43.6,106.6,0.8,-1,-1,-1
1041,105,24.7,238.0,83.4,200.6,0.8,-1,-1,-1
1042,113,241.4,226.1,39.0,92.7,0.8,-1,-1,-1
1042,112,213.5,219.5,42.2,101.4,0.8,-1,-1,-1
1042,109,166.1,234.2,43.6,107.1,0.8,-1,-1,-1
1042,105,14.5,239.1,86.0,205.9,0.8,-1,-1,-1
1043,113,237.6,226.2,39.0,93.4,0.8,-1,-1,-1
1043,112,209.6,219.4,42.2,101.5,0.8,-1,-1,-1
1043,109,161.6,233.9,44.2,108.5,0.8,-1,-1,-1
1043,105,6.0,238.7,88.0,210.8,0.8,-1,-1,-1
1044,113,233.8,226.5,39.2,94.1,0.8,-1,-1,-1
1044,112,204.5,219.5,42.3,102.0,0.8,-1,-1,-1
1044,109,157.6,234.4,44.0,108.5,0.8,-1,-1,-1
1044,105,0.7,239.8,90.1,216.9,0.7,-1,-1,-1
1045,113,228.5,227.3,39.6,94.7,0.8,-1,-1,-1
1045,112,198.2,219.4,42.7,103.1,0.8,-1,-1,-1
1045,109,150.7,234.9,44.0,108.5,0.8,-1,-1,-1
1045,105,-4.0,230.3,89.1,225.9,0.7,-1,-1,-1
1046,113,223.5,228.6,39.8,95.0,0.8,-1,-1,-1
1046,112,192.3,220.8,42.8,102.9,0.8,-1,-1,-1
1046,109,143.2,236.1,44.4,108.6,0.8,-1,-1,-1
1046,105,-7.3,230.6,84.4,230.0,0.6,-1,-1,-1
1047,113,218.9,228.6,40.1,95.6,0.8,-1,-1,-1
1047,112,186.2,221.3,43.3,103.8,0.8,-1,-1,-1
1047,109,135.4,236.3,45.2,110.3,0.8,-1,-1,-1
1047,105,-7.7,223.7,80.4,234.5,0.6,-1,-1,-1
1048,113,213.6,228.7,40.3,96.5,0.8,-1,-1,-1
1048,112,179.9,221.4,43.7,104.7,0.8,-1,-1,-1
1048,109,127.1,236.2,46.6,112.3,0.8,-1,-1,-1
1048,105,-9.2,224.3,73.6,237.3,0.7,-1,-1,-1
1049,113,207.5,228.3,40.8,97.7,0.8,-1,-1,-1
1049,112,172.7,221.6,44.0,105.4,0.8,-1,-1,-1
1049,109,119.1,237.5,47.6,113.9,0.7,-1,-1,-1
1049,105,-10.4,227.2,65.3,240.0,0.6,-1,-1,-1
1050,113,202.2,228.0,41.1,98.2,0.9,-1,-1,-1
1050,112,166.4,221.4,44.1,105.7,0.8,-1,-1,-1
1050,109,112.9,238.3,48.2,115.0,0.8,-1,-1,-1
1050,105,-11.9,234.0,54.5,241.6,0.3,-1,-1,-1
1051,113,197.9,228.1,41.5,99.0,0.8,-1,-1,-1
1051,112,161.4,221.4,44.4,106.3,0.8,-1,-1,-1
1051,109,107.8,239.8,48.7,115.0,0.7,-1,-1,-1
1052,113,193.8,228.3,41.9,99.4,0.8,-1,-1,-1
1052,112,156.5,221.6,44.6,106.6,0.8,-1,-1,-1
1052,109,100.4,240.5,49.8,117.4,0.8,-1,-1,-1
1053,113,189.8,228.0,42.5,100.7,0.9,-1,-1,-1
1053,112,152.0,221.6,44.4,106.8,0.8,-1,-1,-1
1053,109,94.3,241.3,51.2,119.9,0.8,-1,-1,-1
1054,113,185.1,227.8,43.1,101.8,0.9,-1,-1,-1
1054,112,148.2,220.6,44.2,106.3,0.8,-1,-1,-1
1054,109,86.3,241.3,52.6,122.8,0.7,-1,-1,-1
1055,113,182.3,227.8,43.4,102.7,0.9,-1,-1,-1
1055,112,144.2,219.9,45.3,108.4,0.8,-1,-1,-1
1055,109,80.9,241.4,54.5,125.4,0.7,-1,-1,-1
1056,113,177.9,228.2,43.9,103.3,0.8,-1,-1,-1
1056,112,138.5,220.1,46.2,110.7,0.8,-1,-1,-1
1056,109,76.0,242.3,55.6,127.4,0.8,-1,-1,-1
1057,113,172.8,227.9,44.3,104.4,0.9,-1,-1,-1
1057,112,133.8,220.0,46.8,112.2,0.9,-1,-1,-1
1057,109,67.1,242.0,56.0,128.9,0.7,-1,-1,-1
1058,113,168.4,228.6,44.6,105.0,0.9,-1,-1,-1
1058,112,128.6,220.3,47.4,113.3,0.8,-1,-1,-1
1058,109,59.9,242.1,56.6,130.6,0.7,-1,-1,-1
1059,113,164.7,228.9,44.8,105.7,0.9,-1,-1,-1
1059,112,124.4,219.5,48.0,115.1,0.8,-1,-1,-1
1059,109,57.8,242.1,57.1,131.7,0.8,-1,-1,-1
1060,113,159.8,228.4,45.1,106.3,0.9,-1,-1,-1
1060,112,119.4,218.9,48.3,116.3,0.8,-1,-1,-1
1060,109,51.3,243.2,57.6,133.4,0.8,-1,-1,-1
1061,113,155.6,228.2,45.7,107.3,0.9,-1,-1,-1
1061,112,115.9,218.3,48.7,117.6,0.9,-1,-1,-1
1061,109,43.3,243.3,58.5,136.2,0.8,-1,-1,-1
1062,113,152.4,228.3,46.1,108.3,0.9,-1,-1,-1
1062,112,112.8,218.3,49.1,118.5,0.9,-1,-1,-1
1062,109,37.6,242.1,59.7,139.6,0.8,-1,-1,-1
1063,113,149.6,228.4,46.3,109.0,0.9,-1,-1,-1
1063,112,109.5,218.4,49.3,119.4,0.9,-1,-1,-1
1063,109,32.3,241.9,60.4,141.8,0.8,-1,-1,-1
1064,113,146.5,227.6,46.6,109.9,0.9,-1,-1,-1
1064,112,106.3,218.7,49.6,120.4,0.9,-1,-1,-1
1064,109,27.1,242.6,61.4,143.9,0.8,-1,-1,-1
1065,113,143.1,227.1,47.2,111.0,0.9,-1,-1,-1
1065,112,102.4,218.8,49.8,121.1,0.8,-1,-1,-1
1065,109,21.2,243.4,62.1,145.7,0.8,-1,-1,-1
1066,113,139.7,226.6,47.7,112.0,0.9,-1,-1,-1
1066,112,98.8,217.9,50.5,122.6,0.9,-1,-1,-1
1066,109,20.4,243.6,62.5,145.7,0.8,-1,-1,-1
1067,113,136.1,227.0,48.0,112.6,0.9,-1,-1,-1
1067,112,94.5,217.1,51.3,124.3,0.9,-1,-1,-1
1067,109,12.8,244.6,63.3,148.7,0.8,-1,-1,-1
1068,113,133.1,227.6,48.2,113.3,0.9,-1,-1,-1
1068,112,91.1,216.8,51.7,125.6,0.9,-1,-1,-1
1068,109,7.6,244.2,64.1,151.8,0.8,-1,-1,-1
1069,113,130.4,228.4,48.4,114.1,0.9,-1,-1,-1
1069,112,88.2,217.1,52.2,127.1,0.9,-1,-1,-1
1069,109,2.6,244.9,64.6,155.1,0.8,-1,-1,-1
1070,113,127.0,229.4,48.8,115.0,0.9,-1,-1,-1
1070,112,85.0,217.7,52.8,128.7,0.8,-1,-1,-1
1070,109,0.5,244.3,65.0,157.0,0.7,-1,-1,-1
1071,113,124.4,229.8,49.0,115.5,0.9,-1,-1,-1
1071,112,81.5,216.7,53.4,130.1,0.9,-1,-1,-1
1071,109,-3.7,245.3,61.6,159.5,0.7,-1,-1,-1
1072,113,121.4,230.0,49.5,116.4,0.9,-1,-1,-1
1072,112,78.8,216.3,54.2,131.5,0.9,-1,-1,-1
1072,109,-3.5,245.5,61.1,160.9,0.6,-1,-1,-1
1073,113,117.9,230.3,49.8,117.5,0.9,-1,-1,-1
1073,112,75.2,216.3,54.9,132.9,0.9,-1,-1,-1
1073,109,-5.6,246.6,56.9,164.3,0.7,-1,-1,-1
1074,113,115.2,230.6,50.2,118.8,0.9,-1,-1,-1
1074,112,71.6,216.5,55.4,134.6,0.9,-1,-1,-1
1074,109,-5.1,248.9,54.2,164.9,0.7,-1,-1,-1
1075,113,112.8,230.2,50.6,120.1,0.9,-1,-1,-1
1075,112,69.4,216.9,55.7,135.8,0.9,-1,-1,-1
1075,109,-5.0,250.0,51.2,165.8,0.7,-1,-1,-1
1076,113,110.0,229.7,51.2,121.5,0.9,-1,-1,-1
1076,112,67.1,216.9,56.0,137.0,0.9,-1,-1,-1
1076,109,-5.3,251.1,47.3,165.6,0.7,-1,-1,-1
1077,113,106.8,228.2,52.1,123.5,0.9,-1,-1,-1
1077,112,64.7,217.3,56.6,138.1,0.9,-1,-1,-1
1077,109,-5.8,253.8,42.3,165.8,0.6,-1,-1,-1
1078,113,103.8,226.4,53.1,126.3,0.9,-1,-1,-1
1078,112,62.4,217.6,57.5,139.7,0.9,-1,-1,-1
1078,109,-6.0,256.8,37.2,168.5,0.4,-1,-1,-1
1079,113,100.8,226.8,53.9,128.6,0.9,-1,-1,-1
1079,112,60.2,218.2,58.0,141.3,0.9,-1,-1,-1
1080,113,97.8,226.6,54.8,131.1,0.9,-1,-1,-1
1080,112,57.8,218.4,58.5,142.7,0.9,-1,-1,-1
1081,113,95.0,226.0,55.6,133.5,0.9,-1,-1,-1
1081,112,55.7,218.1,58.9,144.3,0.9,-1,-1,-1
1082,113,91.9,225.9,56.4,135.3,0.9,-1,-1,-1
1082,112,52.8,217.8,59.8,146.3,0.9,-1,-1,-1
1083,113,88.7,226.0,57.3,137.8,0.9,-1,-1,-1
1083,112,49.2,217.2,60.7,148.1,0.9,-1,-1,-1
1084,113,86.4,225.9,58.0,140.2,0.9,-1,-1,-1
1084,112,46.3,217.4,61.5,150.0,0.9,-1,-1,-1
1085,113,83.6,225.4,58.5,142.5,0.9,-1,-1,-1
1085,112,42.9,217.5,62.1,151.8,0.9,-1,-1,-1
1086,113,80.8,225.7,59.2,144.6,0.9,-1,-1,-1
1086,112,39.8,218.1,62.7,153.5,0.9,-1,-1,-1
1087,113,78.2,227.4,60.0,146.1,0.9,-1,-1,-1
1087,112,36.6,219.0,63.3,155.0,0.9,-1,-1,-1
1088,117,330.5,219.8,29.0,65.1,0.5,-1,-1,-1
1088,113,75.6,228.1,60.6,147.0,0.9,-1,-1,-1
1088,112,33.7,220.7,64.0,156.0,0.9,-1,-1,-1
1089,117,331.2,221.6,30.7,69.1,0.4,-1,-1,-1
1089,113,72.9,230.2,61.2,147.7,0.9,-1,-1,-1
1089,112,30.5,222.1,64.8,157.9,0.9,-1,-1,-1
1090,117,333.1,221.6,30.9,69.7,0.3,-1,-1,-1
1090,113,70.2,231.1,61.7,148.5,0.9,-1,-1,-1
1090,112,26.3,222.3,65.4,160.1,0.9,-1,-1,-1
1091,113,65.3,232.3,62.3,149.5,0.9,-1,-1,-1
1091,112,20.0,223.0,66.4,162.2,0.9,-1,-1,-1
1092,113,61.7,232.4,62.6,150.1,0.9,-1,-1,-1
1092,112,14.9,222.2,67.1,164.5,0.9,-1,-1,-1
1093,117,341.1,220.6,32.4,74.8,0.5,-1,-1,-1
1093,113,59.5,232.4,62.8,150.8,0.9,-1,-1,-1
1093,112,11.2,221.1,68.1,167.0,0.9,-1,-1,-1
1094,117,342.6,219.1,32.6,74.7,0.6,-1,-1,-1
1094,113,57.3,232.3,63.4,152.2,0.9,-1,-1,-1
1094,112,8.4,219.3,68.8,169.4,0.9,-1,-1,-1
1095,117,345.1,218.3,33.0,75.5,0.4,-1,-1,-1
1095,113,55.6,231.6,64.2,153.7,0.9,-1,-1,-1
1095,112,5.2,217.9,68.8,171.5,0.8,-1,-1,-1
1096,117,348.2,217.1,33.3,77.4,0.7,-1,-1,-1
1096,113,52.3,230.8,65.6,156.6,0.9,-1,-1,-1
1096,112,1.4,216.9,68.1,173.9,0.8,-1,-1,-1
1097,117,351.0,216.4,33.7,78.3,0.7,-1,-1,-1
1097,113,49.0,229.4,67.8,160.8,0.8,-1,-1,-1
1097,112,-1.0,216.2,67.3,176.6,0.9,-1,-1,-1
1098,117,353.7,216.8,33.3,78.0,0.7,-1,-1,-1
1098,113,45.9,228.0,69.7,164.5,0.8,-1,-1,-1
1098,112,-2.1,216.4,66.4,178.8,0.8,-1,-1,-1
1099,117,355.5,218.2,33.2,77.5,0.8,-1,-1,-1
1099,113,42.8,229.3,70.9,167.2,0.8,-1,-1,-1
1099,112,-3.7,220.0,63.7,180.3,0.8,-1,-1,-1
1100,117,357.3,219.5,33.8,78.5,0.8,-1,-1,-1
1100,113,40.1,229.1,72.3,170.5,0.8,-1,-1,-1
1100,112,-3.9,222.5,61.2,181.3,0.8,-1,-1,-1
1101,117,359.3,220.6,34.5,79.5,0.8,-1,-1,-1
1101,113,38.3,232.1,72.8,171.8,0.8,-1,-1,-1
1101,112,-3.5,224.1,59.3,181.5,0.8,-1,-1,-1
1102,117,361.1,220.8,34.3,78.9,0.7,-1,-1,-1
1102,113,36.9,233.3,73.6,173.4,0.8,-1,-1,-1
1102,112,-3.1,225.5,57.6,182.4,0.8,-1,-1,-1
1103,117,362.3,221.3,34.4,79.2,0.7,-1,-1,-1
1103,113,35.9,234.5,74.2,175.1,0.8,-1,-1,-1
1103,112,-2.4,226.3,56.6,183.7,0.8,-1,-1,-1
1104,117,364.2,221.9,34.7,79.8,0.7,-1,-1,-1
1104,113,33.9,233.2,75.5,178.3,0.8,-1,-1,-1
1104,112,-2.0,225.6,55.5,186.8,0.8,-1,-1,-1
1105,117,365.8,221.8,34.6,80.2,0.6,-1,-1,-1
1105,113,31.9,231.8,77.1,182.0,0.9,-1,-1,-1
1105,112,-2.1,225.2,54.1,190.5,0.8,-1,-1,-1
1106,117,368.6,221.2,34.8,80.6,0.8,-1,-1,-1
1106,113,29.5,229.9,78.6,186.0,0.9,-1,-1,-1
1106,112,-2.3,223.1,52.4,193.9,0.8,-1,-1,-1
1107,117,370.3,221.4,35.3,81.5,0.7,-1,-1,-1
1107,113,26.3,228.7,79.9,189.6,0.9,-1,-1,-1
1107,112,-2.8,223.7,49.8,196.3,0.8,-1,-1,-1
1108,117,371.9,222.7,36.5,84.9,0.8,-1,-1,-1
1108,113,23.8,229.7,80.8,192.0,0.9,-1,-1,-1
1108,112,-3.3,225.2,46.7,198.0,0.8,-1,-1,-1
1109,117,374.2,223.0,36.8,85.3,0.6,-1,-1,-1
1109,113,20.4,231.7,81.8,194.8,0.9,-1,-1,-1
1109,112,-2.0,222.6,45.9,199.5,0.8,-1,-1,-1
1110,117,375.8,224.5,37.3,87.1,0.6,-1,-1,-1
1110,113,16.4,232.1,82.7,198.2,0.9,-1,-1,-1
1110,112,-2.0,224.1,44.0,199.4,0.8,-1,-1,-1
1111,117,376.9,227.3,38.1,88.9,0.8,-1,-1,-1
1111,113,11.2,233.9,84.3,202.1,0.8,-1,-1,-1
1111,112,-1.6,226.5,43.0,202.6,0.7,-1,-1,-1
1112,117,377.8,228.8,39.0,90.9,0.8,-1,-1,-1
1112,113,6.4,237.7,84.9,204.2,0.8,-1,-1,-1
1112,112,-1.8,223.3,40.9,198.4,0.6,-1,-1,-1
1113,117,378.4,229.1,39.5,92.3,0.8,-1,-1,-1
1113,113,2.5,238.7,85.6,206.9,0.8,-1,-1,-1
1113,112,-2.6,229.8,37.7,202.0,0.4,-1,-1,-1
1114,117,378.8,228.9,40.1,93.7,0.8,-1,-1,-1
1114,113,-0.8,240.5,85.3,209.5,0.8,-1,-1,-1
1115,117,379.2,228.9,40.3,94.4,0.8,-1,-1,-1
1115,113,-3.1,241.0,83.1,211.4,0.8,-1,-1,-1
1116,117,380.4,228.9,40.5,94.8,0.8,-1,-1,-1
1116,113,-4.1,241.8,80.4,213.1,0.8,-1,-1,-1
1117,117,381.6,228.1,40.9,96.0,0.8,-1,-1,-1
1117,113,-4.5,241.8,76.9,214.7,0.8,-1,-1,-1
1118,117,383.1,227.8,41.3,97.1,0.8,-1,-1,-1
1118,113,-4.7,239.8,73.0,218.0,0.8,-1,-1,-1
1119,117,385.3,228.1,41.7,98.1,0.8,-1,-1,-1
1119,113,-5.0,239.8,68.6,221.8,0.8,-1,-1,-1
1120,117,387.3,229.3,41.9,98.9,0.8,-1,-1,-1
1120,113,-5.1,240.9,64.2,223.8,0.7,-1,-1,-1
1121,117,388.8,229.9,42.5,100.7,0.8,-1,-1,-1
1121,113,-5.1,242.4,59.8,225.9,0.7,-1,-1,-1
1122,118,312.5,217.3,26.6,66.9,0.3,-1,-1,-1
1122,117,389.9,231.3,43.0,102.1,0.8,-1,-1,-1
1122,113,-4.9,246.2,55.3,224.8,0.7,-1,-1,-1
1123,117,391.1,232.1,43.5,103.7,0.8,-1,-1,-1
1123,113,-4.3,249.2,51.6,224.5,0.7,-1,-1,-1
1124,117,392.6,233.0,44.3,105.8,0.8,-1,-1,-1
1124,113,-3.4,247.9,48.7,222.3,0.7,-1,-1,-1
1125,117,394.4,233.0,44.8,107.2,0.9,-1,-1,-1
1125,113,-3.5,251.7,44.9,220.4,0.5,-1,-1,-1
1126,117,396.2,232.4,45.5,109.2,0.8,-1,-1,-1
1126,113,-3.9,255.5,40.3,217.1,0.5,-1,-1,-1
1127,117,398.3,231.6,46.3,110.9,0.9,-1,-1,-1
1127,113,-3.8,253.3,35.8,215.9,0.3,-1,-1,-1
1128,117,400.6,231.4,46.9,112.5,0.8,-1,-1,-1
1128,113,-3.0,256.6,32.6,216.4,0.4,-1,-1,-1
1129,117,402.8,231.5,47.3,113.1,0.8,-1,-1,-1
1130,117,404.7,232.3,47.8,114.6,0.8,-1,-1,-1
1131,117,406.2,232.8,48.3,116.3,0.8,-1,-1,-1
1132,117,407.2,233.3,48.9,118.2,0.8,-1,-1,-1
1133,117,408.3,233.4,49.7,120.0,0.8,-1,-1,-1
1134,117,409.9,233.5,50.8,122.4,0.8,-1,-1,-1
1135,117,411.6,233.5,51.8,124.4,0.8,-1,-1,-1
1136,117,413.9,233.7,52.2,126.1,0.8,-1,-1,-1
1137,119,34.3,219.8,44.3,75.1,0.4,-1,-1,-1
1137,117,415.1,233.9,52.6,127.8,0.8,-1,-1,-1
1138,121,300.7,219.7,31.5,74.7,0.4,-1,-1,-1
1138,120,314.9,216.7,30.8,74.8,0.6,-1,-1,-1
1138,117,418.6,234.1,53.4,130.6,0.9,-1,-1,-1
1139,121,301.6,219.5,32.5,77.0,0.5,-1,-1,-1
1139,117,421.9,234.4,54.2,132.9,0.8,-1,-1,-1
1140,121,300.9,219.1,30.8,72.7,0.6,-1,-1,-1
1140,117,424.4,234.6,55.2,134.9,0.9,-1,-1,-1
1141,121,301.7,219.5,29.6,69.9,0.6,-1,-1,-1
1141,117,428.4,234.3,56.2,136.8,0.9,-1,-1,-1
1142,121,302.0,219.1,29.6,69.4,0.6,-1,-1,-1
1142,120,315.9,214.3,30.6,74.8,0.4,-1,-1,-1
1142,117,432.0,234.4,56.9,138.8,0.8,-1,-1,-1
1143,121,302.5,219.3,29.4,69.5,0.7,-1,-1,-1
1143,120,315.5,213.3,30.1,74.9,0.3,-1,-1,-1
1143,117,435.3,234.6,57.4,141.0,0.8,-1,-1,-1
1144,121,303.2,218.4,29.7,71.0,0.7,-1,-1,-1
1144,120,315.9,214.1,31.5,76.9,0.4,-1,-1,-1
1144,117,439.2,235.5,58.6,143.6,0.8,-1,-1,-1
1145,121,303.6,218.2,29.9,71.9,0.7,-1,-1,-1
1145,120,316.0,213.4,30.7,76.3,0.4,-1,-1,-1
1145,117,443.5,235.0,59.6,146.5,0.8,-1,-1,-1
1146,121,304.3,218.8,30.0,72.7,0.7,-1,-1,-1
1146,120,317.6,213.3,30.1,75.4,0.4,-1,-1,-1
1146,117,449.2,237.3,60.2,148.4,0.8,-1,-1,-1
1147,121,305.1,219.2,30.0,73.0,0.7,-1,-1,-1
1147,120,318.8,213.8,31.3,77.7,0.5,-1,-1,-1
1147,117,453.8,236.3,61.4,151.2,0.9,-1,-1,-1
1148,121,305.9,219.6,30.0,73.3,0.8,-1,-1,-1
1148,120,320.4,213.7,31.8,79.0,0.5,-1,-1,-1
1148,117,458.9,236.3,62.6,154.1,0.9,-1,-1,-1
1149,121,306.6,219.8,30.0,73.2,0.8,-1,-1,-1
1149,120,322.0,213.7,32.7,80.0,0.6,-1,-1,-1
1149,117,464.0,236.5,63.5,156.4,0.9,-1,-1,-1
1150,123,139.7,217.7,40.3,94.5,0.8,-1,-1,-1
1150,121,308.3,219.7,29.7,72.9,0.7,-1,-1,-1
1150,120,322.7,213.9,33.2,80.6,0.7,-1,-1,-1
1150,117,470.6,236.5,64.9,160.7,0.9,-1,-1,-1
1151,124,266.0,218.9,16.3,39.3,0.3,-1,-1,-1
1151,123,137.1,217.0,41.0,96.8,0.8,-1,-1,-1
1151,121,309.2,219.0,29.8,73.3,0.7,-1,-1,-1
1151,120,323.5,213.7,33.3,80.9,0.7,-1,-1,-1
1151,117,475.1,235.8,66.9,165.7,0.8,-1,-1,-1
1152,123,134.9,215.7,42.0,98.5,0.8,-1,-1,-1
1152,121,309.8,218.8,29.8,73.6,0.7,-1,-1,-1
1152,120,323.1,213.4,33.7,81.8,0.7,-1,-1,-1
1152,117,479.6,235.5,68.5,170.4,0.8,-1,-1,-1
1153,123,132.9,214.8,42.7,100.1,0.8,-1,-1,-1
1153,122,9.3,217.2,39.6,78.9,0.3,-1,-1,-1
1153,121,310.5,218.4,30.0,74.2,0.7,-1,-1,-1
1153,120,324.4,212.8,34.3,82.8,0.7,-1,-1,-1
1153,117,483.9,236.0,69.6,173.7,0.8,-1,-1,-1
1154,123,129.8,213.9,44.6,103.4,0.8,-1,-1,-1
1154,122,8.3,216.4,38.6,76.9,0.3,-1,-1,-1
1154,121,311.2,217.8,30.1,74.8,0.7,-1,-1,-1
1154,120,325.3,212.5,34.3,82.9,0.8,-1,-1,-1
1154,117,488.4,235.5,70.9,177.8,0.8,-1,-1,-1
1155,123,127.5,213.4,45.1,104.6,0.8,-1,-1,-1
1155,122,8.2,216.2,37.4,75.3,0.4,-1,-1,-1
1155,121,312.1,217.6,30.2,75.0,0.7,-1,-1,-1
1155,120,326.4,212.9,34.4,82.8,0.7,-1,-1,-1
1155,117,492.7,236.4,71.7,180.4,0.8,-1,-1,-1
1156,123,124.3,213.4,46.2,106.2,0.8,-1,-1,-1
1156,121,313.1,216.7,30.4,75.7,0.7,-1,-1,-1
1156,120,327.9,212.7,34.7,83.2,0.7,-1,-1,-1
1156,117,497.5,237.8,73.0,184.5,0.8,-1,-1,-1
1157,123,121.1,214.3,47.0,107.9,0.8,-1,-1,-1
1157,121,315.8,216.2,31.4,78.2,0.7,-1,-1,-1
1157,120,329.6,212.8,34.7,83.4,0.8,-1,-1,-1
1157,117,503.2,239.1,74.9,190.0,0.8,-1,-1,-1
1158,123,118.6,214.6,48.0,109.9,0.8,-1,-1,-1
1158,121,317.7,215.9,32.2,80.1,0.7,-1,-1,-1
1158,120,331.2,213.8,34.4,83.3,0.7,-1,-1,-1
1158,117,507.3,239.2,77.4,195.7,0.8,-1,-1,-1
1159,123,116.7,215.1,48.5,111.6,0.8,-1,-1,-1
1159,121,318.6,215.8,33.0,81.5,0.7,-1,-1,-1
1159,120,333.6,214.3,34.1,83.2,0.7,-1,-1,-1
1159,117,512.2,239.4,79.0,200.6,0.8,-1,-1,-1
1160,125,151.4,221.0,46.2,107.4,0.6,-1,-1,-1
1160,123,114.9,215.6,50.0,114.8,0.8,-1,-1,-1
1160,121,318.3,216.4,32.6,80.6,0.7,-1,-1,-1
1160,120,335.6,214.9,33.9,83.0,0.7,-1,-1,-1
1160,117,517.0,239.8,80.5,205.0,0.8,-1,-1,-1
1161,125,151.4,221.2,46.7,107.6,0.6,-1,-1,-1
1161,123,113.8,215.5,50.9,117.2,0.8,-1,-1,-1
1161,121,319.5,217.3,32.9,80.9,0.7,-1,-1,-1
1161,120,336.6,215.7,33.6,82.3,0.8,-1,-1,-1
1161,117,521.2,239.5,82.3,209.0,0.8,-1,-1,-1
1162,125,150.2,222.3,44.5,105.0,0.7,-1,-1,-1
1162,123,111.3,214.7,51.7,119.8,0.8,-1,-1,-1
1162,121,319.8,216.7,32.9,81.0,0.7,-1,-1,-1
1162,120,337.3,215.6,34.0,82.7,0.7,-1,-1,-1
1162,117,525.6,240.5,84.4,213.5,0.8,-1,-1,-1
1163,125,149.1,223.2,44.6,104.9,0.7,-1,-1,-1
1163,123,108.8,214.4,52.7,121.7,0.8,-1,-1,-1
1163,121,320.6,216.6,32.9,80.9,0.8,-1,-1,-1
1163,120,338.3,215.4,34.2,82.8,0.7,-1,-1,-1
1163,117,531.6,240.0,85.5,216.2,0.8,-1,-1,-1
1164,125,147.8,223.8,44.5,103.3,0.7,-1,-1,-1
1164,123,106.9,215.0,53.6,123.7,0.8,-1,-1,-1
1164,121,322.9,217.2,33.4,81.8,0.8,-1,-1,-1
1164,120,339.4,215.6,34.3,82.8,0.7,-1,-1,-1
1164,117,537.1,241.5,86.8,219.5,0.8,-1,-1,-1
1165,125,147.0,224.8,44.1,101.6,0.7,-1,-1,-1
1165,123,105.5,215.0,54.1,124.5,0.8,-1,-1,-1
1165,121,322.6,217.8,33.1,81.3,0.8,-1,-1,-1
1165,120,340.7,216.0,34.5,83.1,0.7,-1,-1,-1
1165,117,542.1,243.3,89.2,223.9,0.7,-1,-1,-1
1166,126,537.5,225.8,26.9,63.2,0.4,-1,-1,-1
1166,125,145.9,225.6,43.9,100.9,0.7,-1,-1,-1
1166,123,103.5,217.0,55.2,126.1,0.8,-1,-1,-1
1166,121,325.2,217.8,33.6,82.0,0.8,-1,-1,-1
1166,120,342.6,216.7,34.4,82.7,0.7,-1,-1,-1
1166,117,549.8,246.0,89.4,228.8,0.7,-1,-1,-1
1167,126,538.4,227.2,24.8,58.9,0.5,-1,-1,-1
1167,125,144.5,225.3,42.7,98.9,0.6,-1,-1,-1
1167,123,102.5,217.5,55.2,126.3,0.8,-1,-1,-1
1167,121,326.2,216.8,33.7,82.8,0.7,-1,-1,-1
1167,120,343.6,217.2,34.5,83.0,0.8,-1,-1,-1
1167,117,557.7,248.8,86.5,231.2,0.7,-1,-1,-1
1168,126,538.8,228.1,24.7,59.4,0.5,-1,-1,-1
1168,125,143.0,226.0,42.5,98.3,0.6,-1,-1,-1
1168,123,100.5,218.4,55.3,126.9,0.8,-1,-1,-1
1168,121,327.5,216.2,33.8,83.4,0.7,-1,-1,-1
1168,120,344.8,217.6,34.7,83.9,0.7,-1,-1,-1
1168,117,564.4,249.8,81.9,234.7,0.7,-1,-1,-1
1169,126,540.4,228.8,23.9,59.1,0.3,-1,-1,-1
1169,125,141.7,226.2,41.4,96.0,0.5,-1,-1,-1
1169,123,97.9,219.2,55.4,128.0,0.8,-1,-1,-1
1169,121,329.2,215.7,34.2,84.3,0.7,-1,-1,-1
1169,120,345.8,217.7,35.0,84.9,0.8,-1,-1,-1
1169,117,571.7,251.6,75.8,238.0,0.6,-1,-1,-1
1170,126,541.5,229.0,24.1,59.8,0.5,-1,-1,-1
1170,125,141.2,226.8,40.6,94.0,0.5,-1,-1,-1
1170,123,96.0,219.6,55.7,129.4,0.8,-1,-1,-1
1170,121,329.7,217.1,33.9,83.6,0.8,-1,-1,-1
1170,120,346.6,217.7,35.3,85.3,0.8,-1,-1,-1
1170,117,576.0,249.8,71.1,241.8,0.5,-1,-1,-1
1171,125,141.3,226.9,40.2,92.3,0.5,-1,-1,-1
1171,123,94.7,219.5,56.7,131.7,0.8,-1,-1,-1
1171,121,332.5,216.8,34.8,85.2,0.8,-1,-1,-1
1171,120,347.4,217.5,35.3,85.7,0.7,-1,-1,-1
1172,125,143.9,227.8,39.3,91.4,0.6,-1,-1,-1
1172,123,92.2,218.0,58.0,134.4,0.8,-1,-1,-1
1172,121,334.2,217.3,35.6,86.6,0.8,-1,-1,-1
1172,120,348.5,217.5,35.1,85.6,0.7,-1,-1,-1
1173,125,138.6,228.4,39.7,91.8,0.4,-1,-1,-1
1173,123,89.5,217.1,59.3,137.8,0.8,-1,-1,-1
1173,121,336.4,216.7,36.2,87.7,0.7,-1,-1,-1
1173,120,350.6,217.5,35.0,85.1,0.6,-1,-1,-1
1174,125,136.4,228.1,39.9,92.4,0.6,-1,-1,-1
1174,123,86.3,217.2,60.8,140.4,0.8,-1,-1,-1
1174,121,337.3,216.4,36.6,88.7,0.7,-1,-1,-1
1174,120,351.8,217.5,34.9,85.1,0.6,-1,-1,-1
1175,125,135.8,228.2,40.3,92.8,0.7,-1,-1,-1
1175,123,83.1,218.3,62.0,143.4,0.8,-1,-1,-1
1175,121,339.0,215.8,36.9,89.5,0.7,-1,-1,-1
1176,125,139.3,227.7,39.7,91.7,0.6,-1,-1,-1
1176,123,80.4,219.4,62.5,145.1,0.8,-1,-1,-1
1176,121,339.6,215.7,37.2,90.2,0.7,-1,-1,-1
1177,125,140.4,228.2,39.5,91.8,0.7,-1,-1,-1
1177,123,78.6,221.6,62.9,147.8,0.8,-1,-1,-1
1177,121,340.5,216.2,37.6,90.7,0.8,-1,-1,-1
1177,120,355.7,217.8,35.9,86.1,0.7,-1,-1,-1
1178,125,140.0,229.1,39.8,92.8,0.7,-1,-1,-1
1178,123,76.2,222.3,63.4,150.1,0.8,-1,-1,-1
1178,121,341.7,216.1,37.8,91.3,0.8,-1,-1,-1
1179,128,120.9,230.7,40.2,97.1,0.6,-1,-1,-1
1179,125,139.3,229.9,40.2,94.0,0.7,-1,-1,-1
1179,123,73.2,221.9,64.5,153.2,0.8,-1,-1,-1
1179,121,342.7,215.6,38.1,91.7,0.7,-1,-1,-1
1180,128,118.9,231.3,40.6,98.4,0.6,-1,-1,-1
1180,125,138.8,230.7,40.3,94.8,0.7,-1,-1,-1
1180,123,70.1,221.2,66.2,158.0,0.8,-1,-1,-1
1180,121,343.5,215.9,38.2,92.2,0.7,-1,-1,-1
1181,128,116.2,231.3,42.2,101.5,0.7,-1,-1,-1
1181,125,138.9,231.7,40.2,95.1,0.7,-1,-1,-1
1181,123,64.1,219.5,69.6,165.3,0.8,-1,-1,-1
1181,121,344.1,216.5,38.2,92.3,0.7,-1,-1,-1
1182,128,114.4,231.1,43.6,104.1,0.7,-1,-1,-1
1182,125,138.3,232.9,40.9,96.6,0.7,-1,-1,-1
1182,123,60.6,217.8,72.6,172.1,0.8,-1,-1,-1
1182,121,346.2,217.1,37.9,92.0,0.7,-1,-1,-1
1183,128,113.2,231.9,46.1,108.3,0.7,-1,-1,-1
1183,125,138.1,233.9,42.1,99.3,0.7,-1,-1,-1
1183,123,55.0,217.1,74.9,177.7,0.9,-1,-1,-1
1183,121,347.1,217.9,37.8,91.4,0.8,-1,-1,-1
1184,128,111.8,232.0,47.9,111.6,0.7,-1,-1,-1
1184,125,137.1,234.1,43.5,102.4,0.7,-1,-1,-1
1184,123,53.6,217.6,76.0,181.2,0.9,-1,-1,-1
1184,121,348.2,217.6,38.0,92.0,0.8,-1,-1,-1
1185,128,110.2,232.3,48.8,113.4,0.7,-1,-1,-1
1185,125,135.4,233.8,45.1,105.2,0.8,-1,-1,-1
1185,123,51.8,219.4,76.7,184.5,0.9,-1,-1,-1
1185,121,349.0,217.3,38.2,92.3,0.8,-1,-1,-1
1186,128,109.4,232.8,49.5,114.8,0.7,-1,-1,-1
1186,125,135.5,233.4,45.7,107.0,0.8,-1,-1,-1
1186,123,48.6,220.3,78.6,188.9,0.8,-1,-1,-1
1186,121,349.6,217.1,38.4,92.7,0.8,-1,-1,-1
1187,128,107.1,233.4,51.1,117.4,0.7,-1,-1,-1
1187,125,134.1,233.1,47.2,110.0,0.7,-1,-1,-1
1187,123,43.6,221.0,80.7,193.2,0.8,-1,-1,-1
1187,121,350.0,217.4,38.2,92.7,0.8,-1,-1,-1
1187,120,366.4,219.4,36.6,88.8,0.8,-1,-1,-1
1188,128,103.9,233.3,51.9,119.5,0.8,-1,-1,-1
1188,125,133.0,232.9,48.8,113.3,0.7,-1,-1,-1
1188,123,38.0,222.1,82.6,197.1,0.8,-1,-1,-1
1188,121,350.8,217.5,37.9,92.3,0.8,-1,-1,-1
1188,120,367.6,219.3,36.7,89.0,0.8,-1,-1,-1
1189,128,101.0,233.8,52.3,120.9,0.8,-1,-1,-1
1189,125,131.7,232.7,49.7,115.5,0.8,-1,-1,-1
1189,123,35.3,223.2,84.1,200.8,0.8,-1,-1,-1
1189,121,351.7,217.6,37.7,92.1,0.8,-1,-1,-1
1189,120,368.5,219.3,36.9,89.4,0.8,-1,-1,-1
1190,128,98.3,234.5,52.4,121.7,0.7,-1,-1,-1
1190,125,130.4,233.5,49.9,116.3,0.8,-1,-1,-1
1190,123,32.0,221.7,85.6,204.6,0.8,-1,-1,-1
1190,121,352.7,217.5,37.6,92.2,0.8,-1,-1,-1
1190,120,370.4,219.2,36.8,89.2,0.8,-1,-1,-1
1191,128,96.1,234.6,52.9,123.1,0.8,-1,-1,-1
1191,125,129.3,234.7,50.3,117.3,0.8,-1,-1,-1
1191,123,25.5,219.4,87.9,210.5,0.8,-1,-1,-1
1191,121,353.7,218.0,37.5,91.9,0.8,-1,-1,-1
1191,120,371.9,219.5,36.9,89.0,0.8,-1,-1,-1
1192,128,93.6,234.8,53.4,124.6,0.8,-1,-1,-1
1192,125,128.1,236.1,50.8,118.5,0.8,-1,-1,-1
1192,123,19.0,219.6,90.4,216.7,0.8,-1,-1,-1
1192,121,354.7,217.9,37.4,91.9,0.8,-1,-1,-1
1192,120,373.3,220.1,36.9,88.8,0.8,-1,-1,-1
1193,128,91.6,234.8,54.0,126.4,0.8,-1,-1,-1
1193,125,126.3,237.0,51.4,120.1,0.8,-1,-1,-1
1193,123,13.9,219.5,92.9,221.9,0.8,-1,-1,-1
1193,121,355.4,218.3,37.6,92.0,0.8,-1,-1,-1
1193,120,374.2,220.8,36.9,88.7,0.8,-1,-1,-1
1194,128,87.1,235.8,55.2,129.5,0.8,-1,-1,-1
1194,125,124.4,238.0,52.3,122.5,0.8,-1,-1,-1
1194,123,5.8,219.5,94.8,229.3,0.8,-1,-1,-1
1194,121,355.9,218.6,37.6,92.3,0.8,-1,-1,-1
1194,120,375.3,220.9,37.1,89.2,0.8,-1,-1,-1
1195,128,83.7,235.8,56.0,131.9,0.8,-1,-1,-1
1195,125,123.1,237.5,52.7,124.4,0.8,-1,-1,-1
1195,123,0.5,221.4,95.6,235.3,0.8,-1,-1,-1
1195,121,356.2,219.3,37.9,92.7,0.8,-1,-1,-1
1195,120,375.7,221.4,37.3,89.8,0.8,-1,-1,-1
1196,128,80.5,236.7,56.7,133.4,0.8,-1,-1,-1
1196,125,120.8,237.5,53.5,126.6,0.8,-1,-1,-1
1196,123,-2.4,224.6,94.1,240.8,0.5,-1,-1,-1
1196,121,356.4,219.1,38.4,93.7,0.8,-1,-1,-1
1196,120,376.0,221.5,37.7,90.7,0.8,-1,-1,-1
1197,128,76.2,238.7,57.3,134.7,0.8,-1,-1,-1
1197,125,118.3,238.0,54.7,129.2,0.8,-1,-1,-1
1197,123,-4.7,229.9,90.3,242.7,0.6,-1,-1,-1
1197,121,356.6,220.0,38.5,93.9,0.8,-1,-1,-1
1197,120,376.4,221.6,38.0,91.2,0.8,-1,-1,-1
1198,128,72.0,240.6,58.7,137.1,0.8,-1,-1,-1
1198,125,115.8,238.6,55.8,132.2,0.8,-1,-1,-1
1198,123,-6.2,230.2,84.7,245.2,0.8,-1,-1,-1
1198,121,357.3,220.3,38.6,94.3,0.8,-1,-1,-1
1198,120,376.9,221.5,38.0,91.5,0.8,-1,-1,-1
1199,128,67.4,240.4,59.7,140.0,0.8,-1,-1,-1
1199,125,112.7,239.7,56.7,134.9,0.8,-1,-1,-1
1199,123,-7.9,226.8,77.6,251.3,0.8,-1,-1,-1
1199,121,358.1,220.2,38.7,94.8,0.8,-1,-1,-1
1199,120,377.5,221.6,38.3,92.3,0.8,-1,-1,-1
1200,128,64.0,240.6,60.3,141.9,0.8,-1,-1,-1
1200,125,110.4,241.4,57.9,137.7,0.8,-1,-1,-1
1200,123,-8.6,224.3,69.9,258.4,0.5,-1,-1,-1
1200,121,358.7,221.0,38.6,95.0,0.7,-1,-1,-1
1200,120,377.9,221.9,38.5,93.2,0.8,-1,-1,-1
1201,128,58.2,240.0,62.0,145.7,0.7,-1,-1,-1
1201,125,106.5,244.2,60.0,142.5,0.8,-1,-1,-1
1201,123,-9.1,231.4,61.3,259.6,0.3,-1,-1,-1
1201,121,359.1,221.2,38.8,95.7,0.7,-1,-1,-1
1201,120,378.0,221.7,39.0,94.2,0.8,-1,-1,-1
1202,128,53.3,239.4,63.7,148.7,0.7,-1,-1,-1
1202,125,103.7,244.9,61.6,146.1,0.8,-1,-1,-1
1202,121,359.7,221.1,38.8,95.9,0.7,-1,-1,-1
1202,120,378.3,221.4,39.2,94.8,0.8,-1,-1,-1
1203,128,47.6,237.4,64.9,152.8,0.8,-1,-1,-1
1203,125,100.5,244.8,62.7,149.3,0.8,-1,-1,-1
1203,121,359.9,220.7,38.9,96.2,0.8,-1,-1,-1
1203,120,379.1,221.4,39.1,95.0,0.8,-1,-1,-1
1204,128,40.4,236.6,67.2,158.1,0.8,-1,-1,-1
1204,125,96.5,243.7,64.1,152.6,0.8,-1,-1,-1
1204,121,360.3,219.5,39.4,97.2,0.8,-1,-1,-1
1204,120,379.3,220.6,39.5,95.5,0.8,-1,-1,-1
1205,128,34.2,238.6,69.0,160.9,0.7,-1,-1,-1
1205,125,93.2,243.0,65.5,156.1,0.8,-1,-1,-1
1205,121,360.4,218.9,39.6,97.6,0.8,-1,-1,-1
1205,120,380.2,220.1,39.7,95.8,0.8,-1,-1,-1
1206,128,30.0,240.8,70.0,163.0,0.7,-1,-1,-1
1206,125,90.2,242.5,67.0,160.2,0.8,-1,-1,-1
1206,121,360.8,218.2,39.9,98.4,0.8,-1,-1,-1
1206,120,381.0,219.6,39.7,96.3,0.8,-1,-1,-1
1207,128,20.7,241.3,72.4,167.6,0.5,-1,-1,-1
1207,125,84.6,242.8,68.6,164.2,0.8,-1,-1,-1
1207,121,361.5,217.2,40.4,99.5,0.8,-1,-1,-1
1207,120,382.2,219.1,39.7,96.8,0.8,-1,-1,-1
1208,128,15.9,240.4,73.8,172.6,0.6,-1,-1,-1
1208,125,81.3,242.7,69.7,167.3,0.7,-1,-1,-1
1208,121,361.8,216.8,40.7,100.3,0.8,-1,-1,-1
1208,120,382.9,218.8,39.9,97.4,0.8,-1,-1,-1
1209,128,9.4,240.5,75.8,176.8,0.6,-1,-1,-1
1209,125,76.7,243.3,70.9,171.5,0.8,-1,-1,-1
1209,121,362.6,216.3,41.1,100.9,0.8,-1,-1,-1
1209,120,383.7,219.3,39.8,97.1,0.8,-1,-1,-1
1210,128,1.7,241.6,76.2,180.9,0.7,-1,-1,-1
1210,125,69.7,244.9,72.7,175.9,0.8,-1,-1,-1
1210,121,363.2,216.0,41.2,101.3,0.8,-1,-1,-1
1210,120,384.6,219.1,40.0,97.3,0.8,-1,-1,-1
1211,128,-2.4,242.1,74.4,183.3,0.7,-1,-1,-1
1211,125,63.4,244.8,74.6,179.9,0.8,-1,-1,-1
1211,121,363.7,216.2,40.8,100.7,0.8,-1,-1,-1
1211,120,385.3,218.5,40.1,97.4,0.8,-1,-1,-1
1212,128,-4.3,239.3,72.1,187.3,0.6,-1,-1,-1
1212,125,57.8,243.6,76.5,184.1,0.8,-1,-1,-1
1212,121,364.2,216.4,40.6,100.3,0.8,-1,-1,-1
1212,120,386.0,218.0,40.3,97.7,0.8,-1,-1,-1
1213,128,-5.3,238.3,68.7,191.8,0.7,-1,-1,-1
1213,125,53.8,242.1,78.1,188.9,0.8,-1,-1,-1
1213,121,364.9,216.7,40.3,99.9,0.8,-1,-1,-1
1213,120,386.8,217.6,40.4,97.9,0.8,-1,-1,-1
1214,128,-5.9,243.5,64.4,194.9,0.7,-1,-1,-1
1214,125,48.7,241.1,80.3,194.2,0.8,-1,-1,-1
1214,121,365.6,217.1,40.2,99.2,0.8,-1,-1,-1
1214,120,388.4,218.1,40.3,97.7,0.8,-1,-1,-1
1215,128,-6.3,246.2,59.6,198.9,0.7,-1,-1,-1
1215,125,44.1,241.9,82.0,197.9,0.8,-1,-1,-1
1215,121,366.5,216.9,40.2,98.9,0.8,-1,-1,-1
1215,120,389.8,217.9,40.4,98.1,0.8,-1,-1,-1
1216,128,-6.8,253.2,54.2,208.5,0.6,-1,-1,-1
1216,125,36.8,244.0,84.8,203.6,0.8,-1,-1,-1
1216,121,367.5,217.8,40.0,98.0,0.8,-1,-1,-1
1216,120,391.7,218.1,40.4,98.2,0.8,-1,-1,-1
1217,128,-6.6,254.7,48.7,214.5,0.5,-1,-1,-1
1217,125,32.0,247.1,86.6,207.3,0.8,-1,-1,-1
1217,121,368.4,218.2,40.2,98.1,0.8,-1,-1,-1
1217,120,392.9,218.7,40.5,98.3,0.8,-1,-1,-1
1218,128,-5.8,254.9,44.0,219.7,0.6,-1,-1,-1
1218,125,26.3,248.2,89.3,213.8,0.8,-1,-1,-1
1218,121,369.2,218.5,40.3,98.2,0.8,-1,-1,-1
1218,120,394.2,219.0,40.6,98.7,0.8,-1,-1,-1
1219,128,-4.0,250.2,41.5,219.6,0.5,-1,-1,-1
1219,125,21.1,249.7,91.0,220.1,0.8,-1,-1,-1
1219,121,370.0,218.7,40.3,98.2,0.8,-1,-1,-1
1219,120,395.5,219.4,40.6,98.7,0.8,-1,-1,-1
1220,128,-1.8,247.6,41.7,225.6,0.4,-1,-1,-1
1220,125,14.2,251.1,93.2,226.8,0.8,-1,-1,-1
1220,121,370.8,218.9,40.2,98.1,0.8,-1,-1,-1
1220,120,395.8,219.1,40.8,99.3,0.8,-1,-1,-1
1221,125,6.4,252.3,95.1,230.9,0.8,-1,-1,-1
1221,121,371.7,218.2,40.5,98.7,0.8,-1,-1,-1
1221,120,396.4,218.5,40.9,99.5,0.8,-1,-1,-1
1222,125,2.0,252.9,96.0,236.3,0.8,-1,-1,-1
1222,121,373.5,218.1,41.1,99.8,0.8,-1,-1,-1
1222,120,396.9,218.0,41.2,100.2,0.8,-1,-1,-1
1223,125,-1.6,252.6,95.9,242.0,0.7,-1,-1,-1
1223,121,375.2,217.4,41.8,101.4,0.8,-1,-1,-1
1223,120,398.1,217.9,41.3,100.7,0.8,-1,-1,-1
1224,125,-3.3,253.2,94.8,247.0,0.7,-1,-1,-1
1224,121,377.3,217.8,41.7,101.6,0.8,-1,-1,-1
1224,120,399.4,218.0,41.4,101.2,0.8,-1,-1,-1
1225,125,-4.7,250.3,92.6,252.8,0.4,-1,-1,-1
1225,121,378.8,218.3,41.8,101.7,0.8,-1,-1,-1
1225,120,401.0,218.6,41.4,101.0,0.8,-1,-1,-1
1226,125,-4.9,248.3,90.3,255.8,0.4,-1,-1,-1
1226,121,379.8,218.5,41.9,101.6,0.8,-1,-1,-1
1226,120,402.2,219.0,41.4,101.1,0.8,-1,-1,-1
1227,125,-5.1,249.7,87.5,257.8,0.3,-1,-1,-1
1227,121,381.0,218.3,42.1,101.7,0.8,-1,-1,-1
1227,120,403.2,219.4,41.4,101.0,0.8,-1,-1,-1
1228,125,-5.7,252.2,83.1,259.2,0.5,-1,-1,-1
1228,121,381.4,218.1,42.3,102.0,0.8,-1,-1,-1
1228,120,404.0,219.7,41.5,101.2,0.8,-1,-1,-1
1229,125,-5.9,250.4,78.4,261.3,0.5,-1,-1,-1
1229,121,381.9,218.3,42.2,101.8,0.8,-1,-1,-1
1229,120,404.9,219.7,41.4,100.9,0.8,-1,-1,-1
1230,125,-6.5,254.3,72.6,259.6,0.7,-1,-1,-1
1230,121,382.8,219.1,42.2,101.2,0.8,-1,-1,-1
1230,120,405.5,219.8,41.3,100.8,0.8,-1,-1,-1
1231,125,-7.1,258.3,65.7,256.5,0.5,-1,-1,-1
1231,121,383.7,219.2,42.4,101.5,0.8,-1,-1,-1
1231,120,405.9,219.5,41.5,101.1,0.8,-1,-1,-1
1232,125,-6.7,259.4,59.4,254.2,0.5,-1,-1,-1
1232,121,384.6,218.9,42.8,102.6,0.8,-1,-1,-1
1232,120,406.8,219.8,41.4,100.9,0.8,-1,-1,-1
1233,125,-7.0,258.8,52.1,252.3,0.3,-1,-1,-1
1233,121,385.5,219.0,43.0,102.9,0.8,-1,-1,-1
1233,120,407.9,220.1,41.4,100.8,0.8,-1,-1,-1
1234,121,386.9,219.6,42.9,102.9,0.8,-1,-1,-1
1234,120,408.9,220.1,41.4,100.9,0.8,-1,-1,-1
1235,121,387.7,219.9,43.0,103.1,0.8,-1,-1,-1
1235,120,409.6,220.5,41.4,101.0,0.8,-1,-1,-1
1236,121,388.5,220.0,43.0,103.3,0.8,-1,-1,-1
1236,120,410.0,220.6,41.6,101.2,0.8,-1,-1,-1
1237,121,388.9,220.5,42.9,103.2,0.8,-1,-1,-1
1237,120,410.4,220.4,41.8,101.4,0.8,-1,-1,-1
1238,121,390.2,220.9,42.9,103.4,0.8,-1,-1,-1
1238,120,411.1,220.7,42.0,101.5,0.8,-1,-1,-1
1239,121,391.8,221.3,43.4,103.9,0.8,-1,-1,-1
1239,120,412.5,221.1,42.1,101.7,0.8,-1,-1,-1
1240,131,508.8,236.4,39.4,103.7,0.7,-1,-1,-1
1240,121,393.4,221.6,43.1,103.8,0.7,-1,-1,-1
1240,120,413.8,221.4,42.2,101.7,0.8,-1,-1,-1
1241,131,508.0,235.5,39.8,104.0,0.7,-1,-1,-1
1241,121,394.3,222.2,42.6,103.5,0.7,-1,-1,-1
1241,120,414.7,221.6,42.3,101.8,0.8,-1,-1,-1
1242,131,508.2,234.6,40.2,105.0,0.7,-1,-1,-1
1242,121,395.6,222.8,42.4,103.0,0.8,-1,-1,-1
1242,120,416.1,222.1,42.3,101.7,0.8,-1,-1,-1
1243,131,507.9,234.4,40.1,105.4,0.7,-1,-1,-1
1243,121,397.0,222.8,42.3,102.9,0.8,-1,-1,-1
1243,120,417.5,222.5,42.3,101.7,0.8,-1,-1,-1
1244,132,311.8,221.1,29.5,67.6,0.3,-1,-1,-1
1244,131,507.7,234.3,40.0,105.3,0.7,-1,-1,-1
1244,121,397.8,222.9,42.4,103.0,0.8,-1,-1,-1
1244,120,418.5,222.3,42.4,102.1,0.8,-1,-1,-1
1245,132,312.5,221.4,29.6,68.3,0.5,-1,-1,-1
1245,131,506.4,235.1,40.6,106.5,0.7,-1,-1,-1
1245,121,398.4,223.2,42.4,102.9,0.8,-1,-1,-1
1245,120,419.8,222.7,42.3,102.3,0.8,-1,-1,-1
1246,132,313.4,221.4,29.5,68.0,0.5,-1,-1,-1
1246,131,506.3,236.2,41.1,106.7,0.7,-1,-1,-1
1246,121,399.4,223.5,42.6,102.9,0.8,-1,-1,-1
1246,120,421.6,223.3,42.2,102.2,0.8,-1,-1,-1
1247,132,314.1,221.9,29.5,67.7,0.6,-1,-1,-1
1247,131,506.6,237.3,41.5,106.8,0.7,-1,-1,-1
1247,121,400.4,224.2,42.3,102.5,0.8,-1,-1,-1
1247,120,423.3,223.7,42.2,102.2,0.8,-1,-1,-1
1248,132,315.1,222.9,29.2,67.4,0.6,-1,-1,-1
1248,131,506.9,238.4,41.7,106.7,0.7,-1,-1,-1
1248,121,400.9,224.6,42.2,102.8,0.8,-1,-1,-1
1248,120,424.3,224.0,42.4,102.9,0.8,-1,-1,-1
1249,133,304.3,224.6,25.2,59.3,0.5,-1,-1,-1
1249,132,316.4,224.5,29.1,67.9,0.7,-1,-1,-1
1249,131,507.2,239.2,41.3,105.2,0.7,-1,-1,-1
1249,121,402.6,225.5,42.3,102.8,0.8,-1,-1,-1
1249,120,426.1,225.0,42.7,103.4,0.8,-1,-1,-1
1250,133,306.4,225.5,25.4,59.7,0.5,-1,-1,-1
1250,132,317.7,225.3,28.9,67.8,0.6,-1,-1,-1
1250,131,507.2,239.5,40.7,103.1,0.7,-1,-1,-1
1250,121,404.9,226.9,42.2,102.5,0.8,-1,-1,-1
1250,120,428.0,225.6,42.6,103.3,0.8,-1,-1,-1
1251,133,306.7,226.1,25.7,60.8,0.6,-1,-1,-1
1251,132,319.4,225.8,28.3,67.1,0.7,-1,-1,-1
1251,131,508.5,239.4,40.2,101.9,0.7,-1,-1,-1
1251,121,407.4,227.7,42.1,102.4,0.8,-1,-1,-1
1251,120,430.2,225.6,42.8,103.7,0.8,-1,-1,-1
1252,133,307.1,226.3,26.5,62.1,0.6,-1,-1,-1
1252,132,320.6,226.0,28.1,66.8,0.6,-1,-1,-1
1252,131,510.4,239.4,40.2,101.2,0.7,-1,-1,-1
1252,121,409.3,227.5,42.2,102.4,0.8,-1,-1,-1
1252,120,432.2,225.3,42.8,104.3,0.8,-1,-1,-1
1253,133,307.5,225.7,27.0,63.2,0.6,-1,-1,-1
1253,132,321.5,226.1,27.8,66.1,0.6,-1,-1,-1
1253,131,511.6,238.8,40.1,100.5,0.7,-1,-1,-1
1253,121,411.2,227.6,42.3,102.7,0.8,-1,-1,-1
1253,120,433.3,225.2,43.0,104.7,0.8,-1,-1,-1
1254,134,596.0,236.1,28.3,68.1,0.5,-1,-1,-1
1254,133,308.2,225.1,27.4,64.1,0.6,-1,-1,-1
1254,132,322.7,226.1,27.7,66.3,0.6,-1,-1,-1
1254,131,512.6,237.6,39.7,97.9,0.6,-1,-1,-1
1254,121,413.0,227.8,42.4,102.8,0.8,-1,-1,-1
1254,120,435.1,224.9,43.0,104.6,0.8,-1,-1,-1
1255,134,598.5,235.8,27.1,65.3,0.7,-1,-1,-1
1255,133,309.1,224.7,27.9,64.6,0.4,-1,-1,-1
1255,132,324.0,225.7,27.5,66.0,0.5,-1,-1,-1
1255,131,513.6,239.2,40.2,98.4,0.7,-1,-1,-1
1255,121,415.2,228.1,42.3,102.9,0.8,-1,-1,-1
1255,120,436.8,224.6,43.2,105.0,0.9,-1,-1,-1
1256,135,572.7,235.7,33.3,85.1,0.4,-1,-1,-1
1256,134,600.8,236.3,26.5,64.3,0.7,-1,-1,-1
1256,133,311.0,224.6,27.9,65.2,0.5,-1,-1,-1
1256,132,325.5,225.5,27.6,66.3,0.6,-1,-1,-1
1256,131,514.6,240.6,41.2,100.0,0.7,-1,-1,-1
1256,121,416.7,227.5,42.6,103.7,0.8,-1,-1,-1
1256,120,438.6,224.8,43.3,105.3,0.8,-1,-1,-1
1257,135,573.0,235.8,32.8,80.3,0.6,-1,-1,-1
1257,134,603.3,235.7,25.4,61.4,0.7,-1,-1,-1
1257,133,312.6,224.4,27.9,65.2,0.5,-1,-1,-1
1257,132,327.3,225.2,27.6,66.3,0.6,-1,-1,-1
1257,131,515.5,241.0,41.6,100.4,0.7,-1,-1,-1
1257,121,419.3,226.6,42.7,104.2,0.7,-1,-1,-1
1257,120,440.8,224.3,43.6,105.8,0.8,-1,-1,-1
1258,135,574.7,236.2,31.0,75.1,0.5,-1,-1,-1
1258,134,605.7,235.7,25.1,60.8,0.7,-1,-1,-1
1258,133,314.5,224.2,28.0,65.8,0.6,-1,-1,-1
1258,132,329.1,225.3,27.7,66.8,0.6,-1,-1,-1
1258,131,516.7,241.2,41.4,100.9,0.7,-1,-1,-1
1258,121,422.3,226.4,42.6,104.1,0.8,-1,-1,-1
1258,120,442.8,224.0,43.7,105.9,0.8,-1,-1,-1
1259,135,575.7,236.5,30.3,73.7,0.5,-1,-1,-1
1259,134,608.4,235.8,24.5,58.8,0.6,-1,-1,-1
1259,133,315.9,224.3,28.1,66.0,0.6,-1,-1,-1
1259,132,331.0,225.1,27.5,66.8,0.6,-1,-1,-1
1259,131,518.3,242.0,41.1,101.2,0.7,-1,-1,-1
1259,121,425.3,226.7,42.8,103.9,0.8,-1,-1,-1
1259,120,445.2,223.6,43.6,105.9,0.8,-1,-1,-1
1260,137,555.5,231.4,29.4,88.4,0.4,-1,-1,-1
1260,135,577.3,236.6,31.2,77.8,0.3,-1,-1,-1
1260,134,611.2,236.4,24.7,58.9,0.4,-1,-1,-1
1260,133,317.4,224.2,28.4,66.5,0.4,-1,-1,-1
1260,132,332.7,224.6,27.7,66.9,0.6,-1,-1,-1
1260,131,520.5,241.7,41.2,101.5,0.8,-1,-1,-1
1260,121,428.2,226.8,42.7,104.3,0.8,-1,-1,-1
1260,120,447.3,223.4,43.6,106.1,0.8,-1,-1,-1
1261,137,556.5,228.6,30.1,80.5,0.3,-1,-1,-1
1261,134,612.9,237.5,25.8,64.1,0.4,-1,-1,-1
1261,133,318.7,224.5,28.3,66.5,0.6,-1,-1,-1
1261,132,333.8,224.5,28.1,67.5,0.7,-1,-1,-1
1261,131,521.9,241.5,41.3,101.8,0.8,-1,-1,-1
1261,121,430.7,226.5,43.1,105.5,0.7,-1,-1,-1
1261,120,448.7,223.4,43.8,106.4,0.8,-1,-1,-1
1262,137,558.4,230.4,32.7,85.6,0.5,-1,-1,-1
1262,134,615.0,236.7,25.3,64.8,0.6,-1,-1,-1
1262,133,320.5,224.5,28.7,67.3,0.7,-1,-1,-1
1262,132,336.3,224.5,28.3,67.9,0.7,-1,-1,-1
1262,131,524.7,241.6,41.8,102.5,0.8,-1,-1,-1
1262,121,434.3,225.6,43.7,106.7,0.7,-1,-1,-1
1262,120,451.5,222.9,43.9,106.6,0.8,-1,-1,-1
1263,137,559.9,231.6,34.1,90.3,0.5,-1,-1,-1
1263,135,580.1,234.8,32.9,84.1,0.3,-1,-1,-1
1263,134,617.5,236.8,23.9,64.2,0.4,-1,-1,-1
1263,133,322.3,224.6,29.0,68.4,0.7,-1,-1,-1
1263,132,338.5,225.0,28.2,68.2,0.7,-1,-1,-1
1263,131,526.6,243.1,43.7,107.6,0.8,-1,-1,-1
1263,121,436.4,225.8,43.8,107.0,0.8,-1,-1,-1
1263,120,454.1,222.9,43.9,106.7,0.8,-1,-1,-1
1264,137,562.5,243.1,37.4,91.7,0.4,-1,-1,-1
1264,135,581.6,235.2,32.6,85.2,0.3,-1,-1,-1
1264,133,325.0,224.6,29.2,69.5,0.7,-1,-1,-1
1264,132,340.9,224.8,28.5,68.6,0.7,-1,-1,-1
1264,131,527.7,243.5,45.5,113.1,0.8,-1,-1,-1
1264,120,455.5,223.3,43.8,106.7,0.8,-1,-1,-1
1265,137,562.2,249.5,42.6,105.7,0.6,-1,-1,-1
1265,135,583.1,233.9,31.8,84.8,0.3,-1,-1,-1
1265,133,327.4,224.2,29.2,69.4,0.7,-1,-1,-1
1265,132,343.4,224.7,28.5,68.9,0.8,-1,-1,-1
1265,131,529.5,243.7,46.8,117.0,0.7,-1,-1,-1
1265,120,459.4,223.0,43.4,106.1,0.8,-1,-1,-1
1266,137,562.6,250.3,45.6,113.1,0.7,-1,-1,-1
1266,135,585.7,232.7,31.1,81.6,0.3,-1,-1,-1
1266,133,329.5,223.8,29.0,69.5,0.7,-1,-1,-1
1266,132,345.5,224.3,28.5,69.1,0.7,-1,-1,-1
1266,131,531.3,243.4,47.6,119.7,0.8,-1,-1,-1
1266,121,447.1,227.1,43.2,106.5,0.8,-1,-1,-1
1266,120,462.6,223.2,43.4,105.9,0.8,-1,-1,-1
1267,137,565.6,248.5,46.9,114.3,0.4,-1,-1,-1
1267,135,589.9,230.9,29.6,74.5,0.3,-1,-1,-1
1267,133,332.3,223.9,29.3,70.1,0.7,-1,-1,-1
1267,132,347.9,224.2,28.8,69.7,0.7,-1,-1,-1
1267,131,531.5,243.9,48.3,122.2,0.8,-1,-1,-1
1267,121,450.0,226.2,43.3,106.6,0.8,-1,-1,-1
1267,120,465.9,223.2,43.3,105.6,0.8,-1,-1,-1
1268,135,593.6,230.1,27.8,68.2,0.4,-1,-1,-1
1268,133,334.9,223.7,29.3,70.1,0.7,-1,-1,-1
1268,132,350.8,223.8,28.8,69.6,0.8,-1,-1,-1
1268,131,533.1,243.4,49.3,124.7,0.8,-1,-1,-1
1268,120,468.5,223.0,43.4,106.0,0.8,-1,-1,-1
1269,133,337.3,223.5,29.2,70.2,0.7,-1,-1,-1
1269,132,353.6,223.8,28.7,69.6,0.7,-1,-1,-1
1269,131,536.3,243.6,50.4,127.1,0.8,-1,-1,-1
1270,133,340.2,223.7,29.2,70.2,0.7,-1,-1,-1
1270,132,356.5,224.0,28.6,69.5,0.7,-1,-1,-1
1270,131,538.5,243.5,51.6,130.3,0.8,-1,-1,-1
1270,121,461.3,227.4,44.3,108.5,0.8,-1,-1,-1
1271,133,342.0,223.9,29.3,70.4,0.7,-1,-1,-1
1271,132,358.8,224.2,28.7,69.8,0.8,-1,-1,-1
1271,131,540.6,242.8,52.7,132.8,0.8,-1,-1,-1
1272,133,344.3,223.8,29.4,70.7,0.8,-1,-1,-1
1272,132,361.5,224.0,29.3,70.9,0.8,-1,-1,-1
1272,131,544.1,243.0,54.0,135.3,0.8,-1,-1,-1
1273,133,347.1,224.0,29.1,70.5,0.8,-1,-1,-1
1273,132,364.1,224.3,30.0,72.0,0.8,-1,-1,-1
1273,131,547.4,243.6,55.2,137.0,0.8,-1,-1,-1
1274,133,349.4,224.0,29.0,70.5,0.7,-1,-1,-1
1274,132,367.4,224.4,30.3,72.6,0.8,-1,-1,-1
1274,131,549.6,244.4,55.7,138.3,0.8,-1,-1,-1
1274,120,486.0,224.8,44.2,108.6,0.8,-1,-1,-1
1275,133,351.2,224.3,29.2,71.0,0.8,-1,-1,-1
1275,132,370.5,223.9,30.7,73.3,0.8,-1,-1,-1
1275,131,554.1,244.5,57.1,141.4,0.8,-1,-1,-1
1275,120,490.7,225.0,43.7,107.9,0.8,-1,-1,-1
1276,133,353.0,224.1,29.1,71.3,0.8,-1,-1,-1
1276,132,372.1,223.9,31.0,74.0,0.8,-1,-1,-1
1276,131,557.2,243.8,58.1,143.6,0.8,-1,-1,-1
1277,133,355.1,224.3,29.1,71.4,0.8,-1,-1,-1
1277,132,375.2,224.5,31.3,74.7,0.8,-1,-1,-1
1277,131,559.7,244.3,58.9,145.0,0.8,-1,-1,-1
1277,121,484.1,227.6,45.6,111.0,0.8,-1,-1,-1
1278,133,358.1,224.7,29.6,72.2,0.8,-1,-1,-1
1278,132,377.4,224.2,31.8,75.8,0.8,-1,-1,-1
1278,131,561.3,246.0,59.1,144.6,0.8,-1,-1,-1
1279,133,359.6,224.6,30.0,72.8,0.8,-1,-1,-1
1279,132,378.9,223.8,32.2,76.3,0.8,-1,-1,-1
1279,131,567.0,245.4,60.3,147.9,0.8,-1,-1,-1
1280,133,361.1,224.6,30.3,73.6,0.8,-1,-1,-1
1280,132,381.6,224.1,32.2,76.5,0.8,-1,-1,-1
1280,131,571.1,246.8,61.2,150.5,0.8,-1,-1,-1
1281,133,362.6,224.5,30.2,73.7,0.8,-1,-1,-1
1281,132,384.7,223.9,32.2,76.8,0.8,-1,-1,-1
1281,131,573.9,248.0,62.0,153.2,0.8,-1,-1,-1
1282,133,364.7,224.4,30.6,74.1,0.8,-1,-1,-1
1282,132,386.7,223.5,32.3,77.3,0.8,-1,-1,-1
1282,131,576.8,246.5,61.9,156.3,0.8,-1,-1,-1
1283,133,366.6,224.3,31.0,74.9,0.8,-1,-1,-1
1283,132,388.2,223.5,32.5,77.6,0.8,-1,-1,-1
1283,131,579.3,247.2,61.1,158.0,0.8,-1,-1,-1
1283,120,510.7,224.7,45.5,112.7,0.8,-1,-1,-1
1284,133,368.1,224.2,31.4,75.7,0.8,-1,-1,-1
1284,132,390.1,223.4,32.8,78.1,0.8,-1,-1,-1
1284,131,582.2,247.6,60.1,160.4,0.8,-1,-1,-1
1284,120,512.5,224.9,45.8,113.4,0.8,-1,-1,-1
1285,141,600.1,232.0,36.2,96.5,0.3,-1,-1,-1
1285,133,370.1,224.4,31.7,76.3,0.8,-1,-1,-1
1285,132,392.0,223.5,33.0,78.5,0.8,-1,-1,-1
1285,131,584.8,248.4,58.4,162.9,0.8,-1,-1,-1
1285,120,513.6,225.1,46.1,113.8,0.8,-1,-1,-1
1286,141,600.2,232.4,37.7,105.9,0.3,-1,-1,-1
1286,133,372.1,224.7,31.9,76.6,0.8,-1,-1,-1
1286,132,394.1,223.5,33.0,78.7,0.8,-1,-1,-1
1286,131,587.2,249.3,56.4,165.3,0.7,-1,-1,-1
1287,133,374.1,224.9,32.1,77.0,0.8,-1,-1,-1
1287,132,396.2,223.8,33.4,79.2,0.8,-1,-1,-1
1287,131,589.4,249.7,54.2,168.7,0.7,-1,-1,-1
1287,121,510.7,225.9,47.6,114.8,0.8,-1,-1,-1
1288,133,376.2,224.8,32.3,77.5,0.8,-1,-1,-1
1288,132,398.3,224.4,33.3,79.3,0.8,-1,-1,-1
1288,131,591.7,251.5,51.9,172.0,0.7,-1,-1,-1
1289,133,378.4,225.3,32.5,77.8,0.8,-1,-1,-1
1289,132,401.1,225.2,33.1,79.1,0.8,-1,-1,-1
1289,131,594.3,252.3,49.3,175.1,0.6,-1,-1,-1
1289,120,523.2,225.0,46.8,114.8,0.8,-1,-1,-1
1290,133,380.8,225.9,32.8,78.4,0.8,-1,-1,-1
1290,132,403.2,225.4,33.1,79.3,0.8,-1,-1,-1
1290,131,595.8,247.6,47.3,182.1,0.6,-1,-1,-1
1290,120,524.6,225.6,47.4,115.8,0.8,-1,-1,-1
1291,133,382.6,226.3,33.1,78.8,0.8,-1,-1,-1
1291,132,404.8,226.1,33.3,79.3,0.8,-1,-1,-1
1291,131,597.0,246.6,45.7,188.7,0.6,-1,-1,-1
1291,120,526.7,225.7,47.5,115.9,0.8,-1,-1,-1
1292,133,384.5,226.6,33.4,79.2,0.8,-1,-1,-1
1292,132,406.3,226.6,33.6,79.9,0.8,-1,-1,-1
1292,131,599.7,243.3,43.1,195.5,0.5,-1,-1,-1
1292,120,528.1,225.9,47.6,115.9,0.8,-1,-1,-1
1293,133,386.8,227.1,33.7,79.7,0.8,-1,-1,-1
1293,132,408.6,227.6,33.7,80.1,0.8,-1,-1,-1
1293,120,529.4,226.1,48.6,117.0,0.8,-1,-1,-1
1294,133,389.1,227.4,34.0,80.4,0.8,-1,-1,-1
1294,132,410.5,227.3,33.8,80.7,0.8,-1,-1,-1
1294,120,531.8,226.5,49.1,118.2,0.8,-1,-1,-1
1295,133,390.7,228.1,34.1,80.7,0.8,-1,-1,-1
1295,132,412.3,228.2,33.8,80.8,0.8,-1,-1,-1
1295,120,532.8,227.4,49.9,119.5,0.8,-1,-1,-1
1296,133,392.2,227.8,34.3,81.1,0.8,-1,-1,-1
1296,132,413.2,228.1,34.0,81.1,0.8,-1,-1,-1
1296,120,533.2,228.3,50.6,120.7,0.8,-1,-1,-1
1297,133,393.5,228.1,34.6,81.4,0.8,-1,-1,-1
1297,132,414.5,228.8,34.1,80.9,0.8,-1,-1,-1
1297,120,534.8,228.6,51.1,121.7,0.8,-1,-1,-1
1298,133,394.7,228.4,34.8,81.8,0.8,-1,-1,-1
1298,132,415.8,229.3,34.2,81.3,0.8,-1,-1,-1
1298,120,536.8,229.0,51.6,122.5,0.8,-1,-1,-1
1299,133,396.1,228.9,35.1,82.4,0.8,-1,-1,-1
1299,132,417.5,229.3,34.5,81.7,0.8,-1,-1,-1
1299,120,539.4,229.4,51.9,122.8,0.8,-1,-1,-1
1300,133,397.3,229.1,35.2,82.5,0.8,-1,-1,-1
1300,132,419.0,229.6,34.6,81.9,0.8,-1,-1,-1
1300,120,541.2,230.2,52.2,122.6,0.8,-1,-1,-1
1301,133,398.0,229.2,35.4,82.8,0.8,-1,-1,-1
1301,132,420.2,229.7,34.6,82.2,0.8,-1,-1,-1
1301,120,543.6,230.2,52.3,122.8,0.8,-1,-1,-1
1302,133,399.0,229.4,35.3,82.9,0.8,-1,-1,-1
1302,132,421.1,230.2,34.7,82.2,0.8,-1,-1,-1
1302,120,545.6,230.2,52.1,122.4,0.8,-1,-1,-1
1303,133,399.5,229.7,35.4,83.0,0.8,-1,-1,-1
1303,132,421.8,230.5,35.0,82.6,0.8,-1,-1,-1
1303,120,546.8,230.4,52.2,122.5,0.8,-1,-1,-1
1304,133,399.6,230.0,35.6,83.5,0.8,-1,-1,-1
1304,132,422.5,230.0,35.5,84.0,0.8,-1,-1,-1
1304,120,547.1,230.7,52.5,123.2,0.8,-1,-1,-1
1305,133,398.6,230.2,35.8,84.2,0.8,-1,-1,-1
1305,132,422.2,229.5,36.2,85.4,0.8,-1,-1,-1
1305,120,544.9,233.5,51.9,121.9,0.8,-1,-1,-1
1306,133,397.9,230.4,36.1,85.3,0.8,-1,-1,-1
1306,132,422.6,229.0,36.7,87.0,0.8,-1,-1,-1
1306,120,547.9,232.0,52.1,122.8,0.8,-1,-1,-1
1307,133,396.7,230.3,36.5,86.2,0.8,-1,-1,-1
1307,132,422.6,229.3,37.2,88.2,0.8,-1,-1,-1
1307,120,548.5,231.8,52.6,124.3,0.8,-1,-1,-1
1308,133,395.6,230.9,36.6,86.4,0.8,-1,-1,-1
1308,132,422.4,229.8,37.6,88.8,0.8,-1,-1,-1
1308,120,549.0,231.4,53.3,126.2,0.8,-1,-1,-1
1309,133,394.2,230.9,37.0,87.5,0.8,-1,-1,-1
1309,132,421.8,229.5,38.2,89.9,0.8,-1,-1,-1
1309,120,548.1,232.1,53.8,127.4,0.8,-1,-1,-1
1310,133,392.6,230.8,37.3,88.6,0.8,-1,-1,-1
1310,132,421.2,230.4,38.4,90.3,0.8,-1,-1,-1
1310,120,547.3,232.2,54.3,128.6,0.8,-1,-1,-1
1311,133,391.5,231.0,37.8,89.9,0.8,-1,-1,-1
1311,132,420.1,231.1,38.5,90.7,0.8,-1,-1,-1
1311,120,546.6,232.5,54.6,129.7,0.9,-1,-1,-1
1312,133,389.2,230.8,38.2,91.0,0.8,-1,-1,-1
1312,132,418.5,231.5,38.6,90.9,0.8,-1,-1,-1
1312,120,545.1,232.4,55.2,131.1,0.9,-1,-1,-1
1313,133,386.4,229.9,38.7,91.9,0.8,-1,-1,-1
1313,132,416.7,230.6,39.0,91.9,0.8,-1,-1,-1
1313,120,542.9,232.4,55.7,132.0,0.9,-1,-1,-1
1314,133,384.2,229.4,39.1,92.7,0.8,-1,-1,-1
1314,132,415.0,230.3,39.5,92.9,0.8,-1,-1,-1
1314,120,540.4,232.3,56.2,132.9,0.9,-1,-1,-1
1315,133,382.1,228.9,39.5,93.7,0.8,-1,-1,-1
1315,132,413.2,230.2,40.0,93.8,0.8,-1,-1,-1
1315,120,536.8,231.8,56.6,134.1,0.9,-1,-1,-1
1316,133,379.8,228.8,39.9,94.7,0.8,-1,-1,-1
1316,132,411.3,229.8,40.6,95.1,0.8,-1,-1,-1
1316,120,533.6,231.9,57.0,135.0,0.9,-1,-1,-1
1317,133,377.0,228.7,40.1,95.4,0.8,-1,-1,-1
1317,132,409.4,229.9,40.8,95.8,0.8,-1,-1,-1
1317,120,530.4,231.6,57.2,135.7,0.9,-1,-1,-1
1318,133,374.2,229.0,40.4,96.6,0.8,-1,-1,-1
1318,132,407.8,229.4,41.2,96.8,0.8,-1,-1,-1
1318,120,527.5,231.6,57.4,136.6,0.9,-1,-1,-1
1319,133,371.7,229.3,40.6,96.9,0.8,-1,-1,-1
1319,132,405.6,229.8,41.4,97.4,0.8,-1,-1,-1
1319,120,524.8,231.4,57.9,137.7,0.9,-1,-1,-1
1320,133,369.2,229.6,40.9,97.5,0.8,-1,-1,-1
1320,132,403.4,229.3,41.8,98.1,0.8,-1,-1,-1
1320,120,522.0,231.4,58.5,139.2,0.9,-1,-1,-1
1321,133,367.5,229.8,41.0,97.8,0.8,-1,-1,-1
1321,132,401.9,229.6,41.9,98.2,0.8,-1,-1,-1
1321,120,519.1,231.2,59.3,140.7,0.9,-1,-1,-1
1322,133,365.4,230.2,41.2,98.6,0.8,-1,-1,-1
1322,132,400.0,229.7,42.2,99.1,0.8,-1,-1,-1
1322,120,516.2,231.7,59.6,141.6,0.9,-1,-1,-1
1323,144,479.3,230.0,15.7,37.9,0.3,-1,-1,-1
1323,133,363.3,230.2,41.6,99.7,0.9,-1,-1,-1
1323,132,398.1,230.1,42.5,100.1,0.8,-1,-1,-1
1323,120,514.0,232.9,59.7,142.3,0.9,-1,-1,-1
1324,133,360.9,230.5,41.8,100.7,0.9,-1,-1,-1
1324,132,396.1,230.9,42.9,101.4,0.8,-1,-1,-1
1324,120,511.6,233.4,60.2,143.8,0.9,-1,-1,-1
1325,133,358.6,230.9,42.2,101.5,0.8,-1,-1,-1
1325,132,394.4,231.4,43.2,102.4,0.8,-1,-1,-1
1325,120,508.9,233.5,60.6,145.0,0.9,-1,-1,-1
1326,133,356.0,231.1,42.7,102.7,0.8,-1,-1,-1
1326,132,392.6,231.0,43.5,103.6,0.8,-1,-1,-1
1326,120,506.3,234.1,61.1,146.2,0.9,-1,-1,-1
1327,144,471.0,230.4,16.0,39.0,0.5,-1,-1,-1
1327,133,353.3,231.1,43.2,103.4,0.8,-1,-1,-1
1327,132,390.6,231.0,44.1,105.0,0.8,-1,-1,-1
1327,120,503.7,234.0,61.6,147.4,0.9,-1,-1,-1
1328,144,468.6,229.9,16.2,39.4,0.3,-1,-1,-1
1328,133,349.6,231.0,43.5,104.0,0.9,-1,-1,-1
1328,132,387.5,231.2,44.8,106.5,0.8,-1,-1,-1
1328,120,499.0,233.9,61.9,148.8,0.9,-1,-1,-1
1329,144,466.3,230.1,15.9,38.8,0.3,-1,-1,-1
1329,133,346.7,231.0,43.7,104.5,0.9,-1,-1,-1
1329,132,384.5,231.0,45.4,107.4,0.8,-1,-1,-1
1329,120,494.8,233.7,62.5,150.3,0.9,-1,-1,-1
1330,144,464.2,230.6,15.7,38.3,0.3,-1,-1,-1
1330,133,344.4,231.5,44.1,105.8,0.9,-1,-1,-1
1330,132,381.4,231.4,45.9,108.5,0.9,-1,-1,-1
1330,120,491.8,234.3,63.1,152.2,0.9,-1,-1,-1
1331,144,462.1,231.0,15.9,38.6,0.4,-1,-1,-1
1331,133,341.6,231.9,44.5,107.2,0.8,-1,-1,-1
1331,132,378.7,231.4,46.4,109.9,0.8,-1,-1,-1
1331,120,489.0,234.4,64.2,154.6,0.9,-1,-1,-1
1332,144,459.5,231.5,15.8,38.5,0.5,-1,-1,-1
1332,133,337.8,232.2,45.2,108.5,0.8,-1,-1,-1
1332,132,375.8,231.3,46.9,111.2,0.8,-1,-1,-1
1332,120,486.5,234.2,65.1,156.8,0.9,-1,-1,-1
1333,144,457.5,231.5,15.6,38.1,0.3,-1,-1,-1
1333,133,334.8,232.8,45.9,110.1,0.9,-1,-1,-1
1333,132,373.3,232.2,47.2,111.9,0.8,-1,-1,-1
1333,120,483.4,234.3,65.5,158.0,0.9,-1,-1,-1
1334,144,454.9,231.8,16.0,38.9,0.5,-1,-1,-1
1334,133,331.2,233.0,46.3,111.3,0.9,-1,-1,-1
1334,132,370.5,233.0,47.5,112.7,0.8,-1,-1,-1
1334,120,479.7,234.1,65.8,158.6,0.9,-1,-1,-1
1335,144,452.2,231.9,16.4,39.8,0.7,-1,-1,-1
1335,133,327.8,233.7,46.7,112.3,0.9,-1,-1,-1
1335,132,367.1,233.3,48.4,114.1,0.8,-1,-1,-1
1335,120,475.5,234.9,66.1,159.6,0.9,-1,-1,-1
1336,144,449.9,231.8,16.8,40.3,0.5,-1,-1,-1
1336,133,323.6,234.8,47.3,114.3,0.8,-1,-1,-1
1336,132,363.7,233.9,48.9,115.0,0.8,-1,-1,-1
1336,120,471.8,236.1,66.5,160.2,0.9,-1,-1,-1
1337,144,447.4,231.5,16.8,40.3,0.3,-1,-1,-1
1337,133,319.4,234.9,47.7,115.0,0.9,-1,-1,-1
1337,132,360.0,233.1,49.6,116.5,0.8,-1,-1,-1
1337,120,466.9,238.3,67.2,160.9,0.8,-1,-1,-1
1338,144,444.2,231.6,16.8,40.3,0.5,-1,-1,-1
1338,133,314.7,235.5,48.4,116.6,0.9,-1,-1,-1
1338,132,357.2,234.3,50.0,117.6,0.8,-1,-1,-1
1338,120,462.5,241.0,67.4,160.9,0.9,-1,-1,-1
1339,144,441.1,232.0,16.8,40.3,0.3,-1,-1,-1
1339,133,309.9,236.7,48.8,117.5,0.9,-1,-1,-1
1339,132,354.4,234.8,50.7,119.2,0.8,-1,-1,-1
1339,120,457.6,243.0,67.6,161.3,0.9,-1,-1,-1
1340,144,439.2,232.2,16.8,40.4,0.5,-1,-1,-1
1340,133,306.6,237.3,49.2,118.3,0.8,-1,-1,-1
1340,132,352.4,235.4,51.1,120.2,0.8,-1,-1,-1
1340,120,452.8,246.5,67.1,160.1,0.9,-1,-1,-1
1341,144,437.2,232.2,17.0,40.8,0.4,-1,-1,-1
1341,133,302.4,237.5,49.5,119.0,0.8,-1,-1,-1
1341,132,349.7,235.1,51.6,121.5,0.8,-1,-1,-1
1341,120,448.6,243.9,68.2,163.5,0.9,-1,-1,-1
1342,133,296.7,237.1,50.0,120.2,0.9,-1,-1,-1
1342,132,346.6,235.0,52.3,122.9,0.8,-1,-1,-1
1342,120,441.7,244.0,68.6,165.9,0.9,-1,-1,-1
1343,133,291.8,235.9,50.5,121.6,0.9,-1,-1,-1
1343,132,343.7,234.1,53.0,124.3,0.8,-1,-1,-1
1343,120,435.7,244.3,69.2,167.7,0.9,-1,-1,-1
1344,133,287.8,235.5,51.2,122.9,0.8,-1,-1,-1
1344,132,341.9,233.5,53.4,125.4,0.8,-1,-1,-1
1344,120,430.8,243.0,70.2,170.2,0.8,-1,-1,-1
1345,133,283.2,234.5,51.8,124.1,0.9,-1,-1,-1
1345,132,339.7,233.4,53.5,126.1,0.8,-1,-1,-1
1345,120,425.1,242.9,71.0,171.9,0.9,-1,-1,-1
1346,133,278.2,233.7,52.7,126.1,0.9,-1,-1,-1
1346,132,337.6,232.6,54.0,127.6,0.8,-1,-1,-1
1346,120,420.4,240.4,71.9,174.9,0.9,-1,-1,-1
1347,133,274.2,232.4,53.4,127.9,0.9,-1,-1,-1
1347,132,334.9,231.4,54.5,129.0,0.8,-1,-1,-1
1347,120,415.6,237.9,72.9,178.4,0.8,-1,-1,-1
1348,133,269.0,231.3,54.1,129.6,0.9,-1,-1,-1
1348,132,331.4,229.9,55.3,130.7,0.8,-1,-1,-1
1348,120,409.1,236.7,74.0,180.3,0.8,-1,-1,-1
1349,133,264.5,230.1,54.8,130.9,0.9,-1,-1,-1
1349,132,328.5,229.7,55.7,131.9,0.8,-1,-1,-1
1349,120,403.9,239.5,74.4,180.6,0.8,-1,-1,-1
1350,133,259.4,229.3,55.3,132.5,0.9,-1,-1,-1
1350,132,324.7,228.5,56.2,132.7,0.8,-1,-1,-1
1350,120,396.5,240.6,74.7,181.7,0.8,-1,-1,-1
1351,133,254.7,228.6,55.9,133.7,0.9,-1,-1,-1
1351,132,321.6,228.5,56.4,133.6,0.8,-1,-1,-1
1351,120,389.9,243.5,74.7,182.0,0.9,-1,-1,-1
1352,133,249.9,228.2,56.5,135.1,0.9,-1,-1,-1
1352,132,318.1,228.4,57.0,134.6,0.8,-1,-1,-1
1352,120,382.9,243.3,75.1,183.5,0.9,-1,-1,-1
1353,133,245.2,227.9,57.1,136.2,0.9,-1,-1,-1
1353,132,314.6,229.0,57.2,135.3,0.8,-1,-1,-1
1353,120,375.6,245.1,75.7,184.1,0.9,-1,-1,-1
1354,133,239.5,227.9,57.6,137.6,0.9,-1,-1,-1
1354,132,309.3,228.7,57.5,136.1,0.8,-1,-1,-1
1354,120,364.5,240.1,77.1,189.0,0.8,-1,-1,-1
1355,133,231.5,226.5,58.3,139.2,0.9,-1,-1,-1
1355,132,302.1,227.8,58.1,136.9,0.8,-1,-1,-1
1355,120,350.5,235.8,78.6,194.5,0.8,-1,-1,-1
1356,133,225.2,224.8,59.0,141.3,0.8,-1,-1,-1
1356,132,295.9,226.7,59.1,138.6,0.8,-1,-1,-1
1356,120,339.3,231.6,80.3,199.7,0.8,-1,-1,-1
1357,133,219.2,223.3,59.8,143.1,0.9,-1,-1,-1
1357,132,290.4,225.7,59.1,139.4,0.8,-1,-1,-1
1357,120,328.2,228.9,82.0,204.2,0.9,-1,-1,-1
1358,133,213.0,221.4,60.3,144.5,0.9,-1,-1,-1
1358,132,284.7,224.3,59.5,140.7,0.8,-1,-1,-1
1358,120,317.6,226.4,83.0,206.5,0.8,-1,-1,-1
1359,133,206.7,219.8,61.0,146.0,0.9,-1,-1,-1
1359,132,279.0,222.9,60.0,141.7,0.8,-1,-1,-1
1359,120,306.7,225.8,84.5,209.8,0.8,-1,-1,-1
1360,133,199.1,219.2,61.5,147.3,0.9,-1,-1,-1
1360,132,270.4,221.9,61.0,144.0,0.8,-1,-1,-1
1360,120,295.3,225.3,85.9,213.1,0.8,-1,-1,-1
1361,133,191.2,218.9,62.4,149.6,0.9,-1,-1,-1
1361,132,262.8,220.9,61.9,145.4,0.8,-1,-1,-1
1361,120,281.4,228.8,87.3,215.4,0.8,-1,-1,-1
1362,133,184.8,218.8,63.1,151.2,0.9,-1,-1,-1
1362,132,254.1,221.9,62.3,147.1,0.8,-1,-1,-1
1362,120,272.4,232.9,87.7,215.7,0.8,-1,-1,-1
1363,133,176.9,218.6,63.6,152.7,0.9,-1,-1,-1
1363,132,247.7,222.6,63.6,150.1,0.8,-1,-1,-1
1363,120,259.0,226.6,89.8,221.2,0.8,-1,-1,-1
1364,146,341.1,215.0,19.7,47.7,0.7,-1,-1,-1
1364,133,169.1,219.2,64.3,154.5,0.9,-1,-1,-1
1364,132,239.4,222.3,63.2,150.7,0.7,-1,-1,-1
1364,120,244.2,223.6,91.6,226.7,0.8,-1,-1,-1
1365,146,334.7,214.6,20.3,48.8,0.5,-1,-1,-1
1365,133,160.3,219.1,65.2,156.6,0.9,-1,-1,-1
1365,120,227.4,222.1,93.3,232.7,0.8,-1,-1,-1
1366,146,329.1,214.5,20.1,48.2,0.6,-1,-1,-1
1366,133,150.9,219.6,65.8,158.4,0.9,-1,-1,-1
1366,120,211.0,221.1,94.3,236.7,0.8,-1,-1,-1
1367,146,322.7,214.6,20.0,47.8,0.6,-1,-1,-1
1367,133,141.2,219.9,66.5,160.0,0.9,-1,-1,-1
1367,120,194.2,219.8,96.3,241.2,0.8,-1,-1,-1
1368,146,315.8,214.4,20.1,48.0,0.5,-1,-1,-1
1368,133,131.9,220.0,67.7,161.6,0.9,-1,-1,-1
1368,120,178.8,219.0,97.2,243.2,0.8,-1,-1,-1
1369,146,307.3,214.4,20.1,48.1,0.5,-1,-1,-1
1369,133,120.0,220.6,68.6,163.7,0.8,-1,-1,-1
1369,120,161.0,218.5,99.5,249.5,0.8,-1,-1,-1
1370,146,297.8,214.1,20.6,49.1,0.6,-1,-1,-1
1370,133,107.2,220.1,69.8,165.9,0.9,-1,-1,-1
1370,132,185.6,222.8,64.8,158.4,0.7,-1,-1,-1
1370,120,142.2,218.7,102.3,255.5,0.8,-1,-1,-1
1371,146,289.4,213.9,20.6,49.5,0.4,-1,-1,-1
1371,133,93.6,219.5,70.8,167.9,0.8,-1,-1,-1
1371,132,171.2,221.8,67.3,163.4,0.8,-1,-1,-1
1371,120,121.3,219.4,105.7,262.6,0.8,-1,-1,-1
1372,146,279.2,213.8,20.7,49.6,0.4,-1,-1,-1
1372,133,81.0,217.9,71.0,167.6,0.8,-1,-1,-1
1372,132,156.1,220.8,69.6,167.5,0.8,-1,-1,-1
1372,120,95.3,220.1,109.3,269.3,0.7,-1,-1,-1
1373,146,270.1,213.5,20.6,49.5,0.6,-1,-1,-1
1373,133,69.1,218.2,74.9,170.7,0.5,-1,-1,-1
1373,132,141.0,221.0,71.8,171.6,0.8,-1,-1,-1
1373,120,69.0,218.3,113.2,276.3,0.7,-1,-1,-1
1374,146,261.4,213.2,20.9,50.0,0.4,-1,-1,-1
1374,132,128.5,220.9,73.1,174.9,0.8,-1,-1,-1
1374,120,50.1,216.9,117.9,283.4,0.7,-1,-1,-1
1375,146,252.0,213.4,21.0,50.4,0.6,-1,-1,-1
1375,132,113.9,220.9,74.8,178.5,0.9,-1,-1,-1
1375,120,27.0,215.0,120.1,287.9,0.7,-1,-1,-1
1376,146,242.8,213.5,20.9,50.3,0.6,-1,-1,-1
1376,132,102.0,221.3,76.3,181.7,0.8,-1,-1,-1
1376,120,7.2,213.9,122.5,293.9,0.7,-1,-1,-1
1377,146,230.1,213.4,22.1,51.5,0.4,-1,-1,-1
1377,132,90.9,223.6,77.0,182.6,0.8,-1,-1,-1
1377,120,-6.8,215.0,118.1,296.3,0.6,-1,-1,-1
1378,146,221.7,214.2,21.7,50.7,0.5,-1,-1,-1
1378,132,73.2,223.8,78.8,186.3,0.8,-1,-1,-1
1378,120,-14.6,209.8,107.5,288.7,0.7,-1,-1,-1
1379,146,212.3,214.6,21.7,51.0,0.6,-1,-1,-1
1379,132,57.8,224.4,79.9,189.2,0.8,-1,-1,-1
1379,120,-18.8,204.6,93.8,275.4,0.7,-1,-1,-1
1380,146,202.5,215.3,21.9,51.3,0.6,-1,-1,-1
1380,132,42.7,224.2,81.3,192.7,0.8,-1,-1,-1
1380,120,-18.4,211.9,81.7,270.0,0.6,-1,-1,-1
1381,146,189.6,215.1,22.0,51.8,0.7,-1,-1,-1
1381,132,24.2,223.5,82.7,197.1,0.8,-1,-1,-1
1382,146,178.3,215.0,21.9,51.7,0.4,-1,-1,-1
1382,132,8.9,223.4,83.0,201.3,0.8,-1,-1,-1
1383,146,167.2,215.8,22.1,52.1,0.7,-1,-1,-1
1383,132,-2.1,222.2,81.2,204.1,0.8,-1,-1,-1
1384,146,155.6,216.4,22.4,52.6,0.7,-1,-1,-1
1384,132,-7.7,220.7,77.2,207.1,0.8,-1,-1,-1
1385,146,146.6,216.4,22.6,53.1,0.7,-1,-1,-1
1385,132,-11.3,221.0,69.7,208.5,0.7,-1,-1,-1
1386,146,135.2,216.5,22.8,53.7,0.8,-1,-1,-1
1387,155,588.1,249.2,51.8,128.5,0.7,-1,-1,-1
1387,153,-1.5,229.2,34.7,214.3,0.4,-1,-1,-1
1387,146,121.1,216.1,22.9,54.1,0.7,-1,-1,-1
1388,155,578.7,248.7,59.3,128.9,0.7,-1,-1,-1
1389,155,571.8,248.7,62.5,129.6,0.7,-1,-1,-1
1390,155,563.2,246.4,65.1,131.6,0.8,-1,-1,-1
1390,146,84.3,212.5,23.1,55.0,0.6,-1,-1,-1
1391,155,553.6,244.8,66.5,132.5,0.8,-1,-1,-1
1391,146,71.2,212.0,23.4,55.7,0.7,-1,-1,-1
1392,155,545.9,244.5,67.3,133.0,0.8,-1,-1,-1
1392,146,58.9,211.0,23.5,56.1,0.7,-1,-1,-1
1393,155,536.1,244.3,67.5,134.0,0.8,-1,-1,-1
1394,155,526.9,244.5,68.1,135.0,0.8,-1,-1,-1
1395,155,519.4,244.6,68.0,135.6,0.8,-1,-1,-1
1395,146,16.9,210.6,25.0,59.0,0.3,-1,-1,-1
1396,155,510.6,244.7,68.1,137.1,0.8,-1,-1,-1
1397,155,501.4,245.2,68.0,137.8,0.8,-1,-1,-1
1398,155,493.9,245.9,68.0,138.6,0.8,-1,-1,-1
1399,155,486.4,245.8,67.5,139.6,0.8,-1,-1,-1
1400,155,479.0,246.2,67.6,140.6,0.8,-1,-1,-1
1401,155,471.2,247.5,67.4,140.7,0.8,-1,-1,-1
1402,155,463.2,248.3,67.9,141.4,0.8,-1,-1,-1
1403,155,453.8,249.3,68.1,141.6,0.8,-1,-1,-1
1404,155,446.2,248.6,68.7,142.8,0.8,-1,-1,-1
1405,155,437.5,247.1,68.9,144.3,0.8,-1,-1,-1
1406,155,429.2,251.1,69.0,142.8,0.8,-1,-1,-1
1407,155,420.6,250.8,69.3,143.4,0.8,-1,-1,-1
1408,155,414.5,252.6,69.4,143.0,0.8,-1,-1,-1
1409,155,407.8,249.4,70.5,146.1,0.8,-1,-1,-1
1410,155,400.9,251.4,70.2,146.6,0.8,-1,-1,-1
1411,155,391.4,253.2,70.4,147.4,0.8,-1,-1,-1
1412,155,383.4,252.3,71.3,149.5,0.8,-1,-1,-1
1413,155,375.1,253.4,71.7,150.3,0.8,-1,-1,-1
1414,155,365.1,253.9,72.0,152.1,0.8,-1,-1,-1
1415,155,353.8,256.0,72.7,153.2,0.8,-1,-1,-1
1416,155,344.0,255.2,72.9,155.5,0.8,-1,-1,-1
1417,155,333.1,256.2,73.3,157.5,0.8,-1,-1,-1
1418,155,321.9,257.9,73.8,158.5,0.8,-1,-1,-1
1419,155,309.2,258.3,74.6,160.6,0.8,-1,-1,-1
1420,155,296.9,257.0,75.4,164.4,0.8,-1,-1,-1
1421,155,285.6,256.8,76.1,167.6,0.8,-1,-1,-1
1422,155,275.5,256.7,77.1,170.4,0.8,-1,-1,-1
1423,155,264.1,259.8,77.8,171.3,0.8,-1,-1,-1
1424,155,255.2,263.3,77.5,171.3,0.8,-1,-1,-1
1425,155,244.1,262.9,78.7,173.4,0.8,-1,-1,-1
1426,155,230.9,263.7,79.6,175.5,0.8,-1,-1,-1
1427,155,218.2,260.6,80.8,180.7,0.8,-1,-1,-1
1428,155,203.8,250.7,82.1,189.6,0.8,-1,-1,-1
1429,155,190.9,245.4,83.2,197.8,0.8,-1,-1,-1
1430,155,176.7,241.8,84.2,205.5,0.7,-1,-1,-1
1431,155,162.9,240.2,83.9,211.7,0.8,-1,-1,-1
1432,155,149.0,237.3,83.8,217.9,0.8,-1,-1,-1
1433,155,133.1,239.2,84.3,221.6,0.7,-1,-1,-1
1434,155,117.7,236.7,84.5,227.5,0.7,-1,-1,-1
1435,155,104.6,235.0,84.0,233.1,0.7,-1,-1,-1
1436,155,81.9,232.3,87.9,240.9,0.6,-1,-1,-1
1437,155,63.6,230.8,89.6,246.8,0.5,-1,-1,-1
1438,155,38.4,229.3,94.7,255.1,0.6,-1,-1,-1
1439,155,23.7,229.1,96.3,261.6,0.6,-1,-1,-1
1440,155,10.4,230.4,99.5,264.9,0.5,-1,-1,-1
1441,155,-1.1,231.5,100.7,268.9,0.5,-1,-1,-1
1442,155,-8.8,232.4,95.9,270.7,0.5,-1,-1,-1
1443,155,-12.3,235.5,89.0,271.7,0.6,-1,-1,-1
1444,155,-14.1,245.0,79.7,266.2,0.6,-1,-1,-1
1445,155,-14.2,255.9,70.5,258.9,0.5,-1,-1,-1
1455,162,610.2,229.3,29.4,118.0,0.7,-1,-1,-1
1456,162,604.0,233.5,35.7,113.6,0.8,-1,-1,-1
1457,162,596.9,235.2,42.5,110.5,0.8,-1,-1,-1
1458,162,590.2,234.7,48.1,110.1,0.8,-1,-1,-1
1459,162,583.8,234.4,50.6,110.3,0.8,-1,-1,-1
1460,162,577.6,234.6,51.6,110.0,0.8,-1,-1,-1
1461,163,606.8,228.6,33.2,117.6,0.8,-1,-1,-1
1461,162,572.0,234.1,52.7,110.5,0.8,-1,-1,-1
1462,163,600.2,229.5,39.6,116.7,0.8,-1,-1,-1
1462,162,566.2,234.6,52.5,110.3,0.8,-1,-1,-1
1463,163,593.4,230.4,45.9,115.6,0.8,-1,-1,-1
1463,162,561.3,235.2,52.2,109.3,0.8,-1,-1,-1
1464,163,587.0,230.6,50.1,114.7,0.8,-1,-1,-1
1464,162,556.5,235.2,51.8,108.8,0.8,-1,-1,-1
1465,163,581.9,230.7,51.4,113.5,0.8,-1,-1,-1
1465,162,551.3,235.0,51.5,108.5,0.8,-1,-1,-1
1466,163,577.5,230.9,51.6,112.9,0.8,-1,-1,-1
1466,162,546.6,235.9,50.7,107.5,0.8,-1,-1,-1
1467,163,572.5,230.1,52.1,113.1,0.8,-1,-1,-1
1467,162,541.0,236.2,50.1,107.1,0.8,-1,-1,-1
1468,163,567.7,229.3,52.0,113.2,0.8,-1,-1,-1
1468,162,536.3,235.4,49.8,107.1,0.8,-1,-1,-1
1469,163,562.5,229.1,52.0,113.4,0.8,-1,-1,-1
1469,162,530.4,235.0,49.5,106.9,0.8,-1,-1,-1
1470,163,558.2,228.9,52.1,113.8,0.8,-1,-1,-1
1470,162,525.6,234.7,49.1,106.9,0.8,-1,-1,-1
1471,163,551.8,229.1,52.0,114.3,0.9,-1,-1,-1
1471,162,519.7,234.3,49.0,107.1,0.8,-1,-1,-1
1472,163,546.9,229.6,51.9,114.8,0.9,-1,-1,-1
1472,162,514.1,234.5,49.0,107.6,0.8,-1,-1,-1
1473,163,542.7,230.2,51.8,115.0,0.8,-1,-1,-1
1473,162,509.2,234.0,49.0,108.4,0.8,-1,-1,-1
1474,163,537.3,231.2,51.6,114.8,0.8,-1,-1,-1
1474,162,504.4,234.6,48.8,108.4,0.8,-1,-1,-1
1475,163,533.6,232.0,51.3,114.6,0.8,-1,-1,-1
1475,162,500.4,235.2,48.5,108.2,0.8,-1,-1,-1
1476,163,528.9,232.3,51.1,114.1,0.8,-1,-1,-1
1476,162,496.0,235.7,48.8,108.4,0.8,-1,-1,-1
1477,163,523.2,232.8,50.6,113.6,0.8,-1,-1,-1
1477,162,490.3,235.8,48.2,108.4,0.8,-1,-1,-1
1478,163,518.2,233.1,50.1,113.4,0.8,-1,-1,-1
1478,162,485.6,237.0,47.7,107.6,0.8,-1,-1,-1
1479,163,512.2,233.2,49.8,113.0,0.8,-1,-1,-1
1479,162,479.7,237.4,47.2,107.5,0.8,-1,-1,-1
1480,163,506.5,233.2,49.4,112.9,0.8,-1,-1,-1
1480,162,473.8,238.0,47.0,107.4,0.8,-1,-1,-1
1481,163,500.4,233.0,49.0,112.8,0.8,-1,-1,-1
1481,162,467.1,237.9,46.8,107.5,0.8,-1,-1,-1
1482,163,494.2,232.9,49.1,113.0,0.8,-1,-1,-1
1482,162,460.7,237.3,46.6,107.9,0.8,-1,-1,-1
1483,163,488.1,233.0,48.8,113.2,0.8,-1,-1,-1
1483,162,454.6,237.6,46.5,108.2,0.8,-1,-1,-1
1484,163,481.9,233.6,48.8,113.5,0.8,-1,-1,-1
1484,162,447.7,238.5,46.2,107.7,0.8,-1,-1,-1
1485,163,476.3,234.6,48.7,113.8,0.8,-1,-1,-1
1485,162,441.6,239.0,46.1,107.6,0.8,-1,-1,-1
1486,163,471.1,235.1,48.5,114.0,0.8,-1,-1,-1
1486,162,435.1,239.5,46.2,108.0,0.8,-1,-1,-1
1487,163,465.5,235.5,48.4,114.3,0.8,-1,-1,-1
1487,162,428.6,239.0,46.5,108.9,0.8,-1,-1,-1
1488,163,461.5,235.8,48.4,114.3,0.8,-1,-1,-1
1488,162,423.5,239.7,46.4,108.8,0.8,-1,-1,-1
1489,163,453.8,236.2,48.3,114.2,0.8,-1,-1,-1
1489,162,415.0,239.8,46.5,109.0,0.8,-1,-1,-1
1490,163,447.1,236.3,48.4,114.1,0.8,-1,-1,-1
1490,162,406.9,240.1,46.6,109.1,0.8,-1,-1,-1
1491,163,440.6,235.6,48.2,114.2,0.8,-1,-1,-1
1491,162,399.0,240.5,46.7,109.5,0.8,-1,-1,-1
1492,163,434.5,235.3,47.9,113.6,0.8,-1,-1,-1
1492,162,391.3,240.1,46.8,110.1,0.8,-1,-1,-1
1493,163,429.8,235.0,48.1,113.5,0.8,-1,-1,-1
1493,162,386.0,240.3,46.7,109.9,0.8,-1,-1,-1
1494,163,423.3,234.6,48.1,114.0,0.8,-1,-1,-1
1494,162,379.2,240.2,46.7,110.1,0.8,-1,-1,-1
1495,163,417.4,234.2,48.2,114.5,0.8,-1,-1,-1
1495,162,371.7,238.8,46.8,110.5,0.8,-1,-1,-1
1496,163,410.4,233.6,48.4,114.9,0.8,-1,-1,-1
1496,162,363.6,237.5,47.1,111.3,0.8,-1,-1,-1
1497,163,403.4,233.3,48.5,115.6,0.8,-1,-1,-1
1497,162,355.9,236.9,47.5,112.4,0.8,-1,-1,-1
1498,163,396.6,233.2,48.8,116.1,0.8,-1,-1,-1
1498,162,349.0,236.9,47.7,112.9,0.8,-1,-1,-1
1499,163,388.9,233.2,49.2,116.4,0.8,-1,-1,-1
1499,162,340.3,236.7,47.9,113.4,0.8,-1,-1,-1
1500,163,379.4,233.5,49.4,116.7,0.8,-1,-1,-1
1500,162,330.6,236.6,48.0,113.9,0.8,-1,-1,-1
1501,163,371.2,233.4,49.8,117.1,0.8,-1,-1,-1
1501,162,322.6,235.9,48.4,114.8,0.8,-1,-1,-1
1502,163,365.1,233.4,50.1,117.6,0.8,-1,-1,-1
1502,162,316.8,236.3,49.0,115.5,0.8,-1,-1,-1
1503,163,357.2,233.2,50.3,118.0,0.8,-1,-1,-1
1503,162,310.2,236.1,49.2,115.9,0.8,-1,-1,-1
1504,163,349.2,233.1,50.3,118.5,0.8,-1,-1,-1
1504,162,302.3,236.0,49.6,116.5,0.8,-1,-1,-1
1505,163,341.2,232.8,50.5,119.4,0.8,-1,-1,-1
1505,162,294.3,234.9,50.0,117.8,0.8,-1,-1,-1
1506,163,333.4,232.2,50.7,120.1,0.8,-1,-1,-1
1506,162,285.7,235.2,50.6,118.8,0.8,-1,-1,-1
1507,163,325.5,231.9,51.0,121.2,0.8,-1,-1,-1
1507,162,278.4,234.9,50.9,119.5,0.8,-1,-1,-1
1508,163,315.6,231.4,51.8,122.8,0.8,-1,-1,-1
1508,162,268.2,234.7,51.4,120.3,0.8,-1,-1,-1
1509,163,308.1,231.5,52.2,124.2,0.8,-1,-1,-1
1509,162,260.4,235.2,51.5,121.0,0.8,-1,-1,-1
1510,163,300.4,232.0,52.8,125.4,0.8,-1,-1,-1
1510,162,252.5,234.7,52.4,122.3,0.8,-1,-1,-1
1511,163,293.0,232.4,53.2,126.2,0.8,-1,-1,-1
1511,162,245.6,235.5,52.3,122.8,0.8,-1,-1,-1
1512,163,288.6,233.1,53.2,126.8,0.8,-1,-1,-1
1512,162,241.1,235.6,52.4,123.5,0.8,-1,-1,-1
1513,163,282.1,233.2,53.7,127.5,0.8,-1,-1,-1
1513,162,234.8,235.3,53.1,125.0,0.8,-1,-1,-1
1514,163,276.0,233.4,54.2,128.4,0.8,-1,-1,-1
1514,162,228.1,235.6,53.2,125.8,0.8,-1,-1,-1
1515,163,270.4,234.0,54.2,129.3,0.8,-1,-1,-1
1515,162,222.5,236.3,53.4,126.6,0.8,-1,-1,-1
1516,163,262.2,233.7,54.5,130.0,0.8,-1,-1,-1
1516,162,215.3,237.3,53.6,127.6,0.8,-1,-1,-1
1517,163,256.5,233.4,54.6,130.4,0.8,-1,-1,-1
1517,162,209.7,237.6,53.8,128.2,0.8,-1,-1,-1
1518,163,249.7,233.5,55.0,130.8,0.8,-1,-1,-1
1518,162,204.4,237.4,54.5,129.6,0.8,-1,-1,-1
1519,163,245.5,234.0,54.1,130.3,0.8,-1,-1,-1
1519,162,199.0,237.2,54.7,130.7,0.8,-1,-1,-1
1520,163,239.2,233.9,54.7,132.1,0.8,-1,-1,-1
1520,162,193.1,236.2,54.9,132.6,0.8,-1,-1,-1
1521,163,233.7,233.8,55.3,133.4,0.8,-1,-1,-1
1521,162,187.7,235.5,55.7,133.5,0.8,-1,-1,-1
1522,163,228.5,233.3,56.3,135.2,0.8,-1,-1,-1
1522,162,182.6,235.5,56.2,133.9,0.8,-1,-1,-1
1523,163,223.7,233.3,57.2,136.6,0.8,-1,-1,-1
1523,162,179.5,235.8,55.6,133.4,0.8,-1,-1,-1
1524,163,220.2,233.4,57.9,137.8,0.8,-1,-1,-1
1524,162,176.1,235.6,55.4,133.9,0.8,-1,-1,-1
1525,163,217.8,233.7,58.3,138.6,0.8,-1,-1,-1
1525,162,172.3,236.9,55.8,134.2,0.8,-1,-1,-1
1526,163,215.5,234.4,58.6,139.1,0.8,-1,-1,-1
1526,162,168.7,237.5,56.4,134.8,0.8,-1,-1,-1
1527,163,213.0,235.3,58.6,139.8,0.8,-1,-1,-1
1527,162,166.5,239.1,56.8,135.1,0.8,-1,-1,-1
1528,163,208.7,236.0,59.1,141.2,0.9,-1,-1,-1
1528,162,162.6,239.9,56.8,136.1,0.8,-1,-1,-1
1529,163,204.1,236.6,59.9,142.3,0.8,-1,-1,-1
1529,162,157.8,239.5,57.7,138.5,0.8,-1,-1,-1
1530,163,198.6,236.6,60.7,144.0,0.8,-1,-1,-1
1530,162,152.2,241.0,58.6,139.5,0.8,-1,-1,-1
1531,163,195.1,236.3,61.2,145.3,0.8,-1,-1,-1
1531,162,148.1,242.7,59.1,140.0,0.8,-1,-1,-1
1532,163,191.7,236.5,61.7,146.6,0.9,-1,-1,-1
1532,162,143.2,242.1,60.0,141.8,0.8,-1,-1,-1
1533,163,189.0,236.0,62.3,148.0,0.8,-1,-1,-1
1533,162,138.7,240.8,60.8,143.8,0.8,-1,-1,-1
1534,163,185.9,235.5,63.2,149.6,0.8,-1,-1,-1
1534,162,134.0,238.3,62.3,146.8,0.8,-1,-1,-1
1535,163,182.0,235.6,64.3,151.5,0.8,-1,-1,-1
1535,162,128.7,237.0,63.9,149.8,0.8,-1,-1,-1
1536,163,178.3,236.2,65.1,153.4,0.8,-1,-1,-1
1536,162,124.5,236.4,65.0,152.5,0.8,-1,-1,-1
1537,163,175.3,237.0,65.5,155.1,0.8,-1,-1,-1
1537,162,121.3,236.7,65.9,154.6,0.8,-1,-1,-1
1538,163,171.4,238.8,66.2,157.0,0.9,-1,-1,-1
1538,162,116.0,235.7,66.9,157.9,0.8,-1,-1,-1
1539,163,168.5,238.6,67.1,159.5,0.9,-1,-1,-1
1539,162,111.5,235.3,67.6,161.0,0.8,-1,-1,-1
1540,163,165.8,238.0,68.1,162.2,0.9,-1,-1,-1
1540,162,107.7,236.2,68.8,163.7,0.8,-1,-1,-1
1541,163,162.2,237.3,68.8,163.9,0.8,-1,-1,-1
1541,162,103.1,235.7,70.6,167.1,0.8,-1,-1,-1
1542,163,158.1,237.0,69.6,165.9,0.8,-1,-1,-1
1542,162,97.7,237.0,72.0,169.5,0.8,-1,-1,-1
1543,163,154.4,236.2,70.5,167.8,0.8,-1,-1,-1
1543,162,93.9,236.1,73.3,172.8,0.8,-1,-1,-1
1544,163,151.7,235.2,71.2,169.5,0.8,-1,-1,-1
1544,162,91.0,235.2,74.2,175.5,0.8,-1,-1,-1
1545,163,148.8,235.2,71.8,171.5,0.9,-1,-1,-1
1545,162,87.7,234.6,75.2,177.6,0.8,-1,-1,-1
1546,163,144.8,235.2,73.0,174.3,0.9,-1,-1,-1
1546,162,81.7,237.7,75.9,178.6,0.8,-1,-1,-1
1547,163,139.6,235.4,74.3,177.4,0.8,-1,-1,-1
1547,162,75.3,239.3,77.1,178.9,0.8,-1,-1,-1
1548,163,135.2,236.0,75.3,180.6,0.8,-1,-1,-1
1548,162,70.9,243.2,77.0,178.2,0.8,-1,-1,-1
1549,163,131.3,236.8,76.6,183.5,0.8,-1,-1,-1
1549,162,65.9,245.4,76.9,177.8,0.8,-1,-1,-1
1550,163,127.2,238.0,77.7,185.4,0.8,-1,-1,-1
1550,162,61.6,246.9,76.8,177.5,0.8,-1,-1,-1
1551,163,122.0,238.8,78.4,187.5,0.8,-1,-1,-1
1551,162,56.8,248.1,77.0,177.9,0.8,-1,-1,-1
1552,163,115.0,240.4,79.4,189.6,0.9,-1,-1,-1
1552,162,48.8,249.7,78.3,180.4,0.8,-1,-1,-1
1553,163,106.4,239.7,80.9,193.1,0.8,-1,-1,-1
1553,162,39.7,249.8,80.3,185.5,0.8,-1,-1,-1
1554,163,97.7,239.6,83.0,198.0,0.9,-1,-1,-1
1554,162,29.9,251.6,82.1,189.9,0.8,-1,-1,-1
1555,163,91.3,239.7,84.4,200.9,0.8,-1,-1,-1
1555,162,23.1,252.5,83.8,193.9,0.8,-1,-1,-1
1556,163,83.2,241.4,86.0,203.7,0.8,-1,-1,-1
1556,162,12.2,253.8,85.7,197.4,0.8,-1,-1,-1
1557,163,75.8,241.6,87.2,206.6,0.8,-1,-1,-1
1557,162,5.1,254.2,87.6,201.8,0.8,-1,-1,-1
1558,163,70.1,241.6,88.0,210.3,0.8,-1,-1,-1
1558,162,-0.4,254.7,87.9,204.3,0.8,-1,-1,-1
1559,163,63.6,242.8,88.8,214.1,0.8,-1,-1,-1
1559,162,-3.5,254.1,86.6,206.2,0.8,-1,-1,-1
1560,163,54.3,243.4,90.4,219.4,0.8,-1,-1,-1
1560,162,-5.7,254.9,83.2,207.7,0.8,-1,-1,-1
1561,163,41.0,243.7,93.9,225.6,0.8,-1,-1,-1
1561,162,-7.2,248.8,78.1,212.1,0.6,-1,-1,-1
1562,163,31.0,244.9,96.3,229.9,0.8,-1,-1,-1
1562,162,-8.2,252.7,71.9,213.5,0.5,-1,-1,-1
1563,163,23.8,246.2,98.5,234.9,0.8,-1,-1,-1
1563,162,-9.1,254.7,64.5,214.4,0.5,-1,-1,-1
1564,163,14.8,246.2,100.7,240.4,0.8,-1,-1,-1
1564,162,-7.7,250.3,59.9,218.9,0.5,-1,-1,-1
1565,163,6.1,249.0,102.4,243.6,0.8,-1,-1,-1
1565,162,-6.4,251.2,56.7,227.9,0.5,-1,-1,-1
1566,163,-0.8,250.5,103.0,246.9,0.8,-1,-1,-1
1567,163,-4.2,251.7,102.0,249.8,0.7,-1,-1,-1
1568,163,-6.4,251.0,98.6,252.1,0.7,-1,-1,-1
1569,163,-7.7,252.1,93.9,252.9,0.7,-1,-1,-1
1570,163,-7.6,251.9,88.8,254.9,0.6,-1,-1,-1
1571,163,-7.8,250.9,83.3,257.3,0.5,-1,-1,-1
1572,163,-9.7,250.5,74.7,257.6,0.5,-1,-1,-1
1573,163,-9.5,250.5,66.9,256.3,0.5,-1,-1,-1
1574,163,-9.5,255.2,58.6,253.0,0.4,-1,-1,-1
1581,167,51.0,230.8,40.9,92.7,0.7,-1,-1,-1
1582,167,49.1,228.9,41.8,95.7,0.8,-1,-1,-1
1583,167,47.8,233.1,40.8,93.6,0.6,-1,-1,-1
1593,170,12.7,228.1,30.4,69.1,0.4,-1,-1,-1
1594,170,10.9,227.4,31.1,69.8,0.3,-1,-1,-1
1620,171,62.8,218.9,24.9,53.8,0.3,-1,-1,-1
1623,171,56.1,218.4,26.2,55.3,0.4,-1,-1,-1
1624,171,55.0,219.4,25.9,54.5,0.5,-1,-1,-1
1625,171,53.6,220.9,26.0,54.5,0.3,-1,-1,-1
1626,171,50.5,222.0,26.7,55.1,0.4,-1,-1,-1
1627,171,47.6,223.2,27.0,56.4,0.4,-1,-1,-1
1628,171,45.1,223.3,26.7,56.6,0.5,-1,-1,-1
1632,171,28.6,225.7,27.8,60.9,0.4,-1,-1,-1
1681,175,317.8,217.2,18.5,43.3,0.4,-1,-1,-1
1682,175,318.7,217.7,18.5,43.4,0.5,-1,-1,-1
1683,175,317.8,213.8,20.7,46.8,0.5,-1,-1,-1
1684,175,316.7,211.1,22.1,49.6,0.6,-1,-1,-1
1685,175,316.8,213.9,21.0,48.1,0.6,-1,-1,-1
1686,175,316.4,213.4,21.5,48.3,0.6,-1,-1,-1
1687,176,329.7,214.7,18.1,44.5,0.5,-1,-1,-1
1687,175,316.0,212.9,21.6,48.3,0.7,-1,-1,-1
1688,176,329.3,213.8,18.7,45.6,0.5,-1,-1,-1
1688,175,315.4,211.9,22.0,48.7,0.7,-1,-1,-1
1689,176,329.2,213.8,18.5,45.4,0.4,-1,-1,-1
1689,175,315.0,212.4,22.1,48.5,0.6,-1,-1,-1
1690,176,329.7,215.0,18.0,45.0,0.4,-1,-1,-1
1690,175,315.3,213.6,21.7,48.3,0.6,-1,-1,-1
1691,176,330.3,215.4,17.9,44.9,0.3,-1,-1,-1
1691,175,315.7,213.4,21.9,48.3,0.6,-1,-1,-1
1692,176,331.0,215.8,18.6,46.7,0.3,-1,-1,-1
1692,175,316.2,214.1,21.7,48.2,0.7,-1,-1,-1
1693,176,331.3,215.9,19.2,48.2,0.4,-1,-1,-1
1693,175,316.3,213.9,22.0,49.0,0.6,-1,-1,-1
1694,176,331.7,216.5,19.4,49.0,0.4,-1,-1,-1
1694,175,316.2,215.5,21.8,48.9,0.7,-1,-1,-1
1695,176,331.9,217.4,19.7,49.7,0.3,-1,-1,-1
1695,175,316.3,217.2,21.9,49.2,0.7,-1,-1,-1
1696,175,316.9,219.8,21.9,49.3,0.7,-1,-1,-1
1697,175,317.1,221.6,22.1,50.0,0.7,-1,-1,-1
1698,176,333.7,222.8,19.6,49.8,0.5,-1,-1,-1
1698,175,317.2,223.1,22.4,50.7,0.7,-1,-1,-1
1699,176,334.2,224.5,19.6,49.6,0.5,-1,-1,-1
1699,175,317.0,224.0,22.6,51.2,0.8,-1,-1,-1
1700,176,334.9,225.8,19.7,49.4,0.6,-1,-1,-1
1700,175,317.1,224.4,22.9,51.8,0.8,-1,-1,-1
1701,176,335.8,226.1,19.9,49.5,0.6,-1,-1,-1
1701,175,317.4,223.4,23.4,52.7,0.8,-1,-1,-1
1702,176,337.7,224.7,20.2,50.1,0.6,-1,-1,-1
1702,175,318.6,221.2,23.5,53.4,0.8,-1,-1,-1
1703,176,339.5,223.0,20.3,50.6,0.7,-1,-1,-1
1703,175,320.1,218.7,23.7,54.1,0.8,-1,-1,-1
1704,176,341.0,220.8,21.0,51.7,0.7,-1,-1,-1
1704,175,321.2,217.6,23.6,54.4,0.8,-1,-1,-1
1705,176,341.8,219.9,20.9,51.6,0.7,-1,-1,-1
1705,175,322.2,216.6,23.6,54.7,0.8,-1,-1,-1
1706,176,343.7,218.9,21.7,53.1,0.7,-1,-1,-1
1706,175,323.0,216.3,23.7,55.0,0.8,-1,-1,-1
1707,176,344.4,219.1,21.5,52.9,0.7,-1,-1,-1
1707,175,323.8,216.4,23.9,55.6,0.8,-1,-1,-1
1708,176,346.0,218.7,22.1,54.2,0.7,-1,-1,-1
1708,175,324.8,216.9,24.2,56.6,0.8,-1,-1,-1
1709,176,346.6,219.6,21.9,53.9,0.8,-1,-1,-1
1709,175,325.9,217.1,24.5,57.5,0.8,-1,-1,-1
1710,176,348.0,220.3,21.9,54.0,0.8,-1,-1,-1
1710,175,326.7,216.9,25.0,58.7,0.8,-1,-1,-1
1711,176,350.0,219.8,22.6,55.5,0.8,-1,-1,-1
1711,175,328.0,217.0,25.2,59.2,0.8,-1,-1,-1
1712,176,351.6,219.1,23.2,56.6,0.8,-1,-1,-1
1712,175,328.9,217.0,25.6,60.0,0.8,-1,-1,-1
1713,176,352.6,219.4,23.0,56.5,0.7,-1,-1,-1
1713,175,330.4,216.6,26.0,60.6,0.8,-1,-1,-1
1714,176,355.0,218.7,23.7,57.6,0.8,-1,-1,-1
1714,175,331.7,216.8,25.9,60.7,0.8,-1,-1,-1
1715,176,356.8,218.9,24.4,58.5,0.8,-1,-1,-1
1715,175,333.1,216.7,26.1,61.2,0.8,-1,-1,-1
1716,176,358.7,219.7,24.9,59.5,0.8,-1,-1,-1
1716,175,334.8,217.0,26.4,62.0,0.8,-1,-1,-1
1717,176,360.4,219.9,25.3,60.1,0.8,-1,-1,-1
1717,175,335.9,216.9,26.7,62.8,0.8,-1,-1,-1
1718,176,362.2,220.4,25.8,61.2,0.8,-1,-1,-1
1718,175,337.2,217.5,27.1,64.0,0.8,-1,-1,-1
1719,176,363.9,220.8,26.2,62.2,0.8,-1,-1,-1
1719,175,338.8,217.7,27.4,64.9,0.8,-1,-1,-1
1720,176,365.9,220.7,26.9,63.5,0.8,-1,-1,-1
1720,175,340.3,217.8,27.6,65.5,0.8,-1,-1,-1
1721,177,306.6,216.8,12.2,30.4,0.6,-1,-1,-1
1721,176,368.1,220.0,27.4,64.8,0.8,-1,-1,-1
1721,175,342.4,217.0,28.1,66.5,0.8,-1,-1,-1
1722,177,307.7,216.3,12.4,30.4,0.6,-1,-1,-1
1722,176,369.9,219.1,27.7,65.5,0.8,-1,-1,-1
1722,175,344.4,216.9,28.4,67.1,0.8,-1,-1,-1
1723,177,308.7,216.0,12.6,30.6,0.4,-1,-1,-1
1723,176,371.7,219.0,27.8,66.1,0.8,-1,-1,-1
1723,175,346.6,216.8,28.6,67.7,0.8,-1,-1,-1
1724,176,374.4,219.0,28.2,66.9,0.8,-1,-1,-1
1724,175,348.7,216.3,29.0,68.5,0.8,-1,-1,-1
1725,176,376.4,218.8,28.8,68.1,0.8,-1,-1,-1
1725,175,350.7,216.0,29.4,69.6,0.9,-1,-1,-1
1726,177,313.9,216.1,12.9,31.5,0.3,-1,-1,-1
1726,176,379.1,219.8,29.2,68.8,0.8,-1,-1,-1
1726,175,352.9,216.4,29.8,70.4,0.8,-1,-1,-1
1727,177,314.9,216.1,12.9,31.8,0.4,-1,-1,-1
1727,176,381.2,220.7,29.5,69.3,0.8,-1,-1,-1
1727,175,354.9,217.1,30.2,71.3,0.8,-1,-1,-1
1728,177,316.1,216.8,13.4,32.4,0.3,-1,-1,-1
1728,176,383.9,221.7,29.8,70.0,0.8,-1,-1,-1
1728,175,357.5,218.3,31.0,72.9,0.8,-1,-1,-1
1729,177,317.4,217.4,13.7,33.3,0.4,-1,-1,-1
1729,176,386.4,223.0,29.9,70.6,0.8,-1,-1,-1
1729,175,360.0,218.9,31.5,73.8,0.8,-1,-1,-1
1730,177,319.3,218.2,13.5,33.0,0.5,-1,-1,-1
1730,176,388.7,223.5,30.1,71.2,0.8,-1,-1,-1
1730,175,362.3,220.0,31.8,74.5,0.8,-1,-1,-1
1731,177,320.9,218.5,13.3,32.8,0.3,-1,-1,-1
1731,176,391.1,223.5,30.4,72.1,0.8,-1,-1,-1
1731,175,365.0,219.7,32.1,75.7,0.8,-1,-1,-1
1732,177,322.0,218.4,13.5,33.4,0.5,-1,-1,-1
1732,176,392.6,223.1,30.9,73.1,0.8,-1,-1,-1
1732,175,366.4,219.7,32.6,76.8,0.8,-1,-1,-1
1733,177,322.8,217.6,13.7,33.6,0.6,-1,-1,-1
1733,176,394.6,222.2,31.2,74.3,0.8,-1,-1,-1
1733,175,367.8,219.4,32.9,77.7,0.8,-1,-1,-1
1734,177,323.4,217.1,13.8,33.8,0.5,-1,-1,-1
1734,176,396.8,221.3,31.7,75.4,0.8,-1,-1,-1
1734,175,369.5,218.5,33.2,78.7,0.8,-1,-1,-1
1735,176,398.8,220.2,32.2,76.7,0.8,-1,-1,-1
1735,175,371.6,217.5,33.5,79.8,0.8,-1,-1,-1
1736,176,401.0,220.0,32.4,77.4,0.8,-1,-1,-1
1736,175,373.3,216.8,33.7,80.6,0.9,-1,-1,-1
1737,176,402.9,220.0,32.4,78.1,0.8,-1,-1,-1
1737,175,375.6,216.4,33.7,81.1,0.8,-1,-1,-1
1738,176,405.5,219.9,32.8,79.1,0.8,-1,-1,-1
1738,175,378.1,216.3,34.0,81.8,0.8,-1,-1,-1
1739,176,409.0,220.4,33.3,80.2,0.8,-1,-1,-1
1739,175,381.0,216.6,34.5,83.0,0.9,-1,-1,-1
1740,176,411.5,220.4,34.0,81.8,0.8,-1,-1,-1
1740,175,383.8,217.3,34.9,84.0,0.8,-1,-1,-1
1741,177,329.0,214.0,13.9,33.9,0.4,-1,-1,-1
1741,176,414.4,221.1,34.8,83.5,0.8,-1,-1,-1
1741,175,387.0,218.8,35.1,84.5,0.8,-1,-1,-1
1742,177,329.4,215.0,14.4,35.2,0.7,-1,-1,-1
1742,176,416.7,221.7,35.5,85.4,0.8,-1,-1,-1
1742,175,389.6,220.7,35.4,85.4,0.9,-1,-1,-1
1743,177,329.8,215.4,14.7,36.2,0.6,-1,-1,-1
1743,176,419.3,221.9,35.8,86.6,0.8,-1,-1,-1
1743,175,392.4,221.6,35.7,86.4,0.8,-1,-1,-1
1744,177,330.6,215.8,14.8,36.4,0.6,-1,-1,-1
1744,176,421.6,222.2,36.4,88.0,0.8,-1,-1,-1
1744,175,395.0,221.8,36.4,87.9,0.9,-1,-1,-1
1745,177,331.1,215.7,14.9,36.7,0.7,-1,-1,-1
1745,176,423.5,221.5,36.8,89.0,0.8,-1,-1,-1
1745,175,397.5,221.4,36.7,88.9,0.9,-1,-1,-1
1746,177,332.1,215.1,14.8,36.6,0.6,-1,-1,-1
1746,176,426.2,221.8,37.2,89.8,0.8,-1,-1,-1
1746,175,400.7,221.2,37.2,89.9,0.8,-1,-1,-1
1747,177,333.1,216.1,14.8,36.6,0.5,-1,-1,-1
1747,176,429.2,224.2,37.7,90.8,0.8,-1,-1,-1
1747,175,403.6,222.6,37.8,91.4,0.8,-1,-1,-1
1748,176,432.2,230.0,38.3,92.4,0.8,-1,-1,-1
1748,175,406.9,228.5,38.7,93.2,0.8,-1,-1,-1
1749,176,434.8,236.3,39.4,94.6,0.8,-1,-1,-1
1749,175,409.5,234.5,39.6,95.3,0.8,-1,-1,-1
1750,176,437.7,243.3,39.8,95.8,0.8,-1,-1,-1
1750,175,412.3,241.1,40.6,97.5,0.8,-1,-1,-1
1751,177,337.0,238.2,14.9,37.0,0.3,-1,-1,-1
1751,176,439.8,248.9,40.2,96.5,0.8,-1,-1,-1
1751,175,414.6,247.2,41.1,98.8,0.8,-1,-1,-1
1752,177,338.0,244.3,14.8,36.6,0.6,-1,-1,-1
1752,176,442.7,254.0,40.5,97.2,0.8,-1,-1,-1
1752,175,417.4,252.9,41.8,100.2,0.8,-1,-1,-1
1753,177,338.8,248.8,14.8,36.6,0.7,-1,-1,-1
1753,176,445.6,258.0,41.0,99.1,0.8,-1,-1,-1
1753,175,420.3,257.3,42.4,102.4,0.8,-1,-1,-1
1754,177,339.5,252.0,14.8,36.7,0.6,-1,-1,-1
1754,176,448.3,259.5,41.7,100.8,0.8,-1,-1,-1
1754,175,423.0,259.3,43.1,104.4,0.9,-1,-1,-1
1755,179,392.7,255.3,18.2,44.1,0.4,-1,-1,-1
1755,177,340.4,252.9,15.0,37.2,0.7,-1,-1,-1
1755,176,452.4,260.4,42.2,102.3,0.9,-1,-1,-1
1755,175,427.1,259.5,43.9,106.1,0.8,-1,-1,-1
1756,179,395.5,258.6,15.8,39.8,0.3,-1,-1,-1
1756,177,341.0,252.2,15.1,37.3,0.6,-1,-1,-1
1756,176,455.4,260.2,42.8,103.5,0.9,-1,-1,-1
1756,175,429.4,258.4,44.7,107.8,0.9,-1,-1,-1
1757,179,398.1,257.8,14.0,35.3,0.4,-1,-1,-1
1757,177,341.8,250.5,15.1,37.2,0.4,-1,-1,-1
1757,176,459.6,258.5,43.5,104.9,0.8,-1,-1,-1
1757,175,432.6,255.9,45.5,109.7,0.8,-1,-1,-1
1758,179,399.0,255.8,14.1,35.5,0.7,-1,-1,-1
1758,177,342.3,248.6,15.4,37.9,0.6,-1,-1,-1
1758,176,463.7,256.1,44.2,106.6,0.8,-1,-1,-1
1758,175,436.2,253.1,46.2,111.5,0.8,-1,-1,-1
1759,179,400.0,252.2,14.5,36.8,0.6,-1,-1,-1
1759,177,343.0,245.6,15.7,38.5,0.6,-1,-1,-1
1759,176,468.2,253.6,45.4,109.2,0.9,-1,-1,-1
1759,175,440.8,250.2,46.9,113.5,0.9,-1,-1,-1
1760,179,400.0,246.2,15.5,38.6,0.6,-1,-1,-1
1760,177,343.6,241.5,15.8,38.8,0.6,-1,-1,-1
1760,176,472.1,249.8,46.6,112.3,0.9,-1,-1,-1
1760,175,444.2,246.0,47.6,115.8,0.9,-1,-1,-1
1761,179,400.8,240.9,15.7,39.4,0.5,-1,-1,-1
1761,177,343.7,236.1,16.1,39.5,0.6,-1,-1,-1
1761,176,475.3,244.2,47.8,115.3,0.8,-1,-1,-1
1761,175,447.7,240.7,48.5,118.0,0.8,-1,-1,-1
1762,179,401.4,232.5,16.1,40.0,0.7,-1,-1,-1
1762,177,344.1,227.4,16.4,40.1,0.5,-1,-1,-1
1762,176,479.5,235.9,48.6,117.6,0.8,-1,-1,-1
1762,175,451.9,233.0,49.4,121.1,0.9,-1,-1,-1
1763,179,401.0,222.3,17.9,43.0,0.7,-1,-1,-1
1763,177,345.0,220.9,16.4,40.1,0.5,-1,-1,-1
1763,176,483.5,229.1,49.4,119.2,0.9,-1,-1,-1
1763,175,456.0,227.9,50.2,122.9,0.9,-1,-1,-1
1764,179,402.3,213.0,18.8,44.5,0.7,-1,-1,-1
1764,177,345.9,211.9,16.6,40.6,0.6,-1,-1,-1
1764,176,488.7,221.4,50.8,122.7,0.8,-1,-1,-1
1764,175,462.0,220.8,51.3,125.4,0.9,-1,-1,-1
1765,179,403.1,205.2,19.6,45.8,0.6,-1,-1,-1
1765,177,346.8,203.6,17.0,41.5,0.7,-1,-1,-1
1765,176,494.6,215.2,51.5,124.6,0.8,-1,-1,-1
1765,175,468.1,214.4,52.9,129.4,0.9,-1,-1,-1
1766,179,406.2,200.7,18.7,43.5,0.6,-1,-1,-1
1766,177,347.8,197.1,17.0,41.7,0.7,-1,-1,-1
1766,176,500.7,212.1,52.4,127.3,0.8,-1,-1,-1
1766,175,474.7,211.0,54.2,132.4,0.9,-1,-1,-1
1767,179,407.1,199.6,19.8,45.1,0.5,-1,-1,-1
1767,177,348.5,194.4,17.1,42.0,0.7,-1,-1,-1
1767,176,505.3,212.0,53.1,130.2,0.8,-1,-1,-1
1767,175,480.4,210.3,55.4,135.8,0.8,-1,-1,-1
1768,179,407.9,200.6,20.5,45.7,0.6,-1,-1,-1
1768,177,349.3,194.2,17.2,42.1,0.7,-1,-1,-1
1768,175,485.9,212.3,57.6,139.9,0.9,-1,-1,-1
1769,179,410.5,203.7,19.4,44.3,0.7,-1,-1,-1
1769,177,351.0,196.8,17.6,42.8,0.7,-1,-1,-1
1769,175,493.6,217.7,59.3,144.2,0.8,-1,-1,-1
1770,179,412.9,208.7,20.0,45.5,0.5,-1,-1,-1
1770,177,353.3,201.7,17.7,42.9,0.8,-1,-1,-1
1770,176,526.4,223.7,53.5,128.6,0.7,-1,-1,-1
1770,175,500.7,222.9,61.9,149.3,0.9,-1,-1,-1
1771,179,415.2,213.3,19.0,43.7,0.7,-1,-1,-1
1771,177,354.9,205.5,17.5,42.5,0.7,-1,-1,-1
1771,176,533.6,228.8,54.2,130.0,0.8,-1,-1,-1
1771,175,508.1,226.6,64.4,154.3,0.8,-1,-1,-1
1772,179,417.0,216.1,18.4,42.3,0.6,-1,-1,-1
1772,177,356.0,208.2,17.6,42.7,0.7,-1,-1,-1
1772,176,540.3,232.8,54.6,129.8,0.8,-1,-1,-1
1772,175,514.3,229.5,66.7,158.2,0.9,-1,-1,-1
1773,183,328.5,209.2,24.5,53.5,0.5,-1,-1,-1
1773,179,417.5,216.8,19.5,44.2,0.7,-1,-1,-1
1773,177,356.9,210.3,17.9,43.0,0.7,-1,-1,-1
1773,175,520.6,231.8,68.6,161.9,0.8,-1,-1,-1
1774,183,329.8,209.2,24.4,52.0,0.8,-1,-1,-1
1774,179,419.2,218.2,20.2,45.7,0.7,-1,-1,-1
1774,177,358.2,212.0,18.3,43.6,0.7,-1,-1,-1
1774,175,527.6,233.7,69.8,165.9,0.8,-1,-1,-1
1775,183,330.2,209.3,24.7,52.3,0.7,-1,-1,-1
1775,179,420.3,219.4,20.5,46.2,0.7,-1,-1,-1
1775,177,359.6,212.6,18.6,44.0,0.8,-1,-1,-1
1775,175,540.4,234.4,72.2,171.6,0.8,-1,-1,-1
1776,183,330.2,210.8,24.8,51.8,0.6,-1,-1,-1
1776,179,420.4,219.7,20.8,46.4,0.7,-1,-1,-1
1776,177,360.6,212.8,18.8,44.4,0.8,-1,-1,-1
1776,175,545.0,234.0,75.0,177.8,0.8,-1,-1,-1
1777,183,329.0,213.8,26.0,55.0,0.8,-1,-1,-1
1777,179,420.5,220.7,21.3,47.2,0.7,-1,-1,-1
1777,177,361.2,214.4,18.8,44.7,0.7,-1,-1,-1
1777,175,548.7,234.4,77.1,183.9,0.7,-1,-1,-1
1778,184,174.0,214.4,23.3,54.9,0.6,-1,-1,-1
1778,183,329.6,214.5,25.3,54.3,0.8,-1,-1,-1
1778,179,420.0,222.0,21.8,48.1,0.7,-1,-1,-1
1778,177,362.1,216.3,18.6,44.8,0.8,-1,-1,-1
1778,175,552.3,234.6,79.5,190.1,0.8,-1,-1,-1
1779,183,328.2,218.9,26.6,57.0,0.8,-1,-1,-1
1779,179,419.7,225.1,22.1,48.8,0.7,-1,-1,-1
1779,177,362.7,220.0,18.4,44.5,0.8,-1,-1,-1
1779,175,557.6,235.7,81.4,195.6,0.8,-1,-1,-1
1780,183,327.9,221.1,26.3,57.3,0.8,-1,-1,-1
1780,179,419.7,227.4,22.5,49.7,0.7,-1,-1,-1
1780,177,362.6,223.6,18.2,44.5,0.8,-1,-1,-1
1780,175,562.2,238.0,81.0,201.1,0.8,-1,-1,-1
1781,184,170.0,224.1,24.5,57.1,0.5,-1,-1,-1
1781,183,328.4,222.6,23.9,54.1,0.4,-1,-1,-1
1781,179,419.7,229.7,22.9,51.0,0.7,-1,-1,-1
1781,177,362.5,226.1,18.0,44.1,0.8,-1,-1,-1
1781,175,566.6,242.1,78.8,205.7,0.8,-1,-1,-1
1782,184,169.1,225.0,24.6,57.6,0.5,-1,-1,-1
1782,183,327.8,224.4,24.3,54.9,0.8,-1,-1,-1
1782,179,419.6,231.0,23.1,51.7,0.7,-1,-1,-1
1782,177,362.2,228.5,18.3,44.6,0.8,-1,-1,-1
1782,175,571.4,245.3,75.4,210.8,0.8,-1,-1,-1
1783,183,328.0,223.9,24.3,55.0,0.7,-1,-1,-1
1783,179,420.1,231.2,23.3,52.2,0.7,-1,-1,-1
1783,177,362.3,229.1,18.4,44.9,0.8,-1,-1,-1
1783,175,579.2,249.4,69.2,214.7,0.8,-1,-1,-1
1784,183,328.9,223.5,22.7,52.8,0.3,-1,-1,-1
1784,179,421.1,230.4,23.8,52.9,0.7,-1,-1,-1
1784,177,363.0,228.3,18.7,45.5,0.8,-1,-1,-1
1784,175,586.5,254.4,62.5,215.8,0.6,-1,-1,-1
1785,183,329.7,222.0,23.3,54.2,0.7,-1,-1,-1
1785,179,422.4,229.6,24.5,54.4,0.7,-1,-1,-1
1785,177,363.8,227.3,19.0,46.2,0.8,-1,-1,-1
1785,175,596.6,246.8,53.8,222.9,0.4,-1,-1,-1
1786,184,167.4,217.0,23.2,54.4,0.3,-1,-1,-1
1786,183,330.3,220.9,22.3,53.2,0.5,-1,-1,-1
1786,179,423.1,228.3,25.0,55.8,0.8,-1,-1,-1
1786,177,364.5,226.3,19.0,46.2,0.8,-1,-1,-1
1787,184,165.7,216.9,24.5,56.8,0.3,-1,-1,-1
1787,183,330.1,220.2,23.1,54.7,0.8,-1,-1,-1
1787,179,423.6,227.8,25.3,56.3,0.8,-1,-1,-1
1787,177,364.8,225.6,19.1,46.1,0.8,-1,-1,-1
1788,184,163.2,216.0,24.5,56.9,0.5,-1,-1,-1
1788,183,328.9,219.7,23.8,56.2,0.7,-1,-1,-1
1788,179,423.4,227.9,25.5,56.7,0.8,-1,-1,-1
1788,177,364.3,225.4,19.2,46.4,0.8,-1,-1,-1
1789,183,327.0,219.5,24.0,56.4,0.7,-1,-1,-1
1789,179,422.1,228.7,25.4,56.0,0.8,-1,-1,-1
1789,177,362.6,225.0,19.3,46.6,0.8,-1,-1,-1
1790,183,324.5,219.4,24.0,56.2,0.7,-1,-1,-1
1790,179,421.2,229.0,24.9,55.0,0.7,-1,-1,-1
1790,177,360.2,225.0,19.7,47.1,0.8,-1,-1,-1
1791,183,323.4,219.5,23.0,54.7,0.7,-1,-1,-1
1791,179,420.8,229.4,24.4,54.2,0.7,-1,-1,-1
1791,177,358.1,224.9,20.2,47.9,0.8,-1,-1,-1
1792,183,320.9,220.1,23.0,54.3,0.8,-1,-1,-1
1792,179,418.7,228.7,24.8,55.1,0.8,-1,-1,-1
1792,177,355.7,224.9,20.5,48.5,0.8,-1,-1,-1
1793,183,317.4,220.1,23.5,55.2,0.8,-1,-1,-1
1793,179,416.3,228.7,24.6,54.9,0.8,-1,-1,-1
1793,177,352.5,224.5,20.8,48.9,0.8,-1,-1,-1
1794,183,314.3,219.7,24.0,55.9,0.8,-1,-1,-1
1794,179,414.0,228.2,24.4,54.7,0.7,-1,-1,-1
1794,177,348.0,222.4,21.6,50.7,0.8,-1,-1,-1
1795,183,311.0,219.8,24.0,56.0,0.8,-1,-1,-1
1795,179,410.6,228.4,24.8,55.0,0.8,-1,-1,-1
1795,177,345.7,222.9,21.6,50.5,0.8,-1,-1,-1
1796,183,307.0,219.5,24.7,57.4,0.8,-1,-1,-1
1796,179,407.0,229.0,25.0,55.6,0.7,-1,-1,-1
1796,177,341.0,221.7,22.1,51.5,0.8,-1,-1,-1
1797,183,302.6,220.0,24.8,57.7,0.7,-1,-1,-1
1797,179,404.1,230.5,24.9,55.6,0.7,-1,-1,-1
1797,177,336.8,222.3,22.6,52.1,0.8,-1,-1,-1
1798,183,298.6,221.0,25.8,59.8,0.8,-1,-1,-1
1798,179,401.2,231.1,25.2,56.6,0.7,-1,-1,-1
1798,177,332.4,222.4,23.2,53.2,0.8,-1,-1,-1
1799,183,295.0,221.6,26.1,60.6,0.8,-1,-1,-1
1799,179,398.1,232.0,25.4,57.0,0.7,-1,-1,-1
1799,177,328.9,223.1,23.7,54.2,0.8,-1,-1,-1
1800,183,290.7,223.0,26.7,61.9,0.8,-1,-1,-1
1800,179,395.0,233.3,25.8,58.4,0.7,-1,-1,-1
1800,177,325.8,224.8,24.1,55.4,0.8,-1,-1,-1
1801,183,287.1,223.7,27.5,63.6,0.8,-1,-1,-1
1801,179,392.4,233.8,25.9,59.1,0.7,-1,-1,-1
1801,177,322.5,225.4,24.7,56.5,0.8,-1,-1,-1
1802,183,283.6,224.5,28.0,64.4,0.8,-1,-1,-1
1802,179,389.5,234.2,25.6,58.7,0.8,-1,-1,-1
1802,177,319.1,226.0,24.8,56.8,0.8,-1,-1,-1
1803,183,279.2,224.2,28.4,64.9,0.7,-1,-1,-1
1803,179,386.9,234.4,25.7,58.9,0.8,-1,-1,-1
1803,177,315.0,226.0,25.4,57.6,0.8,-1,-1,-1
1804,183,276.2,224.4,28.4,64.9,0.8,-1,-1,-1
1804,179,383.8,235.0,26.1,59.6,0.8,-1,-1,-1
1804,177,313.1,227.4,24.8,57.1,0.8,-1,-1,-1
1805,183,272.4,224.4,28.3,64.5,0.8,-1,-1,-1
1805,179,381.1,235.9,26.1,59.8,0.8,-1,-1,-1
1805,177,309.3,226.3,25.2,57.8,0.8,-1,-1,-1
1806,183,269.0,224.1,28.5,65.2,0.8,-1,-1,-1
1806,179,378.2,235.3,26.5,60.7,0.8,-1,-1,-1
1806,177,305.8,225.5,25.6,58.9,0.8,-1,-1,-1
1807,183,264.3,223.0,28.8,65.9,0.8,-1,-1,-1
1807,179,375.0,234.9,26.5,60.9,0.8,-1,-1,-1
1807,177,302.5,225.4,25.6,58.9,0.8,-1,-1,-1
1808,183,260.0,221.7,28.9,66.3,0.8,-1,-1,-1
1808,179,371.8,234.9,26.5,60.7,0.8,-1,-1,-1
1808,177,298.8,224.8,26.0,59.5,0.8,-1,-1,-1
1809,183,256.0,221.4,28.9,66.3,0.8,-1,-1,-1
1809,179,369.3,234.6,26.5,61.0,0.8,-1,-1,-1
1809,177,295.0,224.9,26.3,60.0,0.8,-1,-1,-1
1810,183,250.5,221.0,29.6,67.5,0.8,-1,-1,-1
1810,179,366.1,234.0,26.4,60.8,0.8,-1,-1,-1
1810,177,290.3,224.2,26.8,61.0,0.8,-1,-1,-1
1811,183,246.4,221.1,29.7,67.9,0.8,-1,-1,-1
1811,179,363.0,233.3,26.6,61.2,0.8,-1,-1,-1
1811,177,287.2,224.0,26.9,61.6,0.8,-1,-1,-1
1812,183,242.2,221.5,29.7,68.1,0.8,-1,-1,-1
1812,179,360.4,232.6,26.7,61.6,0.8,-1,-1,-1
1812,177,283.8,225.8,26.3,60.7,0.8,-1,-1,-1
1813,183,237.6,221.8,29.9,68.6,0.8,-1,-1,-1
1813,179,357.1,233.2,26.7,61.5,0.8,-1,-1,-1
1813,177,280.6,224.9,26.6,61.5,0.8,-1,-1,-1
1814,183,233.7,221.7,30.0,69.0,0.8,-1,-1,-1
1814,179,354.3,233.3,26.9,61.8,0.8,-1,-1,-1
1814,177,276.7,225.8,26.3,61.2,0.8,-1,-1,-1
1815,183,229.3,221.5,30.2,69.7,0.8,-1,-1,-1
1815,179,350.7,233.8,27.3,62.7,0.8,-1,-1,-1
1815,177,272.9,224.7,26.8,62.4,0.8,-1,-1,-1
1816,183,224.5,221.6,30.4,70.1,0.8,-1,-1,-1
1816,179,347.0,234.0,27.5,63.1,0.8,-1,-1,-1
1816,177,268.2,225.2,26.5,62.3,0.8,-1,-1,-1
1817,183,219.3,220.5,30.6,70.7,0.8,-1,-1,-1
1817,179,343.3,234.0,27.7,63.5,0.8,-1,-1,-1
1817,177,264.2,225.8,26.3,62.2,0.8,-1,-1,-1
1818,183,215.3,220.2,30.9,71.2,0.8,-1,-1,-1
1818,179,339.9,233.5,28.1,64.1,0.7,-1,-1,-1
1818,177,259.5,224.2,27.3,63.9,0.8,-1,-1,-1
1819,183,211.4,219.8,31.2,72.2,0.8,-1,-1,-1
1819,179,336.5,233.2,28.3,64.3,0.7,-1,-1,-1
1819,177,255.9,223.3,28.1,65.6,0.8,-1,-1,-1
1820,183,207.2,219.9,31.3,72.8,0.8,-1,-1,-1
1820,179,333.5,233.1,28.5,64.9,0.8,-1,-1,-1
1820,177,252.5,223.0,28.7,67.1,0.8,-1,-1,-1
1821,183,202.6,219.4,32.0,74.3,0.8,-1,-1,-1
1821,179,331.1,233.0,28.8,65.7,0.8,-1,-1,-1
1821,177,249.8,224.1,28.3,67.0,0.8,-1,-1,-1
1822,183,199.0,218.6,32.4,75.8,0.8,-1,-1,-1
1822,179,327.8,232.4,29.2,66.4,0.8,-1,-1,-1
1822,177,246.2,223.2,29.1,68.6,0.8,-1,-1,-1
1823,183,195.4,218.5,32.9,76.9,0.8,-1,-1,-1
1823,179,325.8,232.1,29.4,67.0,0.8,-1,-1,-1
1823,177,243.2,222.8,29.6,69.7,0.8,-1,-1,-1
1824,183,191.4,218.3,33.2,77.8,0.8,-1,-1,-1
1824,179,323.3,231.7,29.7,67.4,0.8,-1,-1,-1
1824,177,239.6,221.6,30.1,71.2,0.8,-1,-1,-1
1825,183,186.8,218.0,33.6,78.8,0.8,-1,-1,-1
1825,179,319.8,230.7,30.4,69.0,0.8,-1,-1,-1
1825,177,235.9,220.9,30.8,72.5,0.8,-1,-1,-1
1826,183,182.6,217.5,34.0,80.1,0.8,-1,-1,-1
1826,179,316.5,230.1,30.9,70.0,0.8,-1,-1,-1
1826,177,232.6,220.0,31.3,73.4,0.8,-1,-1,-1
1827,183,178.6,216.6,34.8,81.8,0.8,-1,-1,-1
1827,179,314.8,230.5,31.2,70.7,0.8,-1,-1,-1
1827,177,229.7,219.3,31.7,74.0,0.8,-1,-1,-1
1828,183,174.3,215.8,35.0,82.6,0.8,-1,-1,-1
1828,179,312.3,229.7,31.7,71.7,0.8,-1,-1,-1
1828,177,226.8,219.3,31.7,74.1,0.8,-1,-1,-1
1829,183,168.5,214.4,35.7,84.1,0.8,-1,-1,-1
1829,179,309.5,228.3,32.1,72.9,0.8,-1,-1,-1
1829,177,223.5,218.4,31.6,74.2,0.8,-1,-1,-1
1830,183,163.9,212.5,36.2,85.6,0.8,-1,-1,-1
1830,179,307.3,226.7,32.3,73.4,0.8,-1,-1,-1
1830,177,219.8,219.0,31.5,74.2,0.8,-1,-1,-1
1831,183,159.9,211.2,36.6,86.7,0.8,-1,-1,-1
1831,179,305.3,226.8,32.4,73.3,0.8,-1,-1,-1
1831,177,216.4,217.4,32.0,75.4,0.8,-1,-1,-1
1832,183,156.3,210.7,36.7,87.2,0.8,-1,-1,-1
1832,179,303.0,225.8,32.6,73.7,0.8,-1,-1,-1
1832,177,213.3,216.2,32.3,75.8,0.9,-1,-1,-1
1833,183,152.2,208.9,36.8,87.8,0.8,-1,-1,-1
1833,179,300.5,223.6,33.0,75.1,0.8,-1,-1,-1
1833,177,209.7,215.3,32.9,77.3,0.8,-1,-1,-1
1834,187,430.7,214.1,21.0,48.9,0.7,-1,-1,-1
1834,183,147.3,206.9,36.9,88.1,0.8,-1,-1,-1
1834,179,297.8,221.3,33.4,76.3,0.8,-1,-1,-1
1834,177,206.3,211.7,32.8,76.7,0.8,-1,-1,-1
1835,187,429.0,212.1,22.0,51.3,0.7,-1,-1,-1
1835,183,142.1,205.0,37.1,88.9,0.8,-1,-1,-1
1835,179,294.7,219.1,33.6,77.2,0.8,-1,-1,-1
1835,177,202.5,209.6,32.6,76.0,0.8,-1,-1,-1
1836,187,427.6,209.6,22.1,52.0,0.8,-1,-1,-1
1836,183,138.3,202.4,37.8,90.6,0.8,-1,-1,-1
1836,179,292.2,217.0,34.0,78.6,0.8,-1,-1,-1
1836,177,199.5,209.3,32.9,77.2,0.8,-1,-1,-1
1837,187,425.0,207.6,24.4,56.5,0.7,-1,-1,-1
1837,183,132.8,200.1,39.0,93.3,0.8,-1,-1,-1
1837,179,288.6,214.7,34.6,79.3,0.8,-1,-1,-1
1837,177,195.1,207.5,33.1,78.1,0.8,-1,-1,-1
1838,187,424.5,206.8,24.3,56.5,0.7,-1,-1,-1
1838,183,128.7,198.4,40.0,95.9,0.8,-1,-1,-1
1838,179,286.1,213.7,35.0,80.3,0.8,-1,-1,-1
1838,177,191.8,206.7,33.6,79.7,0.8,-1,-1,-1
1839,187,424.8,207.9,24.1,56.5,0.8,-1,-1,-1
1839,183,125.1,198.2,41.0,98.5,0.8,-1,-1,-1
1839,179,283.2,213.1,35.9,81.7,0.7,-1,-1,-1
1839,177,189.0,206.9,34.3,81.6,0.8,-1,-1,-1
1840,187,425.0,210.2,24.2,57.2,0.8,-1,-1,-1
1840,183,122.4,200.1,41.9,100.8,0.9,-1,-1,-1
1840,179,281.0,215.0,36.5,82.5,0.8,-1,-1,-1
1840,177,186.6,208.8,35.7,84.8,0.8,-1,-1,-1
1841,187,425.2,214.1,24.0,57.0,0.8,-1,-1,-1
1841,183,120.2,203.4,42.4,101.8,0.8,-1,-1,-1
1841,179,278.7,217.3,37.4,84.2,0.7,-1,-1,-1
1841,177,183.7,212.2,37.2,88.2,0.9,-1,-1,-1
1842,187,425.5,219.9,24.0,56.4,0.8,-1,-1,-1
1842,183,116.8,209.2,42.8,103.2,0.8,-1,-1,-1
1842,179,277.8,222.4,37.4,84.6,0.8,-1,-1,-1
1842,177,181.0,217.3,38.4,91.0,0.8,-1,-1,-1
1843,187,425.7,224.6,23.9,56.3,0.8,-1,-1,-1
1843,183,114.9,212.3,42.7,103.6,0.8,-1,-1,-1
1843,179,276.6,227.0,37.5,85.7,0.8,-1,-1,-1
1843,177,178.3,220.3,39.3,93.2,0.8,-1,-1,-1
1844,187,426.1,229.6,24.0,56.6,0.8,-1,-1,-1
1844,183,111.5,216.0,42.6,103.2,0.8,-1,-1,-1
1844,179,274.3,229.7,38.2,87.5,0.8,-1,-1,-1
1844,177,175.0,223.0,40.1,95.6,0.8,-1,-1,-1
1845,187,426.2,232.8,24.0,56.3,0.8,-1,-1,-1
1845,183,108.1,218.1,42.5,103.5,0.8,-1,-1,-1
1845,179,272.4,231.6,38.6,88.5,0.8,-1,-1,-1
1845,177,171.9,225.4,40.8,96.8,0.8,-1,-1,-1
1846,187,426.3,234.7,23.8,56.1,0.8,-1,-1,-1
1846,183,104.1,220.0,42.4,104.2,0.8,-1,-1,-1
1846,179,271.0,232.4,38.8,89.3,0.8,-1,-1,-1
1846,177,169.7,226.8,40.8,96.4,0.8,-1,-1,-1
1847,187,425.9,236.4,23.9,56.0,0.8,-1,-1,-1
1847,183,100.6,221.5,42.7,104.7,0.7,-1,-1,-1
1847,179,269.6,234.9,39.0,89.4,0.8,-1,-1,-1
1847,177,166.7,227.7,41.0,97.2,0.8,-1,-1,-1
1848,187,425.7,238.0,24.0,56.2,0.8,-1,-1,-1
1848,183,98.2,225.5,42.8,102.5,0.3,-1,-1,-1
1848,179,268.1,235.9,39.2,89.9,0.8,-1,-1,-1
1848,177,164.3,228.0,41.9,99.9,0.8,-1,-1,-1
1849,187,426.6,239.8,24.1,56.2,0.8,-1,-1,-1
1849,179,266.9,236.7,39.3,89.9,0.8,-1,-1,-1
1849,177,161.9,228.2,42.9,102.5,0.8,-1,-1,-1
1850,187,427.1,240.9,24.2,56.1,0.8,-1,-1,-1
1850,179,265.4,236.1,39.5,90.6,0.8,-1,-1,-1
1850,177,159.3,227.9,43.9,104.8,0.8,-1,-1,-1
1851,188,318.7,228.2,13.8,33.6,0.4,-1,-1,-1
1851,187,426.9,240.7,24.4,56.6,0.8,-1,-1,-1
1851,179,263.4,235.8,39.7,90.6,0.8,-1,-1,-1
1851,177,155.7,228.3,44.5,106.7,0.8,-1,-1,-1
1852,188,315.7,226.4,14.6,36.0,0.5,-1,-1,-1
1852,187,425.5,239.3,24.7,57.4,0.8,-1,-1,-1
1852,179,260.4,232.8,40.3,92.2,0.8,-1,-1,-1
1852,177,151.5,227.6,44.2,106.1,0.8,-1,-1,-1
1853,188,313.2,223.9,14.9,36.5,0.3,-1,-1,-1
1853,187,424.0,237.2,25.2,58.5,0.8,-1,-1,-1
1853,179,257.7,231.0,40.7,93.4,0.8,-1,-1,-1
1853,177,146.2,226.3,44.7,107.7,0.8,-1,-1,-1
1854,187,422.5,234.7,25.5,59.7,0.8,-1,-1,-1
1854,179,255.0,229.2,41.1,94.4,0.8,-1,-1,-1
1854,177,141.7,225.2,45.1,108.6,0.8,-1,-1,-1
1855,187,422.0,233.0,25.8,60.7,0.8,-1,-1,-1
1855,179,253.2,228.3,41.5,95.3,0.8,-1,-1,-1
1855,177,138.8,224.4,45.6,109.9,0.8,-1,-1,-1
1856,187,422.1,231.5,26.1,61.5,0.8,-1,-1,-1
1856,179,251.6,227.9,41.9,96.2,0.8,-1,-1,-1
1856,177,136.1,223.1,46.5,112.0,0.8,-1,-1,-1
1857,188,311.9,217.5,15.4,36.6,0.4,-1,-1,-1
1857,187,422.9,231.0,26.1,61.7,0.8,-1,-1,-1
1857,179,250.1,228.1,42.3,97.3,0.8,-1,-1,-1
1857,177,133.2,223.4,47.1,113.8,0.8,-1,-1,-1
1858,188,312.8,217.8,15.5,36.8,0.3,-1,-1,-1
1858,187,423.3,231.6,26.3,62.0,0.8,-1,-1,-1
1858,179,247.4,229.0,42.9,98.8,0.8,-1,-1,-1
1858,177,130.1,223.6,47.6,115.3,0.8,-1,-1,-1
1859,188,312.9,218.2,15.3,36.2,0.3,-1,-1,-1
1859,187,423.1,232.0,26.5,62.4,0.8,-1,-1,-1
1859,179,245.0,231.3,43.1,99.0,0.8,-1,-1,-1
1859,177,127.1,225.4,48.1,116.4,0.8,-1,-1,-1
1860,188,312.7,219.4,15.0,35.7,0.3,-1,-1,-1
1860,187,422.5,232.9,26.9,63.0,0.8,-1,-1,-1
1860,179,242.8,231.2,43.3,99.6,0.8,-1,-1,-1
1860,177,123.0,225.0,49.2,119.1,0.8,-1,-1,-1
1861,188,312.3,220.7,14.8,35.5,0.5,-1,-1,-1
1861,187,421.3,233.4,27.0,63.4,0.8,-1,-1,-1
1861,179,239.6,232.8,43.2,99.4,0.8,-1,-1,-1
1861,177,118.5,225.5,50.4,121.6,0.8,-1,-1,-1
1862,188,311.4,221.4,15.0,36.2,0.7,-1,-1,-1
1862,187,420.6,233.6,27.0,63.8,0.8,-1,-1,-1
1862,179,236.7,234.1,43.0,99.1,0.8,-1,-1,-1
1862,177,113.0,225.8,51.1,123.7,0.8,-1,-1,-1
1863,188,311.0,221.7,15.0,36.6,0.7,-1,-1,-1
1863,187,420.1,233.1,26.9,64.0,0.8,-1,-1,-1
1863,179,234.1,234.5,43.0,100.0,0.8,-1,-1,-1
1863,177,108.7,226.2,52.2,125.9,0.8,-1,-1,-1
1864,188,310.6,220.9,15.0,36.5,0.7,-1,-1,-1
1864,187,419.2,231.7,26.8,63.9,0.8,-1,-1,-1
1864,179,232.1,234.3,43.1,101.2,0.8,-1,-1,-1
1864,177,104.0,225.7,53.5,128.7,0.8,-1,-1,-1
1865,188,310.4,220.3,14.9,36.5,0.7,-1,-1,-1
1865,187,417.8,230.5,27.0,64.8,0.8,-1,-1,-1
1865,179,229.0,235.1,43.4,102.0,0.8,-1,-1,-1
1865,177,98.2,226.1,54.3,130.4,0.8,-1,-1,-1
1866,188,310.0,220.0,14.9,36.4,0.7,-1,-1,-1
1866,187,416.5,229.4,27.2,65.5,0.8,-1,-1,-1
1866,179,225.7,236.0,43.5,102.5,0.8,-1,-1,-1
1866,177,93.4,226.8,55.0,132.6,0.8,-1,-1,-1
1867,188,309.2,219.9,15.1,36.8,0.7,-1,-1,-1
1867,187,414.8,229.3,27.4,65.8,0.8,-1,-1,-1
1867,179,222.6,237.0,43.5,102.3,0.8,-1,-1,-1
1867,177,88.2,226.6,56.2,135.5,0.9,-1,-1,-1
1868,188,308.5,219.9,15.3,37.1,0.7,-1,-1,-1
1868,187,413.6,229.1,27.6,66.1,0.8,-1,-1,-1
1868,179,220.2,238.1,43.5,102.4,0.8,-1,-1,-1
1868,177,82.2,225.6,58.0,139.2,0.8,-1,-1,-1
1869,188,307.7,220.4,15.3,37.0,0.6,-1,-1,-1
1869,187,412.2,229.8,27.8,66.5,0.8,-1,-1,-1
1869,179,216.8,239.3,43.8,103.0,0.8,-1,-1,-1
1869,177,76.3,226.1,59.4,142.8,0.8,-1,-1,-1
1870,188,307.0,221.0,15.5,37.4,0.6,-1,-1,-1
1870,187,410.4,230.7,28.2,67.2,0.8,-1,-1,-1
1870,179,214.2,240.5,43.8,103.3,0.8,-1,-1,-1
1870,177,69.0,227.2,61.3,146.5,0.8,-1,-1,-1
1871,188,306.6,222.4,15.8,38.0,0.6,-1,-1,-1
1871,187,409.2,231.8,28.2,67.2,0.8,-1,-1,-1
1871,179,211.4,241.6,43.9,103.8,0.8,-1,-1,-1
1871,177,62.1,227.4,63.5,151.4,0.8,-1,-1,-1
1872,188,306.8,223.2,15.9,38.4,0.6,-1,-1,-1
1872,187,408.1,232.1,28.7,68.3,0.8,-1,-1,-1
1872,179,209.4,242.2,43.9,104.0,0.8,-1,-1,-1
1872,177,56.5,227.0,65.5,155.8,0.9,-1,-1,-1
1873,188,306.9,223.2,16.2,39.2,0.7,-1,-1,-1
1873,187,406.4,231.4,29.4,69.9,0.8,-1,-1,-1
1873,179,207.3,241.8,44.1,104.4,0.8,-1,-1,-1
1873,177,50.9,227.2,67.0,159.4,0.9,-1,-1,-1
1874,188,307.5,223.0,16.2,39.4,0.6,-1,-1,-1
1874,187,405.7,230.5,30.0,71.4,0.8,-1,-1,-1
1874,179,204.3,241.6,44.7,106.1,0.8,-1,-1,-1
1874,177,44.0,226.4,68.9,163.7,0.9,-1,-1,-1
1875,188,308.1,221.8,16.4,39.7,0.7,-1,-1,-1
1875,187,405.3,229.4,30.6,73.1,0.8,-1,-1,-1
1875,179,202.0,241.5,45.2,107.7,0.8,-1,-1,-1
1875,177,37.4,225.5,70.5,167.5,0.9,-1,-1,-1
1876,188,309.0,220.7,16.5,40.0,0.7,-1,-1,-1
1876,187,404.8,228.0,31.0,74.1,0.8,-1,-1,-1
1876,179,198.6,240.5,46.2,110.7,0.8,-1,-1,-1
1876,177,30.5,224.8,72.5,172.0,0.9,-1,-1,-1
1877,188,309.9,219.7,16.6,40.1,0.7,-1,-1,-1
1877,187,404.6,226.8,31.6,75.3,0.8,-1,-1,-1
1877,179,194.8,239.2,47.3,113.4,0.8,-1,-1,-1
1877,177,22.4,224.5,74.2,176.1,0.9,-1,-1,-1
1878,188,310.7,219.1,16.7,40.4,0.7,-1,-1,-1
1878,187,404.4,226.2,31.6,75.2,0.8,-1,-1,-1
1878,179,190.5,237.6,48.3,116.0,0.8,-1,-1,-1
1878,177,15.9,223.5,75.7,179.6,0.9,-1,-1,-1
1879,188,311.6,218.7,17.1,41.1,0.7,-1,-1,-1
1879,187,404.2,226.6,31.4,75.1,0.8,-1,-1,-1
1879,179,185.9,235.7,49.5,118.7,0.8,-1,-1,-1
1879,177,5.8,224.6,77.5,185.1,0.8,-1,-1,-1
1880,188,312.1,218.6,17.3,41.6,0.7,-1,-1,-1
1880,187,404.1,227.0,30.8,73.7,0.8,-1,-1,-1
1880,179,182.0,235.4,50.2,120.6,0.8,-1,-1,-1
1880,177,-0.1,224.2,77.2,189.7,0.7,-1,-1,-1
1881,188,312.9,218.7,17.6,42.1,0.7,-1,-1,-1
1881,187,404.0,227.6,31.2,74.6,0.8,-1,-1,-1
1881,179,177.4,235.2,50.8,121.9,0.8,-1,-1,-1
1881,177,-4.1,225.9,74.8,193.6,0.8,-1,-1,-1
1882,188,313.7,218.7,17.7,42.5,0.7,-1,-1,-1
1882,187,403.7,227.9,31.6,75.5,0.8,-1,-1,-1
1882,179,174.0,236.1,51.2,123.0,0.8,-1,-1,-1
1882,177,-6.2,225.5,71.1,198.6,0.6,-1,-1,-1
1883,188,314.3,218.9,17.8,42.9,0.7,-1,-1,-1
1883,187,403.1,227.4,31.4,75.1,0.8,-1,-1,-1
1883,179,170.0,237.1,51.7,124.4,0.8,-1,-1,-1
1883,177,-7.1,224.8,66.3,201.2,0.6,-1,-1,-1
1884,188,314.4,219.1,18.0,43.4,0.7,-1,-1,-1
1884,187,402.2,226.6,30.8,73.8,0.8,-1,-1,-1
1884,179,164.8,238.5,52.5,126.4,0.9,-1,-1,-1
1884,177,-6.9,224.1,62.1,202.1,0.6,-1,-1,-1
1885,188,314.5,219.3,18.1,43.4,0.7,-1,-1,-1
1885,187,401.3,226.2,30.5,73.2,0.8,-1,-1,-1
1885,179,160.0,239.3,53.1,127.9,0.9,-1,-1,-1
1885,177,-7.3,225.0,57.0,203.9,0.6,-1,-1,-1
1886,188,314.6,219.7,18.2,43.8,0.7,-1,-1,-1
1886,187,400.2,226.0,30.3,72.7,0.8,-1,-1,-1
1886,179,155.9,240.6,54.0,129.8,0.8,-1,-1,-1
1886,177,-7.9,223.4,50.8,209.4,0.4,-1,-1,-1
1887,188,314.8,219.7,18.2,44.0,0.7,-1,-1,-1
1887,187,399.2,226.1,30.2,72.7,0.8,-1,-1,-1
1887,179,152.1,241.2,54.5,130.7,0.9,-1,-1,-1
1887,177,-8.5,226.8,43.8,216.6,0.3,-1,-1,-1
1888,188,315.6,219.7,18.1,43.7,0.7,-1,-1,-1
1888,187,396.9,225.6,30.8,74.0,0.8,-1,-1,-1
1888,179,146.6,242.1,55.4,132.8,0.9,-1,-1,-1
1889,188,316.0,219.7,18.0,43.3,0.7,-1,-1,-1
1889,187,395.2,225.9,31.2,74.8,0.8,-1,-1,-1
1889,179,142.5,242.5,56.1,134.4,0.9,-1,-1,-1
1890,188,316.5,220.3,18.0,43.3,0.7,-1,-1,-1
1890,187,393.7,226.0,31.5,75.4,0.8,-1,-1,-1
1890,179,138.1,243.1,56.5,135.2,0.8,-1,-1,-1
1891,188,316.6,220.5,18.1,43.6,0.7,-1,-1,-1
1891,187,393.1,226.4,31.7,75.9,0.8,-1,-1,-1
1891,179,133.8,243.1,56.9,136.1,0.8,-1,-1,-1
1892,188,316.1,219.8,18.0,43.3,0.8,-1,-1,-1
1892,187,391.2,225.6,31.7,76.0,0.8,-1,-1,-1
1892,179,129.1,239.4,57.0,136.4,0.8,-1,-1,-1
1893,188,315.7,219.0,18.1,43.6,0.8,-1,-1,-1
1893,187,389.1,224.3,32.2,76.8,0.8,-1,-1,-1
1893,179,123.1,236.9,57.1,136.5,0.8,-1,-1,-1
1894,188,315.1,217.4,18.4,44.2,0.8,-1,-1,-1
1894,187,386.9,223.0,32.3,76.7,0.9,-1,-1,-1
1894,179,116.0,233.7,58.4,139.8,0.8,-1,-1,-1
1895,188,314.4,214.5,19.0,45.1,0.8,-1,-1,-1
1895,187,384.8,220.3,32.4,76.9,0.8,-1,-1,-1
1895,179,108.5,229.9,59.8,143.5,0.8,-1,-1,-1
1896,188,313.5,211.7,19.0,45.3,0.8,-1,-1,-1
1896,187,382.9,218.0,32.6,77.4,0.8,-1,-1,-1
1896,179,100.3,225.6,60.7,145.4,0.8,-1,-1,-1
1897,188,312.1,210.1,18.9,45.2,0.7,-1,-1,-1
1897,187,380.4,215.6,32.8,78.0,0.9,-1,-1,-1
1897,179,93.1,224.0,61.7,148.1,0.8,-1,-1,-1
1898,188,310.5,209.4,18.5,44.6,0.3,-1,-1,-1
1898,187,377.8,214.9,33.0,78.4,0.8,-1,-1,-1
1898,179,84.3,224.8,62.1,148.1,0.8,-1,-1,-1
1899,188,308.3,210.4,18.2,44.1,0.4,-1,-1,-1
1899,187,375.2,215.2,32.7,78.2,0.8,-1,-1,-1
1899,179,75.2,226.3,63.1,151.2,0.8,-1,-1,-1
1900,187,372.1,216.7,32.9,78.4,0.9,-1,-1,-1
1900,179,65.4,228.4,64.3,154.2,0.8,-1,-1,-1
1901,187,369.1,217.6,33.1,78.8,0.8,-1,-1,-1
1901,179,55.4,229.3,65.8,158.5,0.8,-1,-1,-1
1902,187,366.1,218.9,33.1,79.1,0.8,-1,-1,-1
1902,179,43.8,231.4,68.4,164.0,0.8,-1,-1,-1
1903,187,363.3,220.1,33.0,78.9,0.8,-1,-1,-1
1903,179,32.0,232.4,70.9,169.2,0.8,-1,-1,-1
1904,187,360.7,220.7,32.8,78.8,0.8,-1,-1,-1
1904,179,21.7,233.7,71.7,171.4,0.8,-1,-1,-1
1905,187,357.2,221.0,32.9,79.1,0.8,-1,-1,-1
1905,179,11.1,236.0,73.7,175.6,0.8,-1,-1,-1
1906,187,354.4,222.5,33.0,79.3,0.8,-1,-1,-1
1906,179,3.5,237.9,74.2,179.6,0.8,-1,-1,-1
1907,187,351.2,223.5,33.4,80.3,0.8,-1,-1,-1
1907,179,-3.0,240.9,71.9,184.2,0.8,-1,-1,-1
1908,187,347.7,225.2,33.9,81.4,0.9,-1,-1,-1
1908,179,-5.6,241.3,69.1,179.6,0.8,-1,-1,-1
1909,187,343.5,227.5,34.5,82.8,0.8,-1,-1,-1
1909,179,-7.2,246.2,64.3,177.0,0.6,-1,-1,-1
1910,187,339.4,230.9,34.8,83.5,0.9,-1,-1,-1
1910,179,-8.7,252.6,58.0,175.4,0.3,-1,-1,-1
1911,187,336.3,234.1,34.8,83.6,0.8,-1,-1,-1
1912,187,333.6,236.6,34.9,83.6,0.8,-1,-1,-1
1913,187,332.6,238.9,34.8,83.4,0.8,-1,-1,-1
1914,187,331.6,239.3,34.8,83.5,0.8,-1,-1,-1
1915,187,330.0,238.1,35.0,83.9,0.8,-1,-1,-1
1916,187,328.4,236.9,35.3,84.6,0.8,-1,-1,-1
1917,187,325.8,235.6,35.6,85.1,0.8,-1,-1,-1
1918,187,323.7,234.4,36.1,86.5,0.8,-1,-1,-1
1919,187,321.8,233.1,36.8,88.2,0.8,-1,-1,-1
1920,187,321.3,232.4,37.3,89.4,0.8,-1,-1,-1
1921,187,321.3,232.0,37.7,90.4,0.8,-1,-1,-1
1922,187,321.9,231.1,38.3,91.5,0.8,-1,-1,-1
1923,187,322.8,230.1,39.0,92.8,0.8,-1,-1,-1
1924,187,323.0,229.3,39.7,94.3,0.8,-1,-1,-1
1925,187,323.0,229.0,40.3,95.9,0.8,-1,-1,-1
1926,187,323.1,229.0,40.8,97.2,0.8,-1,-1,-1
1927,187,324.8,228.7,41.3,98.8,0.8,-1,-1,-1
1928,187,327.5,228.5,42.2,100.5,0.9,-1,-1,-1
1929,187,331.8,228.7,42.6,101.7,0.9,-1,-1,-1
1930,187,336.8,228.1,43.1,103.3,0.8,-1,-1,-1
1931,187,341.8,227.8,43.7,104.8,0.9,-1,-1,-1
1932,187,346.3,227.9,44.2,106.1,0.9,-1,-1,-1
1933,187,351.0,227.1,45.0,108.0,0.8,-1,-1,-1
1934,187,357.2,226.7,45.5,109.4,0.9,-1,-1,-1
1935,187,362.6,226.7,46.3,111.1,0.9,-1,-1,-1
1936,187,371.2,226.4,47.0,113.0,0.9,-1,-1,-1
1937,187,376.0,226.6,47.6,114.2,0.9,-1,-1,-1
1938,187,382.0,227.3,48.4,115.8,0.9,-1,-1,-1
1939,187,388.0,227.4,49.0,117.6,0.9,-1,-1,-1
1940,187,394.0,228.1,49.8,119.6,0.9,-1,-1,-1
1941,187,403.1,229.2,50.9,122.3,0.9,-1,-1,-1
1942,187,409.8,230.2,52.0,125.3,0.9,-1,-1,-1
1943,187,417.3,231.1,52.9,127.8,0.9,-1,-1,-1
1944,187,426.6,232.5,54.2,130.9,0.9,-1,-1,-1
1945,187,435.6,233.2,55.3,133.6,0.9,-1,-1,-1
1946,187,442.8,233.7,56.2,135.5,0.9,-1,-1,-1
1947,192,378.4,226.0,20.5,48.7,0.5,-1,-1,-1
1947,187,450.6,234.0,56.9,137.1,0.9,-1,-1,-1
1948,192,385.4,226.8,20.1,48.2,0.5,-1,-1,-1
1948,187,459.0,234.4,57.5,138.5,0.9,-1,-1,-1
1949,192,391.1,226.3,20.6,49.4,0.3,-1,-1,-1
1949,187,466.4,234.6,57.8,139.9,0.9,-1,-1,-1
1950,192,397.3,226.5,21.4,52.0,0.6,-1,-1,-1
1950,187,474.9,235.6,58.4,141.3,0.9,-1,-1,-1
1951,192,404.3,226.4,21.5,52.0,0.7,-1,-1,-1
1951,187,485.3,235.3,59.2,143.4,0.9,-1,-1,-1
1952,192,412.0,226.3,22.4,54.3,0.6,-1,-1,-1
1952,187,496.2,235.2,60.2,146.2,0.9,-1,-1,-1
1953,192,418.9,226.2,22.5,54.3,0.5,-1,-1,-1
1953,187,506.4,235.6,61.2,149.0,0.9,-1,-1,-1
1954,187,518.1,237.5,63.1,152.9,0.9,-1,-1,-1
1955,187,528.0,238.5,64.4,156.2,0.8,-1,-1,-1
1956,187,535.3,239.1,65.8,159.4,0.9,-1,-1,-1
1957,187,543.1,239.6,67.1,162.2,0.8,-1,-1,-1
1958,187,552.3,241.0,68.1,164.6,0.9,-1,-1,-1
1959,187,564.4,241.5,68.9,166.7,0.8,-1,-1,-1
1960,187,571.7,241.2,69.0,169.2,0.8,-1,-1,-1
1961,187,582.1,241.7,64.4,170.7,0.8,-1,-1,-1
1962,187,591.0,242.2,58.2,172.1,0.8,-1,-1,-1
1963,193,483.1,227.0,20.3,48.6,0.7,-1,-1,-1
1963,187,599.8,245.3,50.6,171.3,0.8,-1,-1,-1
1964,193,485.9,226.8,20.7,49.2,0.6,-1,-1,-1
1964,187,608.0,250.7,42.8,169.0,0.3,-1,-1,-1
1965,193,488.1,227.8,20.7,49.8,0.4,-1,-1,-1
1966,193,490.6,225.8,22.0,52.6,0.4,-1,-1,-1
1967,193,493.5,223.3,23.2,53.1,0.3,-1,-1,-1
2005,195,385.5,223.4,20.4,49.4,0.3,-1,-1,-1
2006,195,388.0,222.4,21.7,52.1,0.4,-1,-1,-1
2007,197,495.1,233.7,39.1,96.0,0.7,-1,-1,-1
2007,195,389.4,222.9,22.0,52.8,0.4,-1,-1,-1
2008,197,499.2,233.2,41.0,98.8,0.8,-1,-1,-1
2008,195,390.4,223.2,21.8,53.3,0.5,-1,-1,-1
2009,197,502.5,232.4,42.5,99.6,0.8,-1,-1,-1
2009,195,390.9,222.8,21.3,52.8,0.6,-1,-1,-1
2010,197,505.7,232.0,44.2,103.1,0.8,-1,-1,-1
2010,195,391.5,221.7,21.7,53.8,0.6,-1,-1,-1
2011,197,507.3,231.7,45.4,105.4,0.8,-1,-1,-1
2011,195,392.2,220.7,22.1,55.1,0.6,-1,-1,-1
2012,197,510.8,230.6,46.7,107.5,0.8,-1,-1,-1
2012,195,392.8,219.7,22.6,56.5,0.6,-1,-1,-1
2013,197,514.3,229.3,47.4,110.4,0.8,-1,-1,-1
2013,195,394.9,217.4,23.2,57.7,0.5,-1,-1,-1
2014,197,517.8,229.5,48.2,112.4,0.8,-1,-1,-1
2014,195,395.7,217.4,23.5,58.5,0.6,-1,-1,-1
2015,197,520.0,230.7,49.3,114.5,0.8,-1,-1,-1
2016,198,399.3,220.2,23.9,59.7,0.6,-1,-1,-1
2016,197,522.7,232.5,50.2,116.9,0.8,-1,-1,-1
2017,198,400.8,222.9,23.1,58.9,0.6,-1,-1,-1
2017,197,526.3,234.1,51.0,118.7,0.8,-1,-1,-1
2018,198,403.2,224.8,23.3,58.6,0.6,-1,-1,-1
2018,197,530.7,236.3,51.7,120.8,0.8,-1,-1,-1
2019,198,405.2,226.4,23.7,59.2,0.7,-1,-1,-1
2019,197,534.8,238.2,52.0,121.8,0.8,-1,-1,-1
2020,198,406.7,227.2,23.7,59.0,0.7,-1,-1,-1
2020,197,538.0,238.8,52.4,123.5,0.8,-1,-1,-1
